dataset,method,params,split,privacy_exact_mean_reciprocal_rank,privacy_exact_accuracy,privacy_full_mean_reciprocal_rank,privacy_full_accuracy,privacy_more_mean_reciprocal_rank,privacy_more_accuracy,utility_country_acc,utility_country_macro_f1,utility_country_f1,utility_year_acc,utility_year_macro_mae,utility_year_mae,utility_utility_ordinal_raw_mae,utility__utility_ordinal_raw_count,utility_utility_nominal_raw_acc,utility__utility_nominal_raw_count,pseudo_utility_country_acc,pseudo_utility_country_macro_f1,pseudo_utility_country_f1,pseudo_utility_year_acc,pseudo_utility_year_macro_mae,pseudo_utility_year_mae,pseudo_utility_utility_ordinal_raw_mae,pseudo_utility__utility_ordinal_raw_count,pseudo_utility_utility_nominal_raw_acc,pseudo_utility__utility_nominal_raw_count,divergence_bertscore,divergence_cosine,runtime_avg_anon_time_s,utility_country_dummy_strategy,utility_year_dummy_strategy,pseudo_utility_country_dummy_strategy,pseudo_utility_year_dummy_strategy,utility_country_baseline_acc,utility_country_baseline_macro_f1,utility_country_baseline_f1,utility_country_dummy_acc,utility_year_baseline_acc,utility_year_baseline_macro_mae,utility_year_baseline_mae,utility_year_dummy_mae,pseudo_utility_country_baseline_acc,pseudo_utility_country_baseline_macro_f1,pseudo_utility_country_baseline_f1,pseudo_utility_country_dummy_acc,pseudo_utility_year_baseline_acc,pseudo_utility_year_baseline_macro_mae,pseudo_utility_year_baseline_mae,pseudo_utility_year_dummy_mae,divergence_pp,runtime_anon_total_time_s,runtime_anon_texts_processed,runtime_bk_gen_total_time_s,runtime_deid_total_time_s,runtime_risk_total_time_s,runtime_train_total_time_s,runtime_real_anon_total_time_s
tab,baseline,{},,0.895139275971541,0.8503937007874016,0.8420791258398201,0.8095238095238095,0.9056791854629719,0.8818897637795275,0.9881703470031545,0.975727046579007,0.975727046579007,0.26419558359621453,1.6918436061994298,1.641167192429022,1.6665053993142256,2536.0,0.9881703470031545,1268.0,0.9929022082018928,0.9867838612143381,0.9867838612143381,0.2476340694006309,1.7919841745038778,1.75,1.7709920872519387,2536,0.9929022082018928,1268,0.0,0.0,0.0,,,,,,,,,,,,,,,,,,,,,,,,,,,,
tab,baseline,{},test,0.895139275971541,0.8503937007874016,,,0.9056791854629719,0.8818897637795275,,,,,,,,,,,0.9929022082018928,0.9867838612143381,0.9867838612143381,0.2476340694006309,1.7919841745038778,1.75,1.7709920872519387,2536,0.9929022082018928,1268,0.0,0.0,0.0,,,,,,,,,,,,,,,,,,,,,,,,,,,,
tab,dummy,{},,0.042719170020387186,0.007874015748031496,0.006090541064538947,0.0007886435331230284,0.042719170020387186,0.007874015748031496,0.32965299684542587,,,,,2.2996845425867507,2.2996845425867507,1268.0,0.32965299684542587,1268.0,0.32965299684542587,,,,,2.2996845425867507,2.2996845425867507,1268,0.32965299684542587,1268,1.0,1.0,,mode,median,mode,median,,,,,,,,,,,,,,,,,,,,,,,,
tab,dummy,{},test,0.042719170020387186,0.007874015748031496,0.006090541064538947,0.0007886435331230284,0.042719170020387186,0.007874015748031496,,,,,,,,,,,0.32965299684542587,,,,,2.2996845425867507,2.2996845425867507,1268,0.32965299684542587,1268,1.0,1.0,,,,mode,median,,,,,,,,,,,,,,,,,,,,,,,,
tab,presidio,{},,0.7934746160776729,0.7086614173228346,0.6869911877511305,0.5952380952380952,0.8122247225917191,0.7401574803149606,0.9511041009463722,0.8858737795612729,0.8858737795612729,0.25709779179810727,1.8097974517590738,1.7697160883280758,1.7897567700435748,2536.0,0.9511041009463722,1268.0,0.9652996845425867,0.9268545952552216,0.9268545952552216,0.20425867507886436,1.948821499993243,1.9534700315457414,1.9511457657694924,2536,0.9652996845425867,1268,0.061723383020151304,0.08740905820383259,0.10097003154574133,mode,median,mode,median,0.9881703470031545,0.975727046579007,0.975727046579007,0.32965299684542587,0.26419558359621453,1.6918436061994298,1.641167192429022,2.2996845425867507,0.9929022082018928,0.9867838612143381,0.9867838612143381,0.32965299684542587,0.2476340694006309,1.7919841745038778,1.75,2.2996845425867507,0.0,128.03,1268.0,0.0,0.0,0.0,0.0,128.03
tab,presidio,{},test,0.7934746160776729,0.7086614173228346,,,0.8122247225917191,0.7401574803149606,,,,,,,,,,,0.968503937007874,0.9600484261501211,0.9600484261501211,0.15748031496062992,2.5852633323860945,2.283464566929134,2.434363949657614,2536,0.968503937007874,1268,,,,,,mode,median,,,,,,,,,0.9929022082018928,0.9867838612143381,0.9867838612143381,0.32965299684542587,0.2476340694006309,1.7919841745038778,1.75,2.2996845425867507,,,,,,,,
tab,spacy,{},,0.4127083242545698,0.3228346456692913,0.37895097412558837,0.30158730158730157,0.510929294866203,0.4330708661417323,0.5615141955835962,0.29436043171008525,0.29436043171008525,0.25709779179810727,1.9492006014051348,1.91403785488959,1.9316192281473623,2536.0,0.5615141955835962,1268.0,0.36514195583596215,0.3280478305807188,0.3280478305807188,0.20268138801261829,2.1567903050136072,2.1821766561514195,2.169483480582513,2536,0.36514195583596215,1268,0.10353014728624362,0.21621918527861875,0.11156940063091482,mode,median,mode,median,0.9881703470031545,0.975727046579007,0.975727046579007,0.32965299684542587,0.26419558359621453,1.6918436061994298,1.641167192429022,2.2996845425867507,0.9929022082018928,0.9867838612143381,0.9867838612143381,0.32965299684542587,0.2476340694006309,1.7919841745038778,1.75,2.2996845425867507,0.0,141.47,1268.0,0.0,0.0,0.0,0.0,141.47
tab,dpbart,{'epsilon': 10},,0.04136988001652605,0.007874015748031496,0.013517714513448251,0.007936507936507936,0.043318553930395194,0.007874015748031496,0.3415213946117274,0.1115248637843661,0.1115248637843661,0.10697305863708399,2.2159181752881127,2.268621236133122,2.2422697057106173,2536.0,0.3415213946117274,1268.0,0.16164817749603805,0.08403776458355039,0.08403776458355039,0.08795562599049128,2.4853060511653977,2.525356576862124,2.5053313140137607,2536,0.16164817749603805,1268,0.300096651359141,0.8695345364898265,3.30807570977918,mode,median,mode,median,0.9881703470031545,0.975727046579007,0.975727046579007,0.32965299684542587,0.26419558359621453,1.6918436061994298,1.641167192429022,2.2996845425867507,0.9929022082018928,0.9867838612143381,0.9867838612143381,0.32965299684542587,0.2476340694006309,1.7919841745038778,1.75,2.2996845425867507,,4194.64,1268.0,0.0,0.0,0.0,0.0,4194.64
tab,dpbart,{'epsilon': 25},,0.03405682561241427,0.0,0.006322666752770188,0.0,0.05152371628848839,0.015748031496062992,0.33043478260869563,0.09909411592848127,0.09909411592848127,0.10434782608695652,2.245167623440533,2.309090909090909,2.277129266265721,2536.0,0.33043478260869563,1268.0,0.16758893280632411,0.08387938003712804,0.08387938003712804,0.10513833992094862,2.3546279571433466,2.423715415019763,2.3891716860815553,2536,0.16758893280632411,1268,0.2970322013372489,0.86545534033297,2.2704258675078863,mode,median,mode,median,0.9881703470031545,0.975727046579007,0.975727046579007,0.32965299684542587,0.26419558359621453,1.6918436061994298,1.641167192429022,2.2996845425867507,0.9929022082018928,0.9867838612143381,0.9867838612143381,0.32965299684542587,0.2476340694006309,1.7919841745038778,1.75,2.2996845425867507,,2878.9,1268.0,0.0,0.0,0.0,0.0,2878.9
tab,dpbart,{'epsilon': 50},,0.059276908821979515,0.023622047244094488,0.009401021290702275,0.0,0.04486168444632699,0.007874015748031496,0.3257097791798107,0.08775416353782838,0.08775416353782838,0.09700315457413249,2.2591086267730396,2.3162460567823344,2.287677341777687,2536.0,0.3257097791798107,1268.0,0.1632492113564669,0.07501757537546094,0.07501757537546094,0.11750788643533124,2.409952923521518,2.4834384858044163,2.446695704662967,2536,0.1632492113564669,1268,0.28589777037360314,0.7880932345801094,2.453280757097792,mode,median,mode,median,0.9881703470031545,0.975727046579007,0.975727046579007,0.32965299684542587,0.26419558359621453,1.6918436061994298,1.641167192429022,2.2996845425867507,0.9929022082018928,0.9867838612143381,0.9867838612143381,0.32965299684542587,0.2476340694006309,1.7919841745038778,1.75,2.2996845425867507,,3110.76,1268.0,0.0,0.0,0.0,0.0,3110.76
tab,dpbart,{'epsilon': 100},,0.051262765186953274,0.015748031496062992,0.0069879937578959305,0.0,0.049930682636585316,0.007874015748031496,0.40930599369085174,0.20660150031378,0.20660150031378,0.21293375394321767,2.0701502228199726,2.0962145110410093,2.083182366930491,2536.0,0.40930599369085174,1268.0,0.2531545741324921,0.18217160209081085,0.18217160209081085,0.13485804416403785,3.194869530146607,3.2397476340694005,3.2173085821080036,2536,0.2531545741324921,1268,0.2146950884008257,0.4327703413644612,3.0269716088328074,mode,median,mode,median,0.9881703470031545,0.975727046579007,0.975727046579007,0.32965299684542587,0.26419558359621453,1.6918436061994298,1.641167192429022,2.2996845425867507,0.9929022082018928,0.9867838612143381,0.9867838612143381,0.32965299684542587,0.2476340694006309,1.7919841745038778,1.75,2.2996845425867507,,3838.2,1268.0,0.0,0.0,0.0,0.0,3838.2
tab,dpbart,{'epsilon': 250},,0.07360505772241607,0.031496062992125984,0.014637505358114838,0.0,0.0756211035022668,0.023622047244094488,0.37933753943217663,0.14902764787551823,0.14902764787551823,0.21214511041009465,2.369742986304532,2.3533123028391167,2.361527644571824,2536.0,0.37933753943217663,1268.0,0.31545741324921134,0.24620844331785285,0.24620844331785285,0.16246056782334384,2.6979254619225372,2.745268138801262,2.7215968003618998,2536,0.31545741324921134,1268,0.2024301909121805,0.3855564525638845,3.413785488958991,mode,median,mode,median,0.9881703470031545,0.975727046579007,0.975727046579007,0.32965299684542587,0.26419558359621453,1.6918436061994298,1.641167192429022,2.2996845425867507,0.9929022082018928,0.9867838612143381,0.9867838612143381,0.32965299684542587,0.2476340694006309,1.7919841745038778,1.75,2.2996845425867507,,4328.68,1268.0,0.0,0.0,0.0,0.0,4328.68
tab,dpparaphrase,{'epsilon': 10},,0.06385782874864197,0.023622047244094488,0.019973349700174798,0.007936507936507936,0.08454333623550161,0.03937007874015748,0.5291798107255521,0.28432135924447643,0.28432135924447643,0.11198738170347003,2.251146899203985,2.2941640378548898,2.2726554685294373,2536.0,0.5291798107255521,1268.0,0.5181388012618297,0.49979612546649294,0.49979612546649294,0.12697160883280756,3.5180654042499064,3.4897476340694005,3.5039065191596537,2536,0.5181388012618297,1268,0.2749500231881999,0.6040945363639375,11.587358044164038,mode,median,mode,median,0.9881703470031545,0.975727046579007,0.975727046579007,0.32965299684542587,0.26419558359621453,1.6918436061994298,1.641167192429022,2.2996845425867507,0.9929022082018928,0.9867838612143381,0.9867838612143381,0.32965299684542587,0.2476340694006309,1.7919841745038778,1.75,2.2996845425867507,,14692.77,1268.0,0.0,0.0,0.0,0.0,14692.77
tab,dpparaphrase,{'epsilon': 25},,0.061645182791642356,0.015748031496062992,0.015108272894661073,0.0,0.07358967960919192,0.015748031496062992,0.4313880126182965,0.18206362357149433,0.18206362357149433,0.1056782334384858,2.3000997031809076,2.3446372239747633,2.3223684635778357,2536.0,0.4313880126182965,1268.0,0.5378548895899053,0.5192078666374916,0.5192078666374916,0.12302839116719243,3.5350630999909067,3.501577287066246,3.518320193528576,2536,0.5378548895899053,1268,0.2739570086310715,0.5990549307081507,14.13653785488959,mode,median,mode,median,0.9881703470031545,0.975727046579007,0.975727046579007,0.32965299684542587,0.26419558359621453,1.6918436061994298,1.641167192429022,2.2996845425867507,0.9929022082018928,0.9867838612143381,0.9867838612143381,0.32965299684542587,0.2476340694006309,1.7919841745038778,1.75,2.2996845425867507,,17925.13,1268.0,0.0,0.0,0.0,0.0,17925.13
tab,dpparaphrase,{'epsilon': 50},,0.06199650428320769,0.015748031496062992,0.01956747698503728,0.0,0.0905205993532008,0.03937007874015748,0.47397476340694006,0.2094700624169603,0.2094700624169603,0.12933753943217666,2.225311410495758,2.2705047318611986,2.2479080711784785,2536.0,0.47397476340694006,1268.0,0.5165615141955836,0.49085478972745616,0.49085478972745616,0.1332807570977918,3.5656283449415205,3.52602523659306,3.5458267907672902,2536,0.5165615141955836,1268,0.2684316583894405,0.5886657752554969,14.246971608832807,mode,median,mode,median,0.9881703470031545,0.975727046579007,0.975727046579007,0.32965299684542587,0.26419558359621453,1.6918436061994298,1.641167192429022,2.2996845425867507,0.9929022082018928,0.9867838612143381,0.9867838612143381,0.32965299684542587,0.2476340694006309,1.7919841745038778,1.75,2.2996845425867507,,18065.16,1268.0,0.0,0.0,0.0,0.0,18065.16
tab,dpparaphrase,{'epsilon': 100},,0.07660408691031267,0.023622047244094488,0.01869463385990282,0.0,0.09862081061657119,0.031496062992125984,0.42981072555205047,0.1799287177063642,0.1799287177063642,0.09069400630914827,2.2059115276000507,2.2570977917981074,2.231504659699079,2536.0,0.42981072555205047,1268.0,0.5473186119873817,0.5144036864232352,0.5144036864232352,0.13170347003154576,3.681134552997599,3.639589905362776,3.6603622291801874,2536,0.5473186119873817,1268,0.25587325808753725,0.5767119860258952,14.349637223974764,mode,median,mode,median,0.9881703470031545,0.975727046579007,0.975727046579007,0.32965299684542587,0.26419558359621453,1.6918436061994298,1.641167192429022,2.2996845425867507,0.9929022082018928,0.9867838612143381,0.9867838612143381,0.32965299684542587,0.2476340694006309,1.7919841745038778,1.75,2.2996845425867507,,18195.34,1268.0,0.0,0.0,0.0,0.0,18195.34
tab,dpparaphrase,{'epsilon': 250},,0.12233380034258846,0.05511811023622047,0.032867673498598496,0.007936507936507936,0.112857893597224,0.047244094488188976,0.3722397476340694,0.13826883546890192,0.13826883546890192,0.10173501577287067,2.2059199705670913,2.2610410094637223,2.233480490015407,2536.0,0.3722397476340694,1268.0,0.471608832807571,0.4409564549350122,0.4409564549350122,0.14511041009463724,2.9736413807371163,2.9605678233438484,2.9671046020404823,2536,0.471608832807571,1268,0.23989395477606296,0.5710473046153314,11.536246056782334,mode,median,mode,median,0.9881703470031545,0.975727046579007,0.975727046579007,0.32965299684542587,0.26419558359621453,1.6918436061994298,1.641167192429022,2.2996845425867507,0.9929022082018928,0.9867838612143381,0.9867838612143381,0.32965299684542587,0.2476340694006309,1.7919841745038778,1.75,2.2996845425867507,,14627.96,1268.0,0.0,0.0,0.0,0.0,14627.96
tab,dpprompt,{'epsilon': 10},,0.038651609216754944,0.0,0.006358178985058607,0.0,0.03925196590348219,0.0,0.32991318074191,0.08269040553907023,0.08269040553907023,0.11286503551696922,2.2029285679047907,2.2675611681136543,2.2352448680092225,2536.0,0.32991318074191,1268.0,0.1468034727703236,0.060249632892804696,0.060249632892804696,0.11602209944751381,3.9152896286919616,3.865824782951855,3.8905572058219082,2536,0.1468034727703236,1268,0.29346098740832866,0.8370056300892273,14.938036277602524,mode,median,mode,median,0.9881703470031545,0.975727046579007,0.975727046579007,0.32965299684542587,0.26419558359621453,1.6918436061994298,1.641167192429022,2.2996845425867507,0.9929022082018928,0.9867838612143381,0.9867838612143381,0.32965299684542587,0.2476340694006309,1.7919841745038778,1.75,2.2996845425867507,,18941.43,1268.0,0.0,0.0,0.0,0.0,18941.43
tab,dpprompt,{'epsilon': 25},,0.04481143682245943,0.0,0.00928182666184177,0.0,0.05594485982632253,0.015748031496062992,0.330173775671406,0.08273950910530482,0.08273950910530482,0.09794628751974724,2.2133362791015063,2.2859399684044233,2.249638123752965,2536.0,0.330173775671406,1268.0,0.16903633491311215,0.09113538000828371,0.09113538000828371,0.12717219589257503,3.676730152857446,3.637440758293839,3.6570854555756425,2536,0.16903633491311215,1268,0.2839882642171959,0.8220017093820806,7.255417981072556,mode,median,mode,median,0.9881703470031545,0.975727046579007,0.975727046579007,0.32965299684542587,0.26419558359621453,1.6918436061994298,1.641167192429022,2.2996845425867507,0.9929022082018928,0.9867838612143381,0.9867838612143381,0.32965299684542587,0.2476340694006309,1.7919841745038778,1.75,2.2996845425867507,,9199.87,1268.0,0.0,0.0,0.0,0.0,9199.87
tab,dpprompt,{'epsilon': 50},,0.1237491421393349,0.06299212598425197,0.09652503574342386,0.07142857142857142,0.16407100405638125,0.09448818897637795,0.3557312252964427,0.11717468325516454,0.11717468325516454,0.1225296442687747,2.1006969887056464,2.166798418972332,2.133747703838989,2536.0,0.3557312252964427,1268.0,0.4126482213438735,0.40681143809839115,0.40681143809839115,0.14703557312252966,2.5442609115393298,2.5731225296442686,2.5586917205917996,2536,0.4126482213438735,1268,0.20917289855451923,0.7926682852923671,0.3756309148264984,mode,median,mode,median,0.9881703470031545,0.975727046579007,0.975727046579007,0.32965299684542587,0.26419558359621453,1.6918436061994298,1.641167192429022,2.2996845425867507,0.9929022082018928,0.9867838612143381,0.9867838612143381,0.32965299684542587,0.2476340694006309,1.7919841745038778,1.75,2.2996845425867507,,476.3,1268.0,0.0,0.0,0.0,0.0,476.3
tab,dpprompt,{'epsilon': 100},,0.16477848998068936,0.09448818897637795,0.12551557913418396,0.0873015873015873,0.20957836334845226,0.14173228346456693,0.4321966693100714,0.1928987779036256,0.1928987779036256,0.1514670896114195,2.058458671716002,2.1149881046788264,2.086723388197414,2536.0,0.4321966693100714,1268.0,0.4091990483743061,0.3873428294559744,0.3873428294559744,0.16653449643140364,2.4673341555190302,2.501189532117367,2.484261843818199,2536,0.40919904837430615,1268,0.189114141662758,0.7552455696431956,0.5326656151419558,mode,median,mode,median,0.9881703470031545,0.975727046579007,0.975727046579007,0.32965299684542587,0.26419558359621453,1.6918436061994298,1.641167192429022,2.2996845425867507,0.9929022082018928,0.9867838612143381,0.9867838612143381,0.32965299684542587,0.2476340694006309,1.7919841745038778,1.75,2.2996845425867507,,675.42,1268.0,0.0,0.0,0.0,0.0,675.42
tab,dpprompt,{'epsilon': 250},,0.17303071716676918,0.09448818897637795,0.16313438842758798,0.10317460317460317,0.2518324358108691,0.1968503937007874,0.424,0.18297222124930565,0.18297222124930565,0.112,2.1040351557980745,2.1696,2.1368175778990373,2536.0,0.42399999999999993,1268.0,0.4056,0.38901582519124905,0.38901582519124905,0.176,2.5212497266675573,2.5624,2.5418248633337788,2536,0.40559999999999996,1268,0.18709234619140624,0.7526061232697219,0.7618927444794953,mode,median,mode,median,0.9881703470031545,0.975727046579007,0.975727046579007,0.32965299684542587,0.26419558359621453,1.6918436061994298,1.641167192429022,2.2996845425867507,0.9929022082018928,0.9867838612143381,0.9867838612143381,0.32965299684542587,0.2476340694006309,1.7919841745038778,1.75,2.2996845425867507,,966.08,1268.0,0.0,0.0,0.0,0.0,966.08
tab,dpmlm_uniform,{'epsilon': 10},,0.04527847070241319,0.007874015748031496,0.015989332377936094,0.007936507936507936,0.04981333280948282,0.015748031496062992,0.32965299684542587,0.0826413602214314,0.0826413602214314,0.1474763406940063,1.8602906850086087,1.8698738170347002,1.8650822510216545,2536.0,0.32965299684542587,1268.0,0.1719242902208202,0.05360064352682079,0.05360064352682079,0.11908517350157728,3.179057696784498,3.142744479495268,3.1609010881398825,2536,0.1719242902208202,1268,0.28703118555177276,0.6587179829410574,77.84388012618297,mode,median,mode,median,0.9881703470031545,0.975727046579007,0.975727046579007,0.32965299684542587,0.26419558359621453,1.6918436061994298,1.641167192429022,2.2996845425867507,0.9929022082018928,0.9867838612143381,0.9867838612143381,0.32965299684542587,0.2476340694006309,1.7919841745038778,1.75,2.2996845425867507,1.0,98706.04,1268.0,0.0,0.0,0.0,0.0,98706.04
tab,dpmlm_uniform,{'epsilon': 25},,0.1122403271749159,0.031496062992125984,0.10482310918178324,0.06349206349206349,0.20196558881741566,0.11811023622047244,0.5583596214511041,0.2622855072623523,0.2622855072623523,0.23264984227129337,1.7592718583700824,1.7429022082018928,1.7510870332859876,2536.0,0.5583596214511041,1268.0,0.5520504731861199,0.43534792894665264,0.43534792894665264,0.13722397476340695,1.953381333547525,1.9542586750788644,1.9538200043131948,2536,0.5520504731861199,1268,0.2156980445708386,0.2901052060046407,87.89133280757099,mode,median,mode,median,0.9881703470031545,0.975727046579007,0.975727046579007,0.32965299684542587,0.26419558359621453,1.6918436061994298,1.641167192429022,2.2996845425867507,0.9929022082018928,0.9867838612143381,0.9867838612143381,0.32965299684542587,0.2476340694006309,1.7919841745038778,1.75,2.2996845425867507,0.9970015824012793,111446.21,1268.0,0.0,0.0,0.0,0.0,111446.21
tab,dpmlm_uniform,{'epsilon': 50},,0.5058442317972698,0.36220472440944884,0.3924987681724817,0.30952380952380953,0.565228809753404,0.47244094488188976,0.8974763406940063,0.7208735547125978,0.7208735547125978,0.25630914826498424,1.7734213814595776,1.7460567823343849,1.7597390818969814,2536.0,0.8974763406940063,1268.0,0.8730283911671924,0.8213805967717552,0.8213805967717552,0.2547318611987382,1.6096851103806444,1.6025236593059937,1.606104384843319,2536,0.8730283911671924,1268,0.1631442539229378,0.16339142564155326,79.51164037854889,mode,median,mode,median,0.9881703470031545,0.975727046579007,0.975727046579007,0.32965299684542587,0.26419558359621453,1.6918436061994298,1.641167192429022,2.2996845425867507,0.9929022082018928,0.9867838612143381,0.9867838612143381,0.32965299684542587,0.2476340694006309,1.7919841745038778,1.75,2.2996845425867507,0.8782382050724704,100820.76,1268.0,0.0,0.0,0.0,0.0,100820.76
tab,dpmlm_uniform,{'epsilon': 100},,0.5481004936554479,0.41732283464566927,0.41546242914772336,0.31746031746031744,0.5804599420463659,0.49606299212598426,0.9463722397476341,0.8858540733383075,0.8858540733383075,0.24684542586750788,1.789341020992893,1.7665615141955835,1.7779512675942384,2536.0,0.9463722397476341,1268.0,0.9148264984227129,0.8770685806453945,0.8770685806453945,0.2618296529968454,1.6224820735702732,1.612776025236593,1.617629049403433,2536,0.9148264984227129,1268,0.15098449489107643,0.14493485180549442,42.32592271293375,mode,median,mode,median,0.9881703470031545,0.975727046579007,0.975727046579007,0.32965299684542587,0.26419558359621453,1.6918436061994298,1.641167192429022,2.2996845425867507,0.9929022082018928,0.9867838612143381,0.9867838612143381,0.32965299684542587,0.2476340694006309,1.7919841745038778,1.75,2.2996845425867507,0.8099875904700106,53669.27,1268.0,0.0,0.0,0.0,0.0,53669.27
tab,dpmlm_uniform,{'epsilon': 250},,0.5861181796311429,0.4645669291338583,0.46290792004007175,0.3968253968253968,0.6231032968285753,0.5511811023622047,0.9282334384858044,0.8240877347509087,0.8240877347509087,0.27287066246056785,1.6829308247537946,1.6585173501577286,1.6707240874557618,2536.0,0.9282334384858044,1268.0,0.9250788643533123,0.8913252041560806,0.8913252041560806,0.2689274447949527,1.6484743596036076,1.635646687697161,1.6420605236503842,2536,0.9250788643533123,1268,0.14629313927907672,0.13942653899689203,82.91686119873818,mode,median,mode,median,0.9881703470031545,0.975727046579007,0.975727046579007,0.32965299684542587,0.26419558359621453,1.6918436061994298,1.641167192429022,2.2996845425867507,0.9929022082018928,0.9867838612143381,0.9867838612143381,0.32965299684542587,0.2476340694006309,1.7919841745038778,1.75,2.2996845425867507,0.7749397875770461,105138.58,1268.0,0.0,0.0,0.0,0.0,105138.58
tab,dpmlm_shap,{'epsilon': 10},,0.045145509266417555,0.007874015748031496,0.013583758121000647,0.007936507936507936,0.04252724346331907,0.007874015748031496,0.32965299684542587,0.0826413602214314,0.0826413602214314,0.11356466876971609,2.019139547728774,2.0496845425867507,2.0344120451577625,2536.0,0.32965299684542587,1268.0,0.20110410094637224,0.088359244651369,0.088359244651369,0.11593059936908517,2.7234237662817415,2.720031545741325,2.721727656011533,2536,0.20110410094637224,1268,0.2751567855900394,0.6190431475968391,71.55305993690851,mode,median,mode,median,0.9881703470031545,0.975727046579007,0.975727046579007,0.32965299684542587,0.26419558359621453,1.6918436061994298,1.641167192429022,2.2996845425867507,0.9929022082018928,0.9867838612143381,0.9867838612143381,0.32965299684542587,0.2476340694006309,1.7919841745038778,1.75,2.2996845425867507,0.9892405969625748,82158.25,1268.0,24439.0,128.03,8443.0,46.8806,90729.28
tab,dpmlm_shap,"{'epsilon': 10, 'k': 2}",,0.6624652142821468,0.5433070866141733,0.366048076629448,0.015873015873015872,0.7043069623117542,0.5433070866141733,0.9282334384858044,0.8215068000981992,0.8215068000981992,0.23659305993690852,1.9760479740689574,1.9361198738170347,1.9560839239429963,2536.0,0.9282334384858044,1268.0,0.8990536277602523,0.804514331242235,0.804514331242235,0.22870662460567823,1.8638578050356212,1.8706624605678233,1.8672601328017224,2536,0.8990536277602523,1268,0.0873937413613503,0.13867550917933416,27.52302545658534,mode,median,mode,median,0.9881703470031545,0.975727046579007,0.975727046579007,0.32965299684542587,0.26419558359621453,1.6918436061994298,1.641167192429022,2.2996845425867507,0.9929022082018928,0.9867838612143381,0.9867838612143381,0.32965299684542587,0.2476340694006309,1.7919841745038778,1.75,2.2996845425867507,0.17134980867212274,51335.57,1268.0,50930.0,128.03,8443.0,92.62219999999999,34899.196278950214
tab,dpmlm_shap,"{'epsilon': 10, 'k': 2}",test,0.4143799574554555,0.0,,,0.6254168249774334,0.5118110236220472,,,,,,,,,,,0.9133858267716536,0.8684046508036316,0.8684046508036316,0.16535433070866143,2.4092403144832812,2.1338582677165356,2.2715492910999084,2536,0.9133858267716535,1268,,,,,,mode,median,,,,,,,,,0.9929022082018928,0.9867838612143381,0.9867838612143381,0.32965299684542587,0.2476340694006309,1.7919841745038778,1.75,2.2996845425867507,0.12212837811212254,,,,,,,
tab,dpmlm_shap,"{'epsilon': 10, 'k': 3}",,0.5726533257036912,0.4251968503937008,0.2457841014741685,0.007936507936507936,0.6323909518130666,0.4409448818897638,0.9093059936908517,0.7479799857319621,0.7479799857319621,0.27365930599369087,1.6568565837451006,1.6553627760252365,1.6561096798851687,2536.0,0.9093059936908517,1268.0,0.8738170347003155,0.7712281339168485,0.7712281339168485,0.22949526813880125,1.8600806531355027,1.8682965299684542,1.8641885915519785,2536,0.8738170347003155,1268,0.09615221657211472,0.1564229689655996,33.45509213370599,mode,median,mode,median,0.9881703470031545,0.975727046579007,0.975727046579007,0.32965299684542587,0.26419558359621453,1.6918436061994298,1.641167192429022,2.2996845425867507,0.9929022082018928,0.9867838612143381,0.9867838612143381,0.32965299684542587,0.2476340694006309,1.7919841745038778,1.75,2.2996845425867507,0.22030382057939638,51335.57,1268.0,50930.0,128.03,8443.0,92.62219999999999,42421.05682553919
tab,dpmlm_shap,"{'epsilon': 10, 'k': 3}",test,0.2888643969005247,0.007874015748031496,,,0.5018695112997922,0.36220472440944884,,,,,,,,,,,0.889763779527559,0.8035624818303839,0.8035624818303839,0.1889763779527559,2.353788955195605,2.062992125984252,2.2083905405899285,2536,0.889763779527559,1268,,,,,,mode,median,,,,,,,,,0.9929022082018928,0.9867838612143381,0.9867838612143381,0.32965299684542587,0.2476340694006309,1.7919841745038778,1.75,2.2996845425867507,0.19103763146964947,,,,,,,
tab,dpmlm_shap,"{'epsilon': 10, 'k': 5}",,0.5112369781830982,0.3700787401574803,0.1472011744185048,0.007936507936507936,0.5294586775642303,0.30708661417322836,0.88801261829653,0.6760963605480231,0.6760963605480231,0.22870662460567823,2.0301235914494926,1.9952681388012619,2.012695865125377,2536.0,0.88801261829653,1268.0,0.8501577287066246,0.7366352344309995,0.7366352344309995,0.22555205047318613,1.853599572300953,1.862776025236593,1.858187798768773,2536,0.8501577287066246,1268,0.10608040825801693,0.1771637126568364,39.79201430967218,mode,median,mode,median,0.9881703470031545,0.975727046579007,0.975727046579007,0.32965299684542587,0.26419558359621453,1.6918436061994298,1.641167192429022,2.2996845425867507,0.9929022082018928,0.9867838612143381,0.9867838612143381,0.32965299684542587,0.2476340694006309,1.7919841745038778,1.75,2.2996845425867507,0.2725988773518013,51335.57,1268.0,50930.0,128.03,8443.0,92.62219999999999,50456.27414466433
tab,dpmlm_shap,"{'epsilon': 10, 'k': 5}",test,0.1836864383761093,0.007874015748031496,,,0.4467469836340564,0.33070866141732286,,,,,,,,,,,0.8740157480314961,0.7504866229726879,0.7504866229726879,0.2204724409448819,2.2892417353414793,1.9921259842519685,2.140683859796724,2536,0.8740157480314961,1268,,,,,,mode,median,,,,,,,,,0.9929022082018928,0.9867838612143381,0.9867838612143381,0.32965299684542587,0.2476340694006309,1.7919841745038778,1.75,2.2996845425867507,0.2346495996690305,,,,,,,
tab,dpmlm_shap,"{'epsilon': 10, 'k': 7}",,0.4740205824077981,0.33070866141732286,0.10849745813783819,0.007936507936507936,0.4480770739488931,0.2047244094488189,0.8706624605678234,0.6040251448112856,0.6040251448112856,0.22949526813880125,1.7943139774207708,1.8130914826498423,1.8037027300353063,2536.0,0.8706624605678234,1268.0,0.832807570977918,0.7113255561022216,0.7113255561022216,0.21608832807570977,1.8667523921778795,1.8761829652996846,1.871467678738782,2536,0.832807570977918,1268,0.11309277423736801,0.19317782928796973,43.668107157951866,mode,median,mode,median,0.9881703470031545,0.975727046579007,0.975727046579007,0.32965299684542587,0.26419558359621453,1.6918436061994298,1.641167192429022,2.2996845425867507,0.9929022082018928,0.9867838612143381,0.9867838612143381,0.32965299684542587,0.2476340694006309,1.7919841745038778,1.75,2.2996845425867507,0.30458609290017485,51335.57,1268.0,50930.0,128.03,8443.0,92.62219999999999,55371.15987628297
tab,dpmlm_shap,"{'epsilon': 10, 'k': 7}",test,0.13746673506979193,0.007874015748031496,,,0.37529499691017265,0.25984251968503935,,,,,,,,,,,0.8661417322834646,0.7677855412230412,0.7677855412230412,0.2204724409448819,2.257110666637521,1.9606299212598426,2.108870293948682,2536,0.8661417322834645,1268,,,,,,mode,median,,,,,,,,,0.9929022082018928,0.9867838612143381,0.9867838612143381,0.32965299684542587,0.2476340694006309,1.7919841745038778,1.75,2.2996845425867507,0.2808048160356541,,,,,,,
tab,dpmlm_shap,"{'epsilon': 10, 'k': 10}",,0.43526129449495055,0.29133858267716534,0.08024111516474867,0.007936507936507936,0.3648843480396317,0.13385826771653545,0.8690851735015773,0.6072805696366051,0.6072805696366051,0.23186119873817035,1.9798954378237994,1.9810725552050472,1.9804839965144234,2536.0,0.8690851735015773,1268.0,0.8209779179810726,0.6889998102112878,0.6889998102112878,0.21529968454258674,1.8607033813786593,1.8746056782334384,1.8676545298060492,2536,0.8209779179810726,1268,0.1192642696178298,0.20636897029983883,47.244952681388014,mode,median,mode,median,0.9881703470031545,0.975727046579007,0.975727046579007,0.32965299684542587,0.26419558359621453,1.6918436061994298,1.641167192429022,2.2996845425867507,0.9929022082018928,0.9867838612143381,0.9867838612143381,0.32965299684542587,0.2476340694006309,1.7919841745038778,1.75,2.2996845425867507,0.3341037884817362,51335.57,1268.0,50930.0,128.03,8443.0,92.62219999999999,59906.6
tab,dpmlm_shap,"{'epsilon': 10, 'k': 10}",test,0.10110336231726137,0.007874015748031496,,,0.3128418088008928,0.1968503937007874,,,,,,,,,,,0.84251968503937,0.7422854922854923,0.7422854922854923,0.23622047244094488,2.290933285242748,1.9606299212598426,2.125781603251295,2536,0.84251968503937,1268,,,,,,mode,median,,,,,,,,,0.9929022082018928,0.9867838612143381,0.9867838612143381,0.32965299684542587,0.2476340694006309,1.7919841745038778,1.75,2.2996845425867507,0.3294853170242117,,,,,,,
tab,dpmlm_shap,"{'epsilon': 10, 'lambda': 0.99}",,0.7113433169210492,0.6062992125984252,0.5733958130530282,0.49206349206349204,0.7018833003693012,0.6141732283464567,0.9582018927444795,0.9273286193015245,0.9273286193015245,0.25709779179810727,1.8626857053699892,1.8130914826498423,1.8378885940099157,2536.0,0.9582018927444795,1268.0,0.9384858044164038,0.9075108244045312,0.9075108244045312,0.19479495268138802,1.9775190411546377,1.9897476340694007,1.983633337612019,2536,0.9384858044164038,1268,0.06922355472853507,0.10275113568509038,8.94487683757173,mode,median,mode,median,0.9881703470031545,0.975727046579007,0.975727046579007,0.32965299684542587,0.26419558359621453,1.6918436061994298,1.641167192429022,2.2996845425867507,0.9929022082018928,0.9867838612143381,0.9867838612143381,0.32965299684542587,0.2476340694006309,1.7919841745038778,1.75,2.2996845425867507,0.022538997000113806,7997.47,1268.0,24439.0,128.03,8443.0,46.8806,11342.103830040953
tab,dpmlm_shap,"{'epsilon': 10, 'lambda': 0.98}",,0.6252057660960576,0.5118110236220472,0.4865375133965794,0.3968253968253968,0.6325099443565688,0.5275590551181102,0.9471608832807571,0.908100236147327,0.908100236147327,0.26813880126182965,1.786105247917236,1.7405362776025237,1.76332076275988,2536.0,0.9471608832807571,1268.0,0.8935331230283912,0.8354348208521046,0.8354348208521046,0.19873817034700317,1.9653045862546235,1.9787066246056781,1.9720056054301507,2536,0.8935331230283912,1268,0.0770194915002829,0.11629557393326745,10.91924362853767,mode,median,mode,median,0.9881703470031545,0.975727046579007,0.975727046579007,0.32965299684542587,0.26419558359621453,1.6918436061994298,1.641167192429022,2.2996845425867507,0.9929022082018928,0.9867838612143381,0.9867838612143381,0.32965299684542587,0.2476340694006309,1.7919841745038778,1.75,2.2996845425867507,0.0429016134020611,7997.47,1268.0,24439.0,128.03,8443.0,46.8806,13845.600920985766
tab,dpmlm_shap,"{'epsilon': 10, 'lambda': 0.95}",,0.5377106401050972,0.4251968503937008,0.3780947170842213,0.29365079365079366,0.5280178672813371,0.41732283464566927,0.7523659305993691,0.542772754504793,0.542772754504793,0.26735015772870663,1.7506830600996204,1.7176656151419558,1.734174337620788,2536.0,0.7523659305993691,1268.0,0.6332807570977917,0.5613963019146784,0.5613963019146784,0.20268138801261829,2.0526906712139215,2.082807570977918,2.0677491210959196,2536,0.6332807570977917,1268,0.08246056683808095,0.15444082205039847,12.221237888642342,mode,median,mode,median,0.9881703470031545,0.975727046579007,0.975727046579007,0.32965299684542587,0.26419558359621453,1.6918436061994298,1.641167192429022,2.2996845425867507,0.9929022082018928,0.9867838612143381,0.9867838612143381,0.32965299684542587,0.2476340694006309,1.7919841745038778,1.75,2.2996845425867507,0.05632972098438011,7997.47,1268.0,24439.0,128.03,8443.0,46.8806,15496.52964279849
tab,dpmlm_shap,"{'epsilon': 10, 'lambda': 0.9}",,0.47692950127350203,0.36220472440944884,0.3354629188668394,0.24603174603174602,0.4858696676073935,0.3858267716535433,0.5496845425867508,0.2883952164737009,0.2883952164737009,0.2476340694006309,1.8975040874793925,1.8564668769716088,1.8769854822255008,2536.0,0.5496845425867508,1268.0,0.4558359621451104,0.3796841233059296,0.3796841233059296,0.19242902208201892,2.1882832117480993,2.218454258675079,2.203368735211589,2536,0.4558359621451104,1268,0.08513198670716692,0.17927354950258031,12.72737209398655,mode,median,mode,median,0.9881703470031545,0.975727046579007,0.975727046579007,0.32965299684542587,0.26419558359621453,1.6918436061994298,1.641167192429022,2.2996845425867507,0.9929022082018928,0.9867838612143381,0.9867838612143381,0.32965299684542587,0.2476340694006309,1.7919841745038778,1.75,2.2996845425867507,0.06154973213858224,7997.47,1268.0,24439.0,128.03,8443.0,46.8806,16138.307815174943
tab,dpmlm_shap,"{'epsilon': 10, 'lambda': 0.8}",,0.44746528653710604,0.3464566929133858,0.31996783239351,0.23809523809523808,0.4595459991124052,0.3543307086614173,0.5654574132492114,0.31919930074236696,0.31919930074236696,0.2610410094637224,1.8946283308090723,1.8493690851735016,1.8719987079912868,2536.0,0.5654574132492114,1268.0,0.40930599369085174,0.3284655769059463,0.3284655769059463,0.19006309148264985,2.2171972309507817,2.2507886435331232,2.2339929372419527,2536,0.40930599369085174,1268,0.08643650792374596,0.18796373640513195,13.066640378548897,mode,median,mode,median,0.9881703470031545,0.975727046579007,0.975727046579007,0.32965299684542587,0.26419558359621453,1.6918436061994298,1.641167192429022,2.2996845425867507,0.9929022082018928,0.9867838612143381,0.9867838612143381,0.32965299684542587,0.2476340694006309,1.7919841745038778,1.75,2.2996845425867507,0.06504877292852072,7997.47,1268.0,24439.0,128.03,8443.0,46.8806,16568.5
tab,dpmlm_shap,"{'epsilon': 10, 'rho': 0.9}",,0.7269839991469417,0.6299212598425197,0.5202218008475151,0.42063492063492064,0.675708726792396,0.5748031496062992,0.9708201892744479,0.9390409955469136,0.9390409955469136,0.2421135646687697,1.862314563636207,1.8130914826498423,1.8377030231430247,2536.0,0.9708201892744479,1268.0,0.9526813880126183,0.8975438665613202,0.8975438665613202,0.2058359621451104,1.9069520082411968,1.9100946372239747,1.9085233227325857,2536,0.9526813880126183,1268,0.07198392992328018,0.10505495683439899,9.95779401743903,mode,median,mode,median,0.9881703470031545,0.975727046579007,0.975727046579007,0.32965299684542587,0.26419558359621453,1.6918436061994298,1.641167192429022,2.2996845425867507,0.9929022082018928,0.9867838612143381,0.9867838612143381,0.32965299684542587,0.2476340694006309,1.7919841745038778,1.75,2.2996845425867507,0.0712487787625173,50274.6,1268.0,24439.0,128.03,8443.0,46.8806,12626.482814112689
tab,dpmlm_shap,"{'epsilon': 10, 'rho': 0.8}",,0.6164468817646553,0.5039370078740157,0.41348624200959405,0.30952380952380953,0.6067818522808247,0.5196850393700787,0.9471608832807571,0.8773302048598385,0.8773302048598385,0.2586750788643533,1.8018374260938808,1.7847003154574133,1.793268870775647,2536.0,0.9471608832807571,1268.0,0.9305993690851735,0.856093245350359,0.856093245350359,0.20662460567823343,1.8645523946629343,1.864353312302839,1.8644528534828868,2536,0.9305993690851735,1268,0.0872607173321751,0.13212097974417714,13.951456103727251,mode,median,mode,median,0.9881703470031545,0.975727046579007,0.975727046579007,0.32965299684542587,0.26419558359621453,1.6918436061994298,1.641167192429022,2.2996845425867507,0.9929022082018928,0.9867838612143381,0.9867838612143381,0.32965299684542587,0.2476340694006309,1.7919841745038778,1.75,2.2996845425867507,0.16021571622214653,50274.6,1268.0,24439.0,128.03,8443.0,46.8806,17690.446339526155
tab,dpmlm_shap,"{'epsilon': 10, 'rho': 0.7}",,0.4661806556901144,0.3228346456692913,0.29142476870732165,0.21428571428571427,0.45566805930942117,0.3543307086614173,0.8824921135646687,0.6447217832194071,0.6447217832194071,0.24053627760252366,1.808071352328872,1.7941640378548895,1.8011176950918806,2536.0,0.8824921135646687,1268.0,0.8990536277602523,0.802356903651071,0.802356903651071,0.20504731861198738,1.8325706042578505,1.832807570977918,1.832689087617884,2536,0.8990536277602523,1268,0.10397848383485331,0.16434407417518485,18.232869135123224,mode,median,mode,median,0.9881703470031545,0.975727046579007,0.975727046579007,0.32965299684542587,0.26419558359621453,1.6918436061994298,1.641167192429022,2.2996845425867507,0.9929022082018928,0.9867838612143381,0.9867838612143381,0.32965299684542587,0.2476340694006309,1.7919841745038778,1.75,2.2996845425867507,0.25559289064830487,50274.6,1268.0,24439.0,128.03,8443.0,46.8806,23119.27806333625
tab,dpmlm_shap,"{'epsilon': 10, 'rho': 0.6}",,0.356003847360391,0.2047244094488189,0.2178249376756971,0.15079365079365079,0.3579345184895712,0.25984251968503935,0.8761829652996845,0.6185958165334318,0.6185958165334318,0.23107255520504733,1.7599679821563456,1.752365930599369,1.7561669563778575,2536.0,0.8761829652996845,1268.0,0.8596214511041009,0.7474947210890935,0.7474947210890935,0.23422712933753942,1.8041374911901598,1.7981072555205047,1.8011223733553325,2536,0.8596214511041009,1268,0.1226689902953921,0.20234048267832314,22.690485382333883,mode,median,mode,median,0.9881703470031545,0.975727046579007,0.975727046579007,0.32965299684542587,0.26419558359621453,1.6918436061994298,1.641167192429022,2.2996845425867507,0.9929022082018928,0.9867838612143381,0.9867838612143381,0.32965299684542587,0.2476340694006309,1.7919841745038778,1.75,2.2996845425867507,0.3548953497237062,50274.6,1268.0,24439.0,128.03,8443.0,46.8806,28771.535464799363
tab,dpmlm_shap,"{'epsilon': 10, 'rho': 0.5}",,0.25489726310312283,0.12598425196850394,0.19390866807900378,0.14285714285714285,0.2985086122972602,0.1968503937007874,0.861198738170347,0.5974608922675457,0.5974608922675457,0.19794952681388012,1.8372495677020817,1.8501577287066246,1.8437036482043532,2536.0,0.861198738170347,1268.0,0.7981072555205048,0.6629231702187833,0.6629231702187833,0.22318611987381703,1.8312784381514788,1.832807570977918,1.8320430045646985,2536,0.7981072555205048,1268,0.14241746223123292,0.24349493595656913,27.263967286980563,mode,median,mode,median,0.9881703470031545,0.975727046579007,0.975727046579007,0.32965299684542587,0.26419558359621453,1.6918436061994298,1.641167192429022,2.2996845425867507,0.9929022082018928,0.9867838612143381,0.9867838612143381,0.32965299684542587,0.2476340694006309,1.7919841745038778,1.75,2.2996845425867507,0.4567789517391227,50274.6,1268.0,24439.0,128.03,8443.0,46.8806,34570.710519891356
tab,dpmlm_shap,"{'epsilon': 10, 'rho': 0.4}",,0.16811777782980922,0.05511811023622047,0.11702892564086859,0.07142857142857142,0.18983052175784307,0.10236220472440945,0.7192429022082019,0.4502889949507034,0.4502889949507034,0.2113564668769716,1.8413945467359096,1.8454258675078865,1.8434102071218978,2536.0,0.7192429022082019,1268.0,0.7160883280757098,0.5893008641098566,0.5893008641098566,0.21608832807570977,1.857090425787051,1.865141955835962,1.8611161908115066,2536,0.7160883280757098,1268,0.1645546947555963,0.29531630709156254,31.94230608016519,mode,median,mode,median,0.9881703470031545,0.975727046579007,0.975727046579007,0.32965299684542587,0.26419558359621453,1.6918436061994298,1.641167192429022,2.2996845425867507,0.9929022082018928,0.9867838612143381,0.9867838612143381,0.32965299684542587,0.2476340694006309,1.7919841745038778,1.75,2.2996845425867507,0.5609984539992785,50274.6,1268.0,24439.0,128.03,8443.0,46.8806,40502.84410964946
tab,dpmlm_shap,"{'epsilon': 10, 'rho': 0.3}",,0.1213158296976875,0.03937007874015748,0.07803410564223602,0.047619047619047616,0.13670063680389802,0.05511811023622047,0.5757097791798107,0.28881722304541096,0.28881722304541096,0.17429022082018927,1.8959115363115449,1.9187697160883281,1.9073406261999364,2536.0,0.5757097791798107,1268.0,0.6301261829652997,0.5077818379819707,0.5077818379819707,0.2113564668769716,1.9124291487575595,1.9211356466876972,1.9167823977226282,2536,0.6301261829652997,1268,0.18774992683520453,0.35592855435534604,36.69661731400009,mode,median,mode,median,0.9881703470031545,0.975727046579007,0.975727046579007,0.32965299684542587,0.26419558359621453,1.6918436061994298,1.641167192429022,2.2996845425867507,0.9929022082018928,0.9867838612143381,0.9867838612143381,0.32965299684542587,0.2476340694006309,1.7919841745038778,1.75,2.2996845425867507,0.6669103967388618,50274.6,1268.0,24439.0,128.03,8443.0,46.8806,46531.31075415212
tab,dpmlm_shap,"{'epsilon': 10, 'rho': 0.2}",,0.07315339832508405,0.015748031496062992,0.0428120673686346,0.023809523809523808,0.0896582633530417,0.023622047244094488,0.3714511041009464,0.1338724377350987,0.1338724377350987,0.1695583596214511,1.9105303820043957,1.9361198738170347,1.923325127910715,2536.0,0.3714511041009464,1268.0,0.5118296529968455,0.41242943954431494,0.41242943954431494,0.2082018927444795,1.965533692118182,1.9810725552050472,1.9733031236616148,2536,0.5118296529968455,1268,0.2137352897541756,0.4307365058465899,41.518441365534215,mode,median,mode,median,0.9881703470031545,0.975727046579007,0.975727046579007,0.32965299684542587,0.26419558359621453,1.6918436061994298,1.641167192429022,2.2996845425867507,0.9929022082018928,0.9867838612143381,0.9867838612143381,0.32965299684542587,0.2476340694006309,1.7919841745038778,1.75,2.2996845425867507,0.7743263246680262,50274.6,1268.0,24439.0,128.03,8443.0,46.8806,52645.38365149739
tab,dpmlm_shap,"{'epsilon': 10, 'rho': 0.1}",,0.05866141149459508,0.015748031496062992,0.019851934849023208,0.007936507936507936,0.06030331636956236,0.007874015748031496,0.37933753943217663,0.14227344463557823,0.14227344463557823,0.11435331230283911,2.036988887653118,2.0709779179810726,2.053983402817096,2536.0,0.37933753943217663,1268.0,0.36829652996845424,0.2734397075649453,0.2734397075649453,0.16482649842271294,2.270601201405846,2.2839116719242902,2.277256436665068,2536,0.36829652996845424,1268,0.2435103260004182,0.5225013798743204,46.408225552050475,mode,median,mode,median,0.9881703470031545,0.975727046579007,0.975727046579007,0.32965299684542587,0.26419558359621453,1.6918436061994298,1.641167192429022,2.2996845425867507,0.9929022082018928,0.9867838612143381,0.9867838612143381,0.32965299684542587,0.2476340694006309,1.7919841745038778,1.75,2.2996845425867507,0.8832562026881267,50274.6,1268.0,24439.0,128.03,8443.0,46.8806,58845.63
tab,dpmlm_shap,{'epsilon': 25},,0.07978636915968165,0.015748031496062992,0.03331790633052767,0.015873015873015872,0.08425922549253231,0.031496062992125984,0.41719242902208203,0.1736542493460298,0.1736542493460298,0.15930599369085174,1.968677159031095,2.003154574132492,1.9859158665817935,2536.0,0.41719242902208203,1268.0,0.3785488958990536,0.2804407658135655,0.2804407658135655,0.18138801261829654,1.914029718876859,1.9518927444794953,1.9329612316781772,2536,0.3785488958990536,1268,0.22883182232876306,0.38265756559954833,54.87940851735016,mode,median,mode,median,0.9881703470031545,0.975727046579007,0.975727046579007,0.32965299684542587,0.26419558359621453,1.6918436061994298,1.641167192429022,2.2996845425867507,0.9929022082018928,0.9867838612143381,0.9867838612143381,0.32965299684542587,0.2476340694006309,1.7919841745038778,1.75,2.2996845425867507,0.9223521857264574,61016.06,1268.0,24439.0,128.03,8443.0,46.8806,69587.09
tab,dpmlm_shap,"{'epsilon': 25, 'k': 2}",,0.6623161405206587,0.5511811023622047,0.3546440200873524,0.007936507936507936,0.7082843669218921,0.5669291338582677,0.9077287066246057,0.767211018662016,0.767211018662016,0.23738170347003154,1.8930914139917556,1.884858044164038,1.8889747290778967,2536.0,0.9077287066246057,1268.0,0.8943217665615142,0.8047638066207717,0.8047638066207717,0.2137223974763407,1.8420147634431447,1.8462145110410095,1.8441146372420771,2536,0.8943217665615142,1268,0.08732435046122278,0.13388991736651218,23.11471989333497,mode,median,mode,median,0.9881703470031545,0.975727046579007,0.975727046579007,0.32965299684542587,0.26419558359621453,1.6918436061994298,1.641167192429022,2.2996845425867507,0.9929022082018928,0.9867838612143381,0.9867838612143381,0.32965299684542587,0.2476340694006309,1.7919841745038778,1.75,2.2996845425867507,0.18222610753040036,42352.18,1268.0,50930.0,128.03,8443.0,92.62219999999999,29309.464824748742
tab,dpmlm_shap,"{'epsilon': 25, 'k': 2}",test,0.43869031828156446,0.031496062992125984,,,0.6377203067291914,0.5275590551181102,,,,,,,,,,,0.9133858267716536,0.8627910232387843,0.8627910232387843,0.18110236220472442,2.342557071137634,2.1102362204724407,2.2263966458050373,2536,0.9133858267716535,1268,,,,,,mode,median,,,,,,,,,0.9929022082018928,0.9867838612143381,0.9867838612143381,0.32965299684542587,0.2476340694006309,1.7919841745038778,1.75,2.2996845425867507,0.1298419544855812,,,,,,,
tab,dpmlm_shap,"{'epsilon': 25, 'k': 3}",,0.6000604189250179,0.48031496062992124,0.24320539610647013,0.023809523809523808,0.6157149721871434,0.41732283464566927,0.8935331230283912,0.7062040532698749,0.7062040532698749,0.23817034700315456,1.8409575747142242,1.8406940063091484,1.8408257905116863,2536.0,0.8935331230283912,1268.0,0.8746056782334385,0.7724499575644107,0.7724499575644107,0.21687697160883282,1.8298728277966794,1.837539432176656,1.8337061299866677,2536,0.8746056782334385,1268,0.0976961709629474,0.15177452599494615,28.455320797082244,mode,median,mode,median,0.9881703470031545,0.975727046579007,0.975727046579007,0.32965299684542587,0.26419558359621453,1.6918436061994298,1.641167192429022,2.2996845425867507,0.9929022082018928,0.9867838612143381,0.9867838612143381,0.32965299684542587,0.2476340694006309,1.7919841745038778,1.75,2.2996845425867507,0.24172981155118312,42352.18,1268.0,50930.0,128.03,8443.0,92.62219999999999,36081.346770700286
tab,dpmlm_shap,"{'epsilon': 25, 'k': 3}",test,0.29159817848324954,0.015748031496062992,,,0.5620724772907428,0.4566929133858268,,,,,,,,,,,0.8818897637795275,0.8015303410040252,0.8015303410040252,0.1732283464566929,2.4073718859524487,2.1181102362204722,2.2627410610864604,2536,0.8818897637795275,1268,,,,,,mode,median,,,,,,,,,0.9929022082018928,0.9867838612143381,0.9867838612143381,0.32965299684542587,0.2476340694006309,1.7919841745038778,1.75,2.2996845425867507,0.18996581305198054,,,,,,,
tab,dpmlm_shap,"{'epsilon': 25, 'k': 5}",,0.510964603328508,0.3700787401574803,0.15540494514887665,0.023809523809523808,0.518107461587507,0.2992125984251969,0.8761829652996845,0.6130623621338817,0.6130623621338817,0.2444794952681388,1.8516826033477922,1.8548895899053628,1.8532860966265774,2536.0,0.8761829652996845,1268.0,0.8414826498422713,0.7136338511957004,0.7136338511957004,0.21687697160883282,1.8231330010148055,1.8312302839116719,1.8271816424632386,2536,0.8414826498422713,1268,0.10748609402202282,0.16931201374211147,33.502927034322795,mode,median,mode,median,0.9881703470031545,0.975727046579007,0.975727046579007,0.32965299684542587,0.26419558359621453,1.6918436061994298,1.641167192429022,2.2996845425867507,0.9929022082018928,0.9867838612143381,0.9867838612143381,0.32965299684542587,0.2476340694006309,1.7919841745038778,1.75,2.2996845425867507,0.2979690387406694,42352.18,1268.0,50930.0,128.03,8443.0,92.62219999999999,42481.711479521306
tab,dpmlm_shap,"{'epsilon': 25, 'k': 5}",test,0.19291203116147884,0.015748031496062992,,,0.4127425026895232,0.29133858267716534,,,,,,,,,,,0.8661417322834646,0.7705795940170941,0.7705795940170941,0.1968503937007874,2.2146109763117434,1.9291338582677164,2.07187241728973,2536,0.8661417322834645,1268,,,,,,mode,median,,,,,,,,,0.9929022082018928,0.9867838612143381,0.9867838612143381,0.32965299684542587,0.2476340694006309,1.7919841745038778,1.75,2.2996845425867507,0.2772523242192095,,,,,,,
tab,dpmlm_shap,"{'epsilon': 25, 'k': 7}",,0.4697879384641275,0.33070866141732286,0.11384863881261033,0.023809523809523808,0.43282996390992956,0.2047244094488189,0.8588328075709779,0.5961680489478066,0.5961680489478066,0.24053627760252366,1.9433182659744443,1.9440063091482649,1.9436622875613547,2536.0,0.8588328075709779,1268.0,0.8257097791798107,0.6948941490370378,0.6948941490370378,0.2200315457413249,1.8038066933132468,1.8130914826498423,1.8084490879815442,2536,0.8257097791798107,1268,0.11366036712935294,0.18036246971941144,36.516520616760616,mode,median,mode,median,0.9881703470031545,0.975727046579007,0.975727046579007,0.32965299684542587,0.26419558359621453,1.6918436061994298,1.641167192429022,2.2996845425867507,0.9929022082018928,0.9867838612143381,0.9867838612143381,0.32965299684542587,0.2476340694006309,1.7919841745038778,1.75,2.2996845425867507,0.33154578109610156,42352.18,1268.0,50930.0,128.03,8443.0,92.62219999999999,46302.94814205246
tab,dpmlm_shap,"{'epsilon': 25, 'k': 7}",test,0.1491117147337278,0.015748031496062992,,,0.39380024848077777,0.28346456692913385,,,,,,,,,,,0.8503937007874016,0.7545478446003255,0.7545478446003255,0.18110236220472442,2.26133462303539,1.9763779527559056,2.118856287895648,2536,0.8503937007874017,1268,,,,,,mode,median,,,,,,,,,0.9929022082018928,0.9867838612143381,0.9867838612143381,0.32965299684542587,0.2476340694006309,1.7919841745038778,1.75,2.2996845425867507,0.32336418810200895,,,,,,,
tab,dpmlm_shap,"{'epsilon': 25, 'k': 10}",,0.4207257879851286,0.2755905511811024,0.0851950369078577,0.023809523809523808,0.3337395093076638,0.11023622047244094,0.8493690851735016,0.5892666088449651,0.5892666088449651,0.23186119873817035,1.9007848287516242,1.9069400630914826,1.9038624459215534,2536.0,0.8493690851735016,1268.0,0.8123028391167192,0.6748681685303932,0.6748681685303932,0.21529968454258674,1.8006234307469537,1.8115141955835963,1.8060688131652751,2536,0.8123028391167192,1268,0.11890780968056869,0.18985758418634488,39.053496365846826,mode,median,mode,median,0.9881703470031545,0.975727046579007,0.975727046579007,0.32965299684542587,0.26419558359621453,1.6918436061994298,1.641167192429022,2.2996845425867507,0.9929022082018928,0.9867838612143381,0.9867838612143381,0.32965299684542587,0.2476340694006309,1.7919841745038778,1.75,2.2996845425867507,0.35981216100395186,42352.18,1268.0,50930.0,128.03,8443.0,92.62219999999999,49519.83339189377
tab,dpmlm_shap,"{'epsilon': 25, 'k': 10}",test,0.12289346666508612,0.015748031496062992,,,0.3131041289566013,0.1968503937007874,,,,,,,,,,,0.8267716535433071,0.729100529100529,0.729100529100529,0.1732283464566929,2.2979605220014427,1.9606299212598426,2.1292952216306427,2536,0.8267716535433071,1268,,,,,,mode,median,,,,,,,,,0.9929022082018928,0.9867838612143381,0.9867838612143381,0.32965299684542587,0.2476340694006309,1.7919841745038778,1.75,2.2996845425867507,0.3721434607792478,,,,,,,
tab,dpmlm_shap,"{'epsilon': 25, 'lambda': 0.99}",,0.6986518860634818,0.5905511811023622,0.5674390328133514,0.47619047619047616,0.6922441373113466,0.5905511811023622,0.9621451104100947,0.9294961283660036,0.9294961283660036,0.2823343848580442,1.884793850742655,1.838328075709779,1.861560963226217,2536.0,0.9621451104100947,1268.0,0.944006309148265,0.908192244161642,0.908192244161642,0.18848580441640378,2.0001895971148063,2.0086750788643535,2.0044323379895794,2536,0.944006309148265,1268,0.06765430155048612,0.10024228964694291,8.954369454098197,mode,median,mode,median,0.9881703470031545,0.975727046579007,0.975727046579007,0.32965299684542587,0.26419558359621453,1.6918436061994298,1.641167192429022,2.2996845425867507,0.9929022082018928,0.9867838612143381,0.9867838612143381,0.32965299684542587,0.2476340694006309,1.7919841745038778,1.75,2.2996845425867507,0.021314606692791213,8032.68,1268.0,24439.0,128.03,8443.0,46.8806,11354.140467796515
tab,dpmlm_shap,"{'epsilon': 25, 'lambda': 0.98}",,0.6439058125429051,0.5433070866141733,0.492737867452839,0.4126984126984127,0.6315667205160376,0.5118110236220472,0.9416403785488959,0.8841779333362699,0.8841779333362699,0.27365930599369087,1.7800589347829607,1.749211356466877,1.764635145624919,2536.0,0.9416403785488959,1268.0,0.9069400630914827,0.8424455477180398,0.8424455477180398,0.19006309148264985,1.9908588556579687,2.0023659305993693,1.9966123931286692,2536,0.9069400630914827,1268,0.07403763837242729,0.11150293874815811,10.921239924907088,mode,median,mode,median,0.9881703470031545,0.975727046579007,0.975727046579007,0.32965299684542587,0.26419558359621453,1.6918436061994298,1.641167192429022,2.2996845425867507,0.9929022082018928,0.9867838612143381,0.9867838612143381,0.32965299684542587,0.2476340694006309,1.7919841745038778,1.75,2.2996845425867507,0.04041498161872807,8032.68,1268.0,24439.0,128.03,8443.0,46.8806,13848.132224782186
tab,dpmlm_shap,"{'epsilon': 25, 'lambda': 0.95}",,0.5434609833169589,0.4330708661417323,0.40778654575786333,0.3333333333333333,0.5668128833215162,0.4409448818897638,0.8257097791798107,0.5956317204301076,0.5956317204301076,0.26419558359621453,1.7315044711168537,1.7003154574132493,1.7159099642650513,2536.0,0.8257097791798107,1268.0,0.7247634069400631,0.6321056055822282,0.6321056055822282,0.18848580441640378,2.0965101627462546,2.1214511041009465,2.1089806334236005,2536,0.7247634069400631,1268,0.07857854960468666,0.14454815304053695,12.237210781908246,mode,median,mode,median,0.9881703470031545,0.975727046579007,0.975727046579007,0.32965299684542587,0.26419558359621453,1.6918436061994298,1.641167192429022,2.2996845425867507,0.9929022082018928,0.9867838612143381,0.9867838612143381,0.32965299684542587,0.2476340694006309,1.7919841745038778,1.75,2.2996845425867507,0.05319443869705381,8032.68,1268.0,24439.0,128.03,8443.0,46.8806,15516.783271459655
tab,dpmlm_shap,"{'epsilon': 25, 'lambda': 0.9}",,0.49764932406135665,0.3858267716535433,0.37603098784307676,0.29365079365079366,0.5402210667691364,0.4409448818897638,0.5922712933753943,0.336556802836024,0.336556802836024,0.27917981072555204,1.675440815328506,1.6474763406940063,1.661458578011256,2536.0,0.5922712933753943,1268.0,0.580441640378549,0.4805730498051875,0.4805730498051875,0.1861198738170347,2.2151015257164515,2.243690851735016,2.229396188725733,2536,0.580441640378549,1268,0.08074509806061393,0.166420746770943,12.751217311275635,mode,median,mode,median,0.9881703470031545,0.975727046579007,0.975727046579007,0.32965299684542587,0.26419558359621453,1.6918436061994298,1.641167192429022,2.2996845425867507,0.9929022082018928,0.9867838612143381,0.9867838612143381,0.32965299684542587,0.2476340694006309,1.7919841745038778,1.75,2.2996845425867507,0.05818598113515809,8032.68,1268.0,24439.0,128.03,8443.0,46.8806,16168.543550697505
tab,dpmlm_shap,"{'epsilon': 25, 'lambda': 0.8}",,0.46101401000980896,0.3464566929133858,0.36549522857135835,0.29365079365079366,0.526118614070516,0.4409448818897638,0.5717665615141956,0.29835673698777576,0.29835673698777576,0.2421135646687697,1.8374332486167704,1.7981072555205047,1.8177702520686376,2536.0,0.5717665615141956,1268.0,0.5410094637223974,0.4357404233624762,0.4357404233624762,0.17981072555205047,2.236632865634487,2.2673501577287065,2.251991511681597,2536,0.5410094637223974,1268,0.08181588765386527,0.17403538825948156,13.094408517350157,mode,median,mode,median,0.9881703470031545,0.975727046579007,0.975727046579007,0.32965299684542587,0.26419558359621453,1.6918436061994298,1.641167192429022,2.2996845425867507,0.9929022082018928,0.9867838612143381,0.9867838612143381,0.32965299684542587,0.2476340694006309,1.7919841745038778,1.75,2.2996845425867507,0.061518727650291864,8032.68,1268.0,24439.0,128.03,8443.0,46.8806,16603.71
tab,dpmlm_shap,"{'epsilon': 25, 'rho': 0.9}",,0.7379660783940281,0.6535433070866141,0.5479297399302256,0.4523809523809524,0.6846855835161834,0.5826771653543307,0.9613564668769716,0.9157296279223397,0.9157296279223397,0.27996845425867506,1.6897770200980602,1.6711356466876972,1.6804563333928786,2536.0,0.9613564668769716,1268.0,0.9511041009463722,0.8907937984489639,0.8907937984489639,0.19873817034700317,1.91225906025853,1.915615141955836,1.9139371011071828,2536,0.9511041009463722,1268,0.07167391836267165,0.10464008420423754,11.848840250531813,mode,median,mode,median,0.9881703470031545,0.975727046579007,0.975727046579007,0.32965299684542587,0.26419558359621453,1.6918436061994298,1.641167192429022,2.2996845425867507,0.9929022082018928,0.9867838612143381,0.9867838612143381,0.32965299684542587,0.2476340694006309,1.7919841745038778,1.75,2.2996845425867507,0.07109117915712225,75708.74,1268.0,24439.0,128.03,8443.0,46.8806,15024.32943767434
tab,dpmlm_shap,"{'epsilon': 25, 'rho': 0.8}",,0.620323997209142,0.5118110236220472,0.42385722470663834,0.3253968253968254,0.595333537755364,0.49606299212598426,0.942429022082019,0.859264751073323,0.859264751073323,0.26261829652996843,1.7478652598517823,1.721608832807571,1.7347370463296765,2536.0,0.942429022082019,1268.0,0.9274447949526814,0.8478159382439715,0.8478159382439715,0.1995268138801262,1.879033054899599,1.8793375394321767,1.8791852971658878,2536,0.9274447949526814,1268,0.08598675552978877,0.13024823165466357,18.176178693232323,mode,median,mode,median,0.9881703470031545,0.975727046579007,0.975727046579007,0.32965299684542587,0.26419558359621453,1.6918436061994298,1.641167192429022,2.2996845425867507,0.9929022082018928,0.9867838612143381,0.9867838612143381,0.32965299684542587,0.2476340694006309,1.7919841745038778,1.75,2.2996845425867507,0.15947529446829437,75708.74,1268.0,24439.0,128.03,8443.0,46.8806,23047.394583018584
tab,dpmlm_shap,"{'epsilon': 25, 'rho': 0.7}",,0.5096381145530122,0.3779527559055118,0.32976428843370176,0.24603174603174602,0.4799259117198131,0.36220472440944884,0.8785488958990536,0.6090294279286155,0.6090294279286155,0.23422712933753942,1.8192701537157145,1.803627760252366,1.8114489569840402,2536.0,0.8785488958990536,1268.0,0.8966876971608833,0.8052363741178762,0.8052363741178762,0.19479495268138802,1.8428179992087648,1.8438485804416405,1.8433332898252024,2536,0.8966876971608833,1268,0.10113817768330077,0.1588723535182348,24.915822711653558,mode,median,mode,median,0.9881703470031545,0.975727046579007,0.975727046579007,0.32965299684542587,0.26419558359621453,1.6918436061994298,1.641167192429022,2.2996845425867507,0.9929022082018928,0.9867838612143381,0.9867838612143381,0.32965299684542587,0.2476340694006309,1.7919841745038778,1.75,2.2996845425867507,0.25361874506363796,75708.74,1268.0,24439.0,128.03,8443.0,46.8806,31593.26319837671
tab,dpmlm_shap,"{'epsilon': 25, 'rho': 0.6}",,0.4122807323388663,0.28346456692913385,0.2777538199484167,0.21428571428571427,0.42448882109995634,0.31496062992125984,0.8777602523659306,0.6154791825795698,0.6154791825795698,0.2476340694006309,1.9124990545685856,1.8832807570977919,1.8978899058331886,2536.0,0.8777602523659306,1268.0,0.8753943217665615,0.7799717877856951,0.7799717877856951,0.20977917981072555,1.8389809673164217,1.836750788643533,1.8378658779799772,2536,0.8753943217665615,1268,0.11738716738081129,0.1877678392766402,31.863522884282954,mode,median,mode,median,0.9881703470031545,0.975727046579007,0.975727046579007,0.32965299684542587,0.26419558359621453,1.6918436061994298,1.641167192429022,2.2996845425867507,0.9929022082018928,0.9867838612143381,0.9867838612143381,0.32965299684542587,0.2476340694006309,1.7919841745038778,1.75,2.2996845425867507,0.3506684506809407,75708.74,1268.0,24439.0,128.03,8443.0,46.8806,40402.94701727079
tab,dpmlm_shap,"{'epsilon': 25, 'rho': 0.5}",,0.30764261051482045,0.18110236220472442,0.2341258352812256,0.16666666666666666,0.35195700073594777,0.2440944881889764,0.8564668769716088,0.594950299945472,0.594950299945472,0.221608832807571,1.9511050886085302,1.9384858044164037,1.9447954465124668,2536.0,0.8564668769716088,1268.0,0.8225552050473186,0.7096421249586662,0.7096421249586662,0.22397476340694006,1.8081890181721652,1.8130914826498423,1.8106402504110035,2536,0.8225552050473186,1268,0.134206432602383,0.21740758341475616,38.90265569925099,mode,median,mode,median,0.9881703470031545,0.975727046579007,0.975727046579007,0.32965299684542587,0.26419558359621453,1.6918436061994298,1.641167192429022,2.2996845425867507,0.9929022082018928,0.9867838612143381,0.9867838612143381,0.32965299684542587,0.2476340694006309,1.7919841745038778,1.75,2.2996845425867507,0.44899534310859757,75708.74,1268.0,24439.0,128.03,8443.0,46.8806,49328.56742665026
tab,dpmlm_shap,"{'epsilon': 25, 'rho': 0.4}",,0.2130628492319839,0.08661417322834646,0.17123949228949895,0.11904761904761904,0.2744545420946495,0.1889763779527559,0.8186119873817035,0.5628155915208201,0.5628155915208201,0.19321766561514195,1.9446299288320223,1.9637223974763407,1.9541761631541814,2536.0,0.8186119873817035,1268.0,0.7452681388012619,0.6216196457956934,0.6216196457956934,0.20899053627760253,1.8341986468274145,1.8438485804416405,1.8390236136345277,2536,0.7452681388012619,1268,0.1522061493870588,0.24877128763012707,45.971547301912175,mode,median,mode,median,0.9881703470031545,0.975727046579007,0.975727046579007,0.32965299684542587,0.26419558359621453,1.6918436061994298,1.641167192429022,2.2996845425867507,0.9929022082018928,0.9867838612143381,0.9867838612143381,0.32965299684542587,0.2476340694006309,1.7919841745038778,1.75,2.2996845425867507,0.5477379243992432,75708.74,1268.0,24439.0,128.03,8443.0,46.8806,58291.92197882464
tab,dpmlm_shap,"{'epsilon': 25, 'rho': 0.3}",,0.17166219933174295,0.05511811023622047,0.12322038708246906,0.07142857142857142,0.22127539827825102,0.12598425196850394,0.6593059936908517,0.39382614229664853,0.39382614229664853,0.18454258675078863,1.9364813100529392,1.9605678233438486,1.948524566698394,2536.0,0.6593059936908517,1268.0,0.6853312302839116,0.5660828045689605,0.5660828045689605,0.19006309148264985,1.850824170707251,1.863564668769716,1.8571944197384838,2536,0.6853312302839116,1268,0.17012396262083143,0.2819200902472159,52.956707434839146,mode,median,mode,median,0.9881703470031545,0.975727046579007,0.975727046579007,0.32965299684542587,0.26419558359621453,1.6918436061994298,1.641167192429022,2.2996845425867507,0.9929022082018928,0.9867838612143381,0.9867838612143381,0.32965299684542587,0.2476340694006309,1.7919841745038778,1.75,2.2996845425867507,0.6453108935467765,75708.74,1268.0,24439.0,128.03,8443.0,46.8806,67149.10502737603
tab,dpmlm_shap,"{'epsilon': 25, 'rho': 0.2}",,0.12658952336442747,0.047244094488188976,0.0767465595070449,0.03968253968253968,0.1556880561866035,0.06299212598425197,0.5891167192429022,0.3057614756653911,0.3057614756653911,0.1750788643533123,1.9313101624309976,1.9637223974763407,1.9475162799536694,2536.0,0.5891167192429022,1268.0,0.5977917981072555,0.4798673760385306,0.4798673760385306,0.19558359621451105,1.8594317130515157,1.8769716088328077,1.8682016609421617,2536,0.5977917981072555,1268,0.189063065200574,0.3166267716264123,59.812478665521915,mode,median,mode,median,0.9881703470031545,0.975727046579007,0.975727046579007,0.32965299684542587,0.26419558359621453,1.6918436061994298,1.641167192429022,2.2996845425867507,0.9929022082018928,0.9867838612143381,0.9867838612143381,0.32965299684542587,0.2476340694006309,1.7919841745038778,1.75,2.2996845425867507,0.7410764797386648,75708.74,1268.0,24439.0,128.03,8443.0,46.8806,75842.22294788179
tab,dpmlm_shap,"{'epsilon': 25, 'rho': 0.1}",,0.09742686662536681,0.031496062992125984,0.05794519905327152,0.031746031746031744,0.12934505073112787,0.06299212598425197,0.527602523659306,0.2268453813701892,0.2268453813701892,0.17113564668769715,1.9927677951742062,2.0205047318611986,2.0066362635177026,2536.0,0.527602523659306,1268.0,0.500788643533123,0.3847841185466005,0.3847841185466005,0.1861198738170347,1.9014057977891232,1.9242902208201893,1.912848009304656,2536,0.500788643533123,1268,0.20850977132373053,0.3501375090883169,66.46669558359622,mode,median,mode,median,0.9881703470031545,0.975727046579007,0.975727046579007,0.32965299684542587,0.26419558359621453,1.6918436061994298,1.641167192429022,2.2996845425867507,0.9929022082018928,0.9867838612143381,0.9867838612143381,0.32965299684542587,0.2476340694006309,1.7919841745038778,1.75,2.2996845425867507,0.8340266325902354,75708.74,1268.0,24439.0,128.03,8443.0,46.8806,84279.77
tab,dpmlm_shap,{'epsilon': 50},,0.1663259311505946,0.07086614173228346,0.1092060756835794,0.06349206349206349,0.2360322599533456,0.14960629921259844,0.6159305993690851,0.365869121725315,0.365869121725315,0.2058359621451104,1.906544680726395,1.9235015772870663,1.9150231290067308,2536.0,0.6159305993690851,1268.0,0.580441640378549,0.4712847927743999,0.4712847927743999,0.21845425867507887,1.9062109439169066,1.9305993690851735,1.9184051565010398,2536,0.580441640378549,1268,0.1959424630888629,0.2826779145712168,41.94092271293375,mode,median,mode,median,0.9881703470031545,0.975727046579007,0.975727046579007,0.32965299684542587,0.26419558359621453,1.6918436061994298,1.641167192429022,2.2996845425867507,0.9929022082018928,0.9867838612143381,0.9867838612143381,0.32965299684542587,0.2476340694006309,1.7919841745038778,1.75,2.2996845425867507,0.8282377911310311,44610.06,1268.0,24439.0,128.03,8443.0,46.8806,53181.09
tab,dpmlm_shap,"{'epsilon': 50, 'k': 2}",,0.6525198832427186,0.5354330708661418,0.36069708040491033,0.06349206349206349,0.7130920054857054,0.5669291338582677,0.917192429022082,0.800571780389621,0.800571780389621,0.2555205047318612,1.83622483860845,1.8162460567823344,1.826235447695392,2536.0,0.917192429022082,1268.0,0.8935331230283912,0.7969878627796959,0.7969878627796959,0.20977917981072555,1.87508360337902,1.8840694006309149,1.879576502004967,2536,0.8935331230283912,1268,0.08900539624014112,0.12754921923018403,23.804604604434395,mode,median,mode,median,0.9881703470031545,0.975727046579007,0.975727046579007,0.32965299684542587,0.26419558359621453,1.6918436061994298,1.641167192429022,2.2996845425867507,0.9929022082018928,0.9867838612143381,0.9867838612143381,0.32965299684542587,0.2476340694006309,1.7919841745038778,1.75,2.2996845425867507,0.20392191357336728,42981.22,1268.0,50930.0,128.03,8443.0,92.62219999999999,30184.238638422812
tab,dpmlm_shap,"{'epsilon': 50, 'k': 2}",test,0.43938204117331897,0.06299212598425197,,,0.617558127274569,0.5196850393700787,,,,,,,,,,,0.889763779527559,0.8330615614080181,0.8330615614080181,0.18110236220472442,2.543111205834991,2.236220472440945,2.389665839137968,2536,0.889763779527559,1268,,,,,,mode,median,,,,,,,,,0.9929022082018928,0.9867838612143381,0.9867838612143381,0.32965299684542587,0.2476340694006309,1.7919841745038778,1.75,2.2996845425867507,0.16852172091086323,,,,,,,
tab,dpmlm_shap,"{'epsilon': 50, 'k': 3}",,0.6115826742835624,0.4881889763779528,0.2682739817649535,0.06349206349206349,0.6523711473171142,0.47244094488188976,0.8974763406940063,0.7269658321099701,0.7269658321099701,0.2610410094637224,1.7154402673276488,1.7003154574132493,1.707877862370449,2536.0,0.8974763406940063,1268.0,0.8761829652996845,0.7796776684721118,0.7796776684721118,0.22318611987381703,1.8437941921847205,1.8548895899053628,1.8493418910450419,2536,0.8761829652996845,1268,0.09771002532931908,0.14060677350601564,28.718491601365812,mode,median,mode,median,0.9881703470031545,0.975727046579007,0.975727046579007,0.32965299684542587,0.26419558359621453,1.6918436061994298,1.641167192429022,2.2996845425867507,0.9929022082018928,0.9867838612143381,0.9867838612143381,0.32965299684542587,0.2476340694006309,1.7919841745038778,1.75,2.2996845425867507,0.26270996568257987,42981.22,1268.0,50930.0,128.03,8443.0,92.62219999999999,36415.04735053185
tab,dpmlm_shap,"{'epsilon': 50, 'k': 3}",test,0.3239402214007905,0.07086614173228346,,,0.525448119674683,0.41732283464566927,,,,,,,,,,,0.8818897637795275,0.814013942360399,0.814013942360399,0.18110236220472442,2.5396632566069908,2.236220472440945,2.3879418645239676,2536,0.8818897637795275,1268,,,,,,mode,median,,,,,,,,,0.9929022082018928,0.9867838612143381,0.9867838612143381,0.32965299684542587,0.2476340694006309,1.7919841745038778,1.75,2.2996845425867507,0.23579153036689357,,,,,,,
tab,dpmlm_shap,"{'epsilon': 50, 'k': 5}",,0.5574243822446732,0.4251968503937008,0.19251669747290917,0.07142857142857142,0.5568060096259925,0.3464566929133858,0.8753943217665615,0.6365478100585783,0.6365478100585783,0.24842271293375395,1.7854574957014167,1.7807570977917981,1.7831072967466075,2536.0,0.8753943217665615,1268.0,0.8564668769716088,0.7420233393904986,0.7420233393904986,0.222397476340694,1.8605031225108368,1.8698738170347002,1.8651884697727685,2536,0.8564668769716088,1268,0.10797450402369635,0.15468927750170042,34.11439853958723,mode,median,mode,median,0.9881703470031545,0.975727046579007,0.975727046579007,0.32965299684542587,0.26419558359621453,1.6918436061994298,1.641167192429022,2.2996845425867507,0.9929022082018928,0.9867838612143381,0.9867838612143381,0.32965299684542587,0.2476340694006309,1.7919841745038778,1.75,2.2996845425867507,0.3272647384029769,42981.22,1268.0,50930.0,128.03,8443.0,92.62219999999999,43257.057348196606
tab,dpmlm_shap,"{'epsilon': 50, 'k': 5}",test,0.23588585772113702,0.07086614173228346,,,0.4780888503881199,0.3543307086614173,,,,,,,,,,,0.84251968503937,0.7269699357015533,0.7269699357015533,0.2204724409448819,2.394761769442076,2.1023622047244093,2.2485619870832427,2536,0.84251968503937,1268,,,,,,mode,median,,,,,,,,,0.9929022082018928,0.9867838612143381,0.9867838612143381,0.32965299684542587,0.2476340694006309,1.7919841745038778,1.75,2.2996845425867507,0.29872916082904843,,,,,,,
tab,dpmlm_shap,"{'epsilon': 50, 'k': 7}",,0.5441790799147755,0.41732283464566927,0.1709408228858301,0.07936507936507936,0.49323270628890986,0.25984251968503935,0.8722397476340694,0.6222954431455076,0.6222954431455076,0.22318611987381703,1.8467716181447367,1.8406940063091484,1.8437328122269423,2536.0,0.8722397476340694,1268.0,0.8430599369085173,0.7223095158846196,0.7223095158846196,0.21845425867507887,1.8510575785733083,1.861198738170347,1.8561281583718279,2536,0.8430599369085173,1268,0.1136502481127387,0.16222853192395592,37.00103211348912,mode,median,mode,median,0.9881703470031545,0.975727046579007,0.975727046579007,0.32965299684542587,0.26419558359621453,1.6918436061994298,1.641167192429022,2.2996845425867507,0.9929022082018928,0.9867838612143381,0.9867838612143381,0.32965299684542587,0.2476340694006309,1.7919841745038778,1.75,2.2996845425867507,0.3617994285716192,42981.22,1268.0,50930.0,128.03,8443.0,92.62219999999999,46917.3087199042
tab,dpmlm_shap,"{'epsilon': 50, 'k': 7}",test,0.20473841810913057,0.07086614173228346,,,0.43905055622844963,0.3228346456692913,,,,,,,,,,,0.84251968503937,0.7269699357015533,0.7269699357015533,0.2204724409448819,2.3948707019039497,2.1181102362204722,2.256490469062211,2536,0.84251968503937,1268,,,,,,mode,median,,,,,,,,,0.9929022082018928,0.9867838612143381,0.9867838612143381,0.32965299684542587,0.2476340694006309,1.7919841745038778,1.75,2.2996845425867507,0.3541185286705449,,,,,,,
tab,dpmlm_shap,"{'epsilon': 50, 'k': 10}",,0.4988076705957985,0.3700787401574803,0.15827013319401786,0.07936507936507936,0.4376493133039421,0.2204724409448819,0.8651419558359621,0.6084958060922263,0.6084958060922263,0.23738170347003154,1.8718024868440695,1.8753943217665616,1.8735984043053155,2536.0,0.8651419558359621,1268.0,0.8288643533123028,0.6993647473671735,0.6993647473671735,0.21214511041009465,1.8548803889061531,1.8690851735015772,1.8619827812038652,2536,0.8288643533123028,1268,0.11972408198783827,0.17105717496352993,39.967068620537525,mode,median,mode,median,0.9881703470031545,0.975727046579007,0.975727046579007,0.32965299684542587,0.26419558359621453,1.6918436061994298,1.641167192429022,2.2996845425867507,0.9929022082018928,0.9867838612143381,0.9867838612143381,0.32965299684542587,0.2476340694006309,1.7919841745038778,1.75,2.2996845425867507,0.39728406809285277,42981.22,1268.0,50930.0,128.03,8443.0,92.62219999999999,50678.24301084158
tab,dpmlm_shap,"{'epsilon': 50, 'k': 10}",test,0.18964115288247782,0.07874015748031496,,,0.42186725305873757,0.31496062992125984,,,,,,,,,,,0.8267716535433071,0.7150240384615385,0.7150240384615385,0.2047244094488189,2.377692526285877,2.1023622047244093,2.240027365505143,2536,0.8267716535433071,1268,,,,,,mode,median,,,,,,,,,0.9929022082018928,0.9867838612143381,0.9867838612143381,0.32965299684542587,0.2476340694006309,1.7919841745038778,1.75,2.2996845425867507,0.40553037620412674,,,,,,,
tab,dpmlm_shap,"{'epsilon': 50, 'lambda': 0.99}",,0.7167761269918933,0.6220472440944882,0.5859787718649602,0.5,0.7117776344674794,0.6220472440944882,0.9700315457413249,0.9415857827327447,0.9415857827327447,0.27129337539432175,1.8197963835621331,1.7839116719242902,1.8018540277432118,2536.0,0.9700315457413249,1268.0,0.9526813880126183,0.91773008072821,0.91773008072821,0.1971608832807571,1.9689243390433968,1.9787066246056781,1.9738154818245373,2536,0.9526813880126183,1268,0.06646620954624861,0.09842997869294524,8.708361960678015,mode,median,mode,median,0.9881703470031545,0.975727046579007,0.975727046579007,0.32965299684542587,0.26419558359621453,1.6918436061994298,1.641167192429022,2.2996845425867507,0.9929022082018928,0.9867838612143381,0.9867838612143381,0.32965299684542587,0.2476340694006309,1.7919841745038778,1.75,2.2996845425867507,0.019584012166732376,7118.19,1268.0,24439.0,128.03,8443.0,46.8806,11042.202966139725
tab,dpmlm_shap,"{'epsilon': 50, 'lambda': 0.98}",,0.6622743361946208,0.5590551181102362,0.5292222188188764,0.4523809523809524,0.656411759870313,0.5511811023622047,0.9597791798107256,0.9209551699529174,0.9209551699529174,0.23817034700315456,1.9684302188864575,1.9195583596214512,1.9439942892539543,2536.0,0.9597791798107256,1268.0,0.9321766561514195,0.8738867716263424,0.8738867716263424,0.19558359621451105,1.976277452550355,1.9889589905362777,1.9826182215433164,2536,0.9321766561514195,1268,0.07179491240707482,0.10698725579288856,10.427457755424811,mode,median,mode,median,0.9881703470031545,0.975727046579007,0.975727046579007,0.32965299684542587,0.26419558359621453,1.6918436061994298,1.641167192429022,2.2996845425867507,0.9929022082018928,0.9867838612143381,0.9867838612143381,0.32965299684542587,0.2476340694006309,1.7919841745038778,1.75,2.2996845425867507,0.03685900426900218,7118.19,1268.0,24439.0,128.03,8443.0,46.8806,13222.01643387866
tab,dpmlm_shap,"{'epsilon': 50, 'lambda': 0.95}",,0.5702165143100364,0.4566929133858268,0.45748301289929055,0.373015873015873,0.5987850884916291,0.48031496062992124,0.8541009463722398,0.6110705373578565,0.6110705373578565,0.2823343848580442,1.6438320459254538,1.6309148264984228,1.6373734362119385,2536.0,0.8541009463722398,1268.0,0.7917981072555205,0.6916196647021065,0.6916196647021065,0.18848580441640378,2.0774433314986616,2.0977917981072554,2.0876175648029585,2536,0.7917981072555205,1268,0.07553671427329632,0.1346804727139157,11.59962688080585,mode,median,mode,median,0.9881703470031545,0.975727046579007,0.975727046579007,0.32965299684542587,0.26419558359621453,1.6918436061994298,1.641167192429022,2.2996845425867507,0.9929022082018928,0.9867838612143381,0.9867838612143381,0.32965299684542587,0.2476340694006309,1.7919841745038778,1.75,2.2996845425867507,0.04863799439006431,7118.19,1268.0,24439.0,128.03,8443.0,46.8806,14708.326884861817
tab,dpmlm_shap,"{'epsilon': 50, 'lambda': 0.9}",,0.5430304678983533,0.41732283464566927,0.4344026879631099,0.35714285714285715,0.5741447308664503,0.44881889763779526,0.7697160883280757,0.5354949088097201,0.5354949088097201,0.26813880126182965,1.8428866069381844,1.8028391167192428,1.8228628618287135,2536.0,0.7697160883280757,1268.0,0.6837539432176656,0.5717572258076259,0.5717572258076259,0.17981072555205047,2.182348013520059,2.2066246056782335,2.1944863095991463,2536,0.6837539432176656,1268,0.07736906160127477,0.15414788740854535,12.061435919001287,mode,median,mode,median,0.9881703470031545,0.975727046579007,0.975727046579007,0.32965299684542587,0.26419558359621453,1.6918436061994298,1.641167192429022,2.2996845425867507,0.9929022082018928,0.9867838612143381,0.9867838612143381,0.32965299684542587,0.2476340694006309,1.7919841745038778,1.75,2.2996845425867507,0.053278659274453743,7118.19,1268.0,24439.0,128.03,8443.0,46.8806,15293.900745293631
tab,dpmlm_shap,"{'epsilon': 50, 'lambda': 0.8}",,0.5147068054413757,0.3937007874015748,0.42304168847659146,0.3492063492063492,0.5556765728707723,0.4409448818897638,0.7310725552050473,0.49123242633966213,0.49123242633966213,0.2854889589905363,1.757379156947094,1.7192429022082019,1.738311029577648,2536.0,0.7310725552050473,1268.0,0.6585173501577287,0.5400254261132017,0.5400254261132017,0.1805993690851735,2.205423119275751,2.2310725552050474,2.2182478372403995,2536,0.6585173501577287,1268,0.07830227102955058,0.16052850192465618,12.37320189274448,mode,median,mode,median,0.9881703470031545,0.975727046579007,0.975727046579007,0.32965299684542587,0.26419558359621453,1.6918436061994298,1.641167192429022,2.2996845425867507,0.9929022082018928,0.9867838612143381,0.9867838612143381,0.32965299684542587,0.2476340694006309,1.7919841745038778,1.75,2.2996845425867507,0.056411558994543726,7118.19,1268.0,24439.0,128.03,8443.0,46.8806,15689.22
tab,dpmlm_shap,"{'epsilon': 50, 'rho': 0.9}",,0.7304568411026374,0.6299212598425197,0.5426869099938266,0.4365079365079365,0.6870723306188404,0.5984251968503937,0.9518927444794952,0.8848222281923896,0.8848222281923896,0.26813880126182965,1.89757859031542,1.8580441640378549,1.8778113771766374,2536.0,0.9518927444794952,1268.0,0.9511041009463722,0.8947684438105256,0.8947684438105256,0.19479495268138802,1.9258691706271718,1.9305993690851735,1.9282342698561725,2536,0.9511041009463722,1268,0.07103482184914009,0.10314699711295708,13.368752169167465,mode,median,mode,median,0.9881703470031545,0.975727046579007,0.975727046579007,0.32965299684542587,0.26419558359621453,1.6918436061994298,1.641167192429022,2.2996845425867507,0.9929022082018928,0.9867838612143381,0.9867838612143381,0.32965299684542587,0.2476340694006309,1.7919841745038778,1.75,2.2996845425867507,0.07008497157523146,89445.1,1268.0,24439.0,128.03,8443.0,46.8806,16951.577750504344
tab,dpmlm_shap,"{'epsilon': 50, 'rho': 0.8}",,0.6422086133926768,0.5354330708661418,0.4512632909434451,0.35714285714285715,0.5978429150913818,0.49606299212598426,0.9550473186119873,0.9005935046529862,0.9005935046529862,0.24369085173501578,1.789845166462526,1.776813880126183,1.7833295232943545,2536.0,0.9550473186119873,1268.0,0.9250788643533123,0.8430692754433835,0.8430692754433835,0.19873817034700317,1.911584675562648,1.915615141955836,1.9135999087592421,2536,0.9250788643533123,1268,0.08325632945972286,0.12406522150765457,21.323667831174422,mode,median,mode,median,0.9881703470031545,0.975727046579007,0.975727046579007,0.32965299684542587,0.26419558359621453,1.6918436061994298,1.641167192429022,2.2996845425867507,0.9929022082018928,0.9867838612143381,0.9867838612143381,0.32965299684542587,0.2476340694006309,1.7919841745038778,1.75,2.2996845425867507,0.1544392917581038,89445.1,1268.0,24439.0,128.03,8443.0,46.8806,27038.410809929166
tab,dpmlm_shap,"{'epsilon': 50, 'rho': 0.7}",,0.5578920123980963,0.4330708661417323,0.3921045408731771,0.30158730158730157,0.5534022620703989,0.4566929133858268,0.9148264984227129,0.7708410537149405,0.7708410537149405,0.23895899053627762,1.8275017052842466,1.8115141955835963,1.8195079504339213,2536.0,0.9148264984227129,1268.0,0.9029968454258676,0.8146683033598197,0.8146683033598197,0.18690851735015773,1.9248352355230485,1.9266561514195584,1.9257456934713033,2536,0.9029968454258676,1268,0.09555395788950875,0.14509702969800786,29.555398032841662,mode,median,mode,median,0.9881703470031545,0.975727046579007,0.975727046579007,0.32965299684542587,0.26419558359621453,1.6918436061994298,1.641167192429022,2.2996845425867507,0.9929022082018928,0.9867838612143381,0.9867838612143381,0.32965299684542587,0.2476340694006309,1.7919841745038778,1.75,2.2996845425867507,0.2417289670474169,89445.1,1268.0,24439.0,128.03,8443.0,46.8806,37476.24470564323
tab,dpmlm_shap,"{'epsilon': 50, 'rho': 0.6}",,0.49208708867543777,0.3779527559055118,0.32665673538218454,0.23809523809523808,0.4918339056359439,0.3858267716535433,0.887223974763407,0.6610173671409635,0.6610173671409635,0.23895899053627762,1.9495108573884643,1.9250788643533123,1.9372948608708884,2536.0,0.887223974763407,1268.0,0.8793375394321766,0.7739631444643758,0.7739631444643758,0.19085173501577288,1.9207379813486238,1.9195583596214512,1.9201481704850376,2536,0.8793375394321766,1268,0.10829057570323583,0.1647912689281939,37.826938777265696,mode,median,mode,median,0.9881703470031545,0.975727046579007,0.975727046579007,0.32965299684542587,0.26419558359621453,1.6918436061994298,1.641167192429022,2.2996845425867507,0.9929022082018928,0.9867838612143381,0.9867838612143381,0.32965299684542587,0.2476340694006309,1.7919841745038778,1.75,2.2996845425867507,0.32944079530642134,89445.1,1268.0,24439.0,128.03,8443.0,46.8806,47964.5583695729
tab,dpmlm_shap,"{'epsilon': 50, 'rho': 0.5}",,0.4446276870819825,0.3228346456692913,0.27163845112303464,0.18253968253968253,0.4368398108633085,0.3228346456692913,0.8777602523659306,0.6267214201844898,0.6267214201844898,0.22476340694006308,1.7789420651367331,1.7847003154574133,1.7818211902970733,2536.0,0.8777602523659306,1268.0,0.8430599369085173,0.7250970437285295,0.7250970437285295,0.19637223974763407,1.9341244025477597,1.9369085173501577,1.9355164599489587,2536,0.8430599369085173,1268,0.1211896703728366,0.18353156308270402,46.00464472408932,mode,median,mode,median,0.9881703470031545,0.975727046579007,0.975727046579007,0.32965299684542587,0.26419558359621453,1.6918436061994298,1.641167192429022,2.2996845425867507,0.9929022082018928,0.9867838612143381,0.9867838612143381,0.32965299684542587,0.2476340694006309,1.7919841745038778,1.75,2.2996845425867507,0.41615759471818303,89445.1,1268.0,24439.0,128.03,8443.0,46.8806,58333.88951014526
tab,dpmlm_shap,"{'epsilon': 50, 'rho': 0.4}",,0.3674567657906059,0.23622047244094488,0.22731074264706647,0.14285714285714285,0.3942234043009809,0.29133858267716534,0.861198738170347,0.5974188057545226,0.5974188057545226,0.2421135646687697,1.9518804579515263,1.9179810725552051,1.9349307652533658,2536.0,0.861198738170347,1268.0,0.807570977917981,0.6816806806633332,0.6816806806633332,0.20031545741324921,1.9094667240784797,1.9179810725552051,1.9137238983168425,2536,0.807570977917981,1268,0.13454739359275023,0.20114757969082342,54.050656717157146,mode,median,mode,median,0.9881703470031545,0.975727046579007,0.975727046579007,0.32965299684542587,0.26419558359621453,1.6918436061994298,1.641167192429022,2.2996845425867507,0.9929022082018928,0.9867838612143381,0.9867838612143381,0.32965299684542587,0.2476340694006309,1.7919841745038778,1.75,2.2996845425867507,0.5014779049133059,89445.1,1268.0,24439.0,128.03,8443.0,46.8806,68536.23271735526
tab,dpmlm_shap,"{'epsilon': 50, 'rho': 0.3}",,0.31347747520727337,0.1732283464566929,0.23703959735505634,0.16666666666666666,0.37075401628706156,0.2755905511811024,0.8343848580441641,0.5778253669938761,0.5778253669938761,0.22082018927444794,1.8971619597765015,1.9069400630914826,1.9020510114339924,2536.0,0.8343848580441641,1268.0,0.7618296529968455,0.6313440001879834,0.6313440001879834,0.20189274447949526,1.8930983652521869,1.9053627760252365,1.8992305706387118,2536,0.7618296529968455,1268,0.14796419352387027,0.2192824713016158,61.94564389005603,mode,median,mode,median,0.9881703470031545,0.975727046579007,0.975727046579007,0.32965299684542587,0.26419558359621453,1.6918436061994298,1.641167192429022,2.2996845425867507,0.9929022082018928,0.9867838612143381,0.9867838612143381,0.32965299684542587,0.2476340694006309,1.7919841745038778,1.75,2.2996845425867507,0.5851967404256816,89445.1,1268.0,24439.0,128.03,8443.0,46.8806,78547.07645259105
tab,dpmlm_shap,"{'epsilon': 50, 'rho': 0.2}",,0.2683837319882146,0.13385826771653545,0.2133682742949752,0.15079365079365079,0.3500561466506983,0.25984251968503935,0.7665615141955836,0.5212065332718921,0.5212065332718921,0.1995268138801262,1.897814442308112,1.912460567823344,1.9051375050657278,2536.0,0.7665615141955836,1268.0,0.7208201892744479,0.5874430596379182,0.5874430596379182,0.20031545741324921,1.917375928069009,1.9329652996845426,1.925170613876776,2536,0.7208201892744479,1268,0.16251797743776245,0.2382942175945085,69.67783845932051,mode,median,mode,median,0.9881703470031545,0.975727046579007,0.975727046579007,0.32965299684542587,0.26419558359621453,1.6918436061994298,1.641167192429022,2.2996845425867507,0.9929022082018928,0.9867838612143381,0.9867838612143381,0.32965299684542587,0.2476340694006309,1.7919841745038778,1.75,2.2996845425867507,0.6671893150958507,89445.1,1268.0,24439.0,128.03,8443.0,46.8806,88351.4991664184
tab,dpmlm_shap,"{'epsilon': 50, 'rho': 0.1}",,0.19668394449781207,0.07874015748031496,0.14015471900136114,0.0873015873015873,0.26374344307244124,0.1732283464566929,0.7121451104100947,0.4712926262669292,0.4712926262669292,0.19637223974763407,1.9081440965936771,1.9211356466876972,1.914639871640687,2536.0,0.7121451104100947,1268.0,0.6719242902208202,0.5329308708487749,0.5329308708487749,0.19085173501577288,1.9157941229738102,1.9369085173501577,1.926351320161984,2536,0.6719242902208202,1268,0.17825412157958237,0.25924713904925323,77.29978706624605,mode,median,mode,median,0.9881703470031545,0.975727046579007,0.975727046579007,0.32965299684542587,0.26419558359621453,1.6918436061994298,1.641167192429022,2.2996845425867507,0.9929022082018928,0.9867838612143381,0.9867838612143381,0.32965299684542587,0.2476340694006309,1.7919841745038778,1.75,2.2996845425867507,0.7480128361140215,89445.1,1268.0,24439.0,128.03,8443.0,46.8806,98016.13
tab,dpmlm_shap,{'epsilon': 100},,0.230256944273761,0.11023622047244094,0.1590784266847913,0.1111111111111111,0.30161263026535096,0.2047244094488189,0.7815457413249212,0.5341590197217515,0.5341590197217515,0.21608832807570977,1.747495286946369,1.775236593059937,1.761365940003153,2536.0,0.7815457413249212,1268.0,0.6884858044164038,0.5738697350540606,0.5738697350540606,0.2058359621451104,1.9155220339980679,1.9376971608832807,1.926609597440674,2536,0.6884858044164038,1268,0.17961916637721498,0.23738335910890757,89.30107255520504,mode,median,mode,median,0.9881703470031545,0.975727046579007,0.975727046579007,0.32965299684542587,0.26419558359621453,1.6918436061994298,1.641167192429022,2.2996845425867507,0.9929022082018928,0.9867838612143381,0.9867838612143381,0.32965299684542587,0.2476340694006309,1.7919841745038778,1.75,2.2996845425867507,0.7594249822487005,104662.73,1268.0,24439.0,128.03,8443.0,46.8806,113233.76
tab,dpmlm_shap,"{'epsilon': 100, 'k': 2}",,0.6644835842539824,0.5590551181102362,0.368374976853927,0.07142857142857142,0.7478640176798331,0.6377952755905512,0.9037854889589906,0.7412561149157737,0.7412561149157737,0.2618296529968454,1.773104003830416,1.753154574132492,1.7631292889814543,2536.0,0.9037854889589906,1268.0,0.8974763406940063,0.7954762455575214,0.7954762455575214,0.21529968454258674,1.9121903997581466,1.9187697160883281,1.9154800579232374,2536,0.8974763406940063,1268,0.0907962449153515,0.12653995636697823,35.525250444279635,mode,median,mode,median,0.9881703470031545,0.975727046579007,0.975727046579007,0.32965299684542587,0.26419558359621453,1.6918436061994298,1.641167192429022,2.2996845425867507,0.9929022082018928,0.9867838612143381,0.9867838612143381,0.32965299684542587,0.2476340694006309,1.7919841745038778,1.75,2.2996845425867507,0.22119924788140952,67306.42,1268.0,50930.0,128.03,8443.0,92.62219999999999,45046.01756334658
tab,dpmlm_shap,"{'epsilon': 100, 'k': 2}",test,0.4420971581694139,0.08661417322834646,,,0.6480255839165392,0.5511811023622047,,,,,,,,,,,0.889763779527559,0.840487462438682,0.840487462438682,0.15748031496062992,2.655605285592498,2.251968503937008,2.453786894764753,2536,0.889763779527559,1268,,,,,,mode,median,,,,,,,,,0.9929022082018928,0.9867838612143381,0.9867838612143381,0.32965299684542587,0.2476340694006309,1.7919841745038778,1.75,2.2996845425867507,0.18452643102047964,,,,,,,
tab,dpmlm_shap,"{'epsilon': 100, 'k': 3}",,0.6134190791592243,0.49606299212598426,0.2844183470639638,0.07936507936507936,0.7019322591496496,0.5590551181102362,0.8769716088328076,0.6241353114041799,0.6241353114041799,0.2539432176656151,1.7655111621363124,1.7570977917981072,1.7613044769672097,2536.0,0.8769716088328076,1268.0,0.8848580441640379,0.7762497706864823,0.7762497706864823,0.22476340694006308,1.8954357654402334,1.9045741324921135,1.9000049489661734,2536,0.8848580441640379,1268,0.09942571423971315,0.13651671084319755,43.07799975906055,mode,median,mode,median,0.9881703470031545,0.975727046579007,0.975727046579007,0.32965299684542587,0.26419558359621453,1.6918436061994298,1.641167192429022,2.2996845425867507,0.9929022082018928,0.9867838612143381,0.9867838612143381,0.32965299684542587,0.2476340694006309,1.7919841745038778,1.75,2.2996845425867507,0.2792774036470696,67306.42,1268.0,50930.0,128.03,8443.0,92.62219999999999,54622.90369448878
tab,dpmlm_shap,"{'epsilon': 100, 'k': 3}",test,0.35315814361547043,0.11023622047244094,,,0.5837114753719612,0.4881889763779528,,,,,,,,,,,0.8582677165354331,0.8043570788530465,0.8043570788530465,0.16535433070866143,2.619804395188027,2.2283464566929134,2.42407542594047,2536,0.858267716535433,1268,,,,,,mode,median,,,,,,,,,0.9929022082018928,0.9867838612143381,0.9867838612143381,0.32965299684542587,0.2476340694006309,1.7919841745038778,1.75,2.2996845425867507,0.252501295688869,,,,,,,
tab,dpmlm_shap,"{'epsilon': 100, 'k': 5}",,0.5627415314368521,0.4409448818897638,0.21099337184087857,0.0873015873015873,0.6128679969255106,0.4330708661417323,0.8675078864353313,0.6086620566433415,0.6086620566433415,0.24684542586750788,1.8120268502311658,1.8075709779179812,1.8097989140745734,2536.0,0.8675078864353313,1268.0,0.8722397476340694,0.7564429689150637,0.7564429689150637,0.22318611987381703,1.8929874788408452,1.9022082018927444,1.8975978403667948,2536,0.8722397476340694,1268,0.10904492903207003,0.1486644151411974,51.09852025578773,mode,median,mode,median,0.9881703470031545,0.975727046579007,0.975727046579007,0.32965299684542587,0.26419558359621453,1.6918436061994298,1.641167192429022,2.2996845425867507,0.9929022082018928,0.9867838612143381,0.9867838612143381,0.32965299684542587,0.2476340694006309,1.7919841745038778,1.75,2.2996845425867507,0.34095256580543426,67306.42,1268.0,50930.0,128.03,8443.0,92.62219999999999,64792.92368433884
tab,dpmlm_shap,"{'epsilon': 100, 'k': 5}",test,0.2909318309954569,0.11023622047244094,,,0.5319727989291118,0.4409448818897638,,,,,,,,,,,0.8503937007874016,0.7795922096908939,0.7795922096908939,0.18110236220472442,2.581455432414512,2.1811023622047245,2.381278897309618,2536,0.8503937007874017,1268,,,,,,mode,median,,,,,,,,,0.9929022082018928,0.9867838612143381,0.9867838612143381,0.32965299684542587,0.2476340694006309,1.7919841745038778,1.75,2.2996845425867507,0.3308434801635656,,,,,,,
tab,dpmlm_shap,"{'epsilon': 100, 'k': 7}",,0.5111712096799004,0.3858267716535433,0.17934351039409835,0.0873015873015873,0.5708883886073196,0.3937007874015748,0.8682965299684543,0.6114299344750916,0.6114299344750916,0.24132492113564669,1.9075168213847116,1.9022082018927444,1.904862511638728,2536.0,0.8682965299684543,1268.0,0.8588328075709779,0.7315230458233059,0.7315230458233059,0.2192429022082019,1.8960568777255142,1.9053627760252365,1.9007098268753755,2536,0.8588328075709779,1268,0.11463862460118363,0.15553052624693428,55.626918785788874,mode,median,mode,median,0.9881703470031545,0.975727046579007,0.975727046579007,0.32965299684542587,0.26419558359621453,1.6918436061994298,1.641167192429022,2.2996845425867507,0.9929022082018928,0.9867838612143381,0.9867838612143381,0.32965299684542587,0.2476340694006309,1.7919841745038778,1.75,2.2996845425867507,0.37577445969243156,67306.42,1268.0,50930.0,128.03,8443.0,92.62219999999999,70534.9330203803
tab,dpmlm_shap,"{'epsilon': 100, 'k': 7}",test,0.2651352593712577,0.11023622047244094,,,0.5181302487260594,0.4251968503937008,,,,,,,,,,,0.8267716535433071,0.7537900372351781,0.7537900372351781,0.2125984251968504,2.515835464620631,2.1181102362204722,2.3169728504205516,2536,0.8267716535433071,1268,,,,,,mode,median,,,,,,,,,0.9929022082018928,0.9867838612143381,0.9867838612143381,0.32965299684542587,0.2476340694006309,1.7919841745038778,1.75,2.2996845425867507,0.36426829771568325,,,,,,,
tab,dpmlm_shap,"{'epsilon': 100, 'k': 10}",,0.48156216502732574,0.36220472440944884,0.1633392430589583,0.0873015873015873,0.49906611639134685,0.31496062992125984,0.8651419558359621,0.6227856797105149,0.6227856797105149,0.25709779179810727,1.7518586805333194,1.747634069400631,1.7497463749669748,2536.0,0.8651419558359621,1268.0,0.8430599369085173,0.7085183851860961,0.7085183851860961,0.21687697160883282,1.8906951915668821,1.9014195583596214,1.8960573749632519,2536,0.8430599369085173,1268,0.1200127094890041,0.16219480284004933,59.84026025236593,mode,median,mode,median,0.9881703470031545,0.975727046579007,0.975727046579007,0.32965299684542587,0.26419558359621453,1.6918436061994298,1.641167192429022,2.2996845425867507,0.9929022082018928,0.9867838612143381,0.9867838612143381,0.32965299684542587,0.2476340694006309,1.7919841745038778,1.75,2.2996845425867507,0.4081736684826514,67306.42,1268.0,50930.0,128.03,8443.0,92.62219999999999,75877.45
tab,dpmlm_shap,"{'epsilon': 100, 'k': 10}",test,0.2505192977465664,0.11023622047244094,,,0.46252356655953836,0.36220472440944884,,,,,,,,,,,0.8188976377952756,0.7430098684210527,0.7430098684210527,0.2204724409448819,2.4735365160556975,2.0866141732283463,2.2800753446420217,2536,0.8188976377952756,1268,,,,,,mode,median,,,,,,,,,0.9929022082018928,0.9867838612143381,0.9867838612143381,0.32965299684542587,0.2476340694006309,1.7919841745038778,1.75,2.2996845425867507,0.4021973602798688,,,,,,,
tab,dpmlm_shap,"{'epsilon': 100, 'lambda': 0.99}",,0.7205721760174502,0.6141732283464567,0.5936749938230317,0.5,0.7115087727631066,0.6141732283464567,0.9755520504731862,0.9492337932425934,0.9492337932425934,0.24842271293375395,1.9007492186146087,1.8493690851735016,1.8750591518940551,2536.0,0.9755520504731862,1268.0,0.9526813880126183,0.9146295563065587,0.9146295563065587,0.19242902208201892,1.9792695115177534,1.9865930599369086,1.982931285727331,2536,0.9526813880126183,1268,0.06587062132095313,0.09710572072384109,8.750797963422238,mode,median,mode,median,0.9881703470031545,0.975727046579007,0.975727046579007,0.32965299684542587,0.26419558359621453,1.6918436061994298,1.641167192429022,2.2996845425867507,0.9929022082018928,0.9867838612143381,0.9867838612143381,0.32965299684542587,0.2476340694006309,1.7919841745038778,1.75,2.2996845425867507,0.01831120382415992,7231.46,1268.0,24439.0,128.03,8443.0,46.8806,11096.011817619397
tab,dpmlm_shap,"{'epsilon': 100, 'lambda': 0.98}",,0.6647592271684017,0.5511811023622047,0.5282162821197909,0.42063492063492064,0.6624402185254501,0.5511811023622047,0.9605678233438486,0.9184317687491838,0.9184317687491838,0.24526813880126183,1.8142976359116783,1.7847003154574133,1.7994989756845456,2536.0,0.9605678233438486,1268.0,0.9313880126182965,0.8732597342711966,0.8732597342711966,0.19400630914826497,1.9749146961161301,1.9858044164037856,1.980359556259958,2536,0.9313880126182965,1268,0.0706246563876841,0.1045804751878281,10.471349036633086,mode,median,mode,median,0.9881703470031545,0.975727046579007,0.975727046579007,0.32965299684542587,0.26419558359621453,1.6918436061994298,1.641167192429022,2.2996845425867507,0.9929022082018928,0.9867838612143381,0.9867838612143381,0.32965299684542587,0.2476340694006309,1.7919841745038778,1.75,2.2996845425867507,0.03413262398868676,7231.46,1268.0,24439.0,128.03,8443.0,46.8806,13277.670578450754
tab,dpmlm_shap,"{'epsilon': 100, 'lambda': 0.95}",,0.5736032378084421,0.4251968503937008,0.4660462631520127,0.373015873015873,0.6088648372298728,0.4881889763779528,0.8651419558359621,0.6250878754485503,0.6250878754485503,0.2807570977917981,1.6848697820770187,1.6561514195583595,1.670510600817689,2536.0,0.8651419558359621,1268.0,0.8241324921135647,0.7286818723137719,0.7286818723137719,0.18138801261829654,2.0862208671321105,2.1056782334384856,2.095949550285298,2536,0.8241324921135647,1268,0.07390860141451802,0.12932214662667704,11.668660322352155,mode,median,mode,median,0.9881703470031545,0.975727046579007,0.975727046579007,0.32965299684542587,0.26419558359621453,1.6918436061994298,1.641167192429022,2.2996845425867507,0.9929022082018928,0.9867838612143381,0.9867838612143381,0.32965299684542587,0.2476340694006309,1.7919841745038778,1.75,2.2996845425867507,0.04514256447463814,7231.46,1268.0,24439.0,128.03,8443.0,46.8806,14795.861288742533
tab,dpmlm_shap,"{'epsilon': 100, 'lambda': 0.9}",,0.5486929344576247,0.4094488188976378,0.4449573462547637,0.36507936507936506,0.6002232490564537,0.4881889763779528,0.8351735015772871,0.5865020480010412,0.5865020480010412,0.2555205047318612,1.9486772367181564,1.9053627760252365,1.9270200063716962,2536.0,0.8351735015772871,1268.0,0.749211356466877,0.6569860652341548,0.6569860652341548,0.1750788643533123,2.179848078967072,2.2050473186119874,2.1924476987895294,2536,0.749211356466877,1268,0.07550924927090245,0.14659723977937308,12.147118551267484,mode,median,mode,median,0.9881703470031545,0.975727046579007,0.975727046579007,0.32965299684542587,0.26419558359621453,1.6918436061994298,1.641167192429022,2.2996845425867507,0.9929022082018928,0.9867838612143381,0.9867838612143381,0.32965299684542587,0.2476340694006309,1.7919841745038778,1.75,2.2996845425867507,0.04954225291673594,7231.46,1268.0,24439.0,128.03,8443.0,46.8806,15402.54632300717
tab,dpmlm_shap,"{'epsilon': 100, 'lambda': 0.8}",,0.532774707148733,0.3937007874015748,0.426621102816664,0.3492063492063492,0.5845088700585971,0.48031496062992124,0.8138801261829653,0.5676731418080733,0.5676731418080733,0.26813880126182965,1.7526546346884817,1.7184542586750788,1.73555444668178,2536.0,0.8138801261829653,1268.0,0.7263406940063092,0.6151317789964126,0.6151317789964126,0.17113564668769715,2.1932179885265857,2.218454258675079,2.205836123600833,2536,0.7263406940063092,1268,0.07635591303700529,0.1524274398099737,12.462531545741324,mode,median,mode,median,0.9881703470031545,0.975727046579007,0.975727046579007,0.32965299684542587,0.26419558359621453,1.6918436061994298,1.641167192429022,2.2996845425867507,0.9929022082018928,0.9867838612143381,0.9867838612143381,0.32965299684542587,0.2476340694006309,1.7919841745038778,1.75,2.2996845425867507,0.05244265011425098,7231.46,1268.0,24439.0,128.03,8443.0,46.8806,15802.49
tab,dpmlm_shap,"{'epsilon': 100, 'rho': 0.9}",,0.7229082138247218,0.6220472440944882,0.5473690950289991,0.4365079365079365,0.7098287448446619,0.6062992125984252,0.9692429022082019,0.9350243162889492,0.9350243162889492,0.23659305993690852,1.9522390103486724,1.9203470031545742,1.9362930067516233,2536.0,0.9692429022082019,1268.0,0.9503154574132492,0.8901308523452709,0.8901308523452709,0.20110410094637224,1.9186165685618037,1.9219242902208202,1.9202704293913122,2536,0.9503154574132492,1268,0.07009943285575049,0.10153454650275714,10.90483002976871,mode,median,mode,median,0.9881703470031545,0.975727046579007,0.975727046579007,0.32965299684542587,0.26419558359621453,1.6918436061994298,1.641167192429022,2.2996845425867507,0.9929022082018928,0.9867838612143381,0.9867838612143381,0.32965299684542587,0.2476340694006309,1.7919841745038778,1.75,2.2996845425867507,0.06812178109848717,52628.69,1268.0,24439.0,128.03,8443.0,46.8806,13827.324477746726
tab,dpmlm_shap,"{'epsilon': 100, 'rho': 0.8}",,0.6366705446523718,0.5275590551181102,0.47744159223232824,0.38095238095238093,0.6285090864463139,0.5354330708661418,0.944794952681388,0.8691536282544504,0.8691536282544504,0.2531545741324921,1.9899279850035967,1.9432176656151419,1.9665728253093693,2536.0,0.944794952681388,1268.0,0.9353312302839116,0.8620064890637549,0.8620064890637549,0.1971608832807571,1.9208822463713915,1.9266561514195584,1.9237691988954748,2536,0.9353312302839116,1268,0.08024331494836777,0.11782864549370595,15.667813475883715,mode,median,mode,median,0.9881703470031545,0.975727046579007,0.975727046579007,0.32965299684542587,0.26419558359621453,1.6918436061994298,1.641167192429022,2.2996845425867507,0.9929022082018928,0.9867838612143381,0.9867838612143381,0.32965299684542587,0.2476340694006309,1.7919841745038778,1.75,2.2996845425867507,0.14639345686536281,52628.69,1268.0,24439.0,128.03,8443.0,46.8806,19866.78748742055
tab,dpmlm_shap,"{'epsilon': 100, 'rho': 0.7}",,0.5875314618407015,0.4881889763779528,0.42535322294031325,0.3253968253968254,0.5811008886312607,0.47244094488188976,0.8966876971608833,0.7091901982654963,0.7091901982654963,0.24921135646687698,1.7988874352495974,1.7681388012618298,1.7835131182557136,2536.0,0.8966876971608833,1268.0,0.9148264984227129,0.8316770399600957,0.8316770399600957,0.19873817034700317,1.9099512612773073,1.914826498422713,1.91238887985001,2536,0.9148264984227129,1268,0.09028603136539459,0.13266234165674504,20.47612231108405,mode,median,mode,median,0.9881703470031545,0.975727046579007,0.975727046579007,0.32965299684542587,0.26419558359621453,1.6918436061994298,1.641167192429022,2.2996845425867507,0.9929022082018928,0.9867838612143381,0.9867838612143381,0.32965299684542587,0.2476340694006309,1.7919841745038778,1.75,2.2996845425867507,0.22540997968002496,52628.69,1268.0,24439.0,128.03,8443.0,46.8806,25963.723090454576
tab,dpmlm_shap,"{'epsilon': 100, 'rho': 0.6}",,0.5519865932591113,0.44881889763779526,0.3878424139120196,0.30158730158730157,0.5418481823860944,0.4330708661417323,0.9124605678233438,0.7610791030203047,0.7610791030203047,0.24921135646687698,1.8275796849413741,1.8059936908517351,1.8167866878965546,2536.0,0.9124605678233438,1268.0,0.8974763406940063,0.8099349849442666,0.8099349849442666,0.20110410094637224,1.9185624260871508,1.9219242902208202,1.9202433581539853,2536,0.8974763406940063,1268,0.10074230036712971,0.14691522759782027,25.239751649433945,mode,median,mode,median,0.9881703470031545,0.975727046579007,0.975727046579007,0.32965299684542587,0.26419558359621453,1.6918436061994298,1.641167192429022,2.2996845425867507,0.9929022082018928,0.9867838612143381,0.9867838612143381,0.32965299684542587,0.2476340694006309,1.7919841745038778,1.75,2.2996845425867507,0.3036922696067359,52628.69,1268.0,24439.0,128.03,8443.0,46.8806,32004.005091482242
tab,dpmlm_shap,"{'epsilon': 100, 'rho': 0.5}",,0.5096220835304217,0.4015748031496063,0.35861407191211686,0.2619047619047619,0.519385688328659,0.4094488188976378,0.9053627760252366,0.7425157867711437,0.7425157867711437,0.25,1.7852845492106129,1.7689274447949528,1.777105997002783,2536.0,0.9053627760252366,1268.0,0.8793375394321766,0.7907992803886089,0.7907992803886089,0.20662460567823343,1.898855272906386,1.9053627760252365,1.902109024465811,2536,0.8793375394321766,1268,0.11143485271028164,0.15957726862528346,29.908031014828783,mode,median,mode,median,0.9881703470031545,0.975727046579007,0.975727046579007,0.32965299684542587,0.26419558359621453,1.6918436061994298,1.641167192429022,2.2996845425867507,0.9929022082018928,0.9867838612143381,0.9867838612143381,0.32965299684542587,0.2476340694006309,1.7919841745038778,1.75,2.2996845425867507,0.38040764202219535,52628.69,1268.0,24439.0,128.03,8443.0,46.8806,37923.3833268029
tab,dpmlm_shap,"{'epsilon': 100, 'rho': 0.4}",,0.44023014274263345,0.3228346456692913,0.2856255242335061,0.20634920634920634,0.44728646028052244,0.3228346456692913,0.8714511041009464,0.6052310959273762,0.6052310959273762,0.22476340694006308,1.7870781346804503,1.7941640378548895,1.79062108626767,2536.0,0.8714511041009464,1268.0,0.8541009463722398,0.7629380517792702,0.7629380517792702,0.20662460567823343,1.8957235741111162,1.9085173501577286,1.9021204621344225,2536,0.8541009463722398,1268,0.12275205218829567,0.1719399974079162,34.53906987147141,mode,median,mode,median,0.9881703470031545,0.975727046579007,0.975727046579007,0.32965299684542587,0.26419558359621453,1.6918436061994298,1.641167192429022,2.2996845425867507,0.9929022082018928,0.9867838612143381,0.9867838612143381,0.32965299684542587,0.2476340694006309,1.7919841745038778,1.75,2.2996845425867507,0.45651102889132156,52628.69,1268.0,24439.0,128.03,8443.0,46.8806,43795.54059702575
tab,dpmlm_shap,"{'epsilon': 100, 'rho': 0.3}",,0.4173534374692661,0.29133858267716534,0.25679552972254227,0.1746031746031746,0.41723836820277893,0.2992125984251969,0.8698738170347003,0.6034903015717087,0.6034903015717087,0.22712933753943218,1.8448826396527214,1.860410094637224,1.8526463671449729,2536.0,0.8698738170347003,1268.0,0.8194006309148265,0.6984011251666505,0.6984011251666505,0.20425867507886436,1.920820856777149,1.9345425867507886,1.9276817217639688,2536,0.8194006309148265,1268,0.13454141150513657,0.18533707283178716,39.120346436172234,mode,median,mode,median,0.9881703470031545,0.975727046579007,0.975727046579007,0.32965299684542587,0.26419558359621453,1.6918436061994298,1.641167192429022,2.2996845425867507,0.9929022082018928,0.9867838612143381,0.9867838612143381,0.32965299684542587,0.2476340694006309,1.7919841745038778,1.75,2.2996845425867507,0.5317966556266263,52628.69,1268.0,24439.0,128.03,8443.0,46.8806,49604.599281066396
tab,dpmlm_shap,"{'epsilon': 100, 'rho': 0.2}",,0.39852882540885215,0.29133858267716534,0.23732997951908955,0.15873015873015872,0.40446254905234297,0.28346456692913385,0.8572555205047319,0.5974893390984866,0.5974893390984866,0.23817034700315456,1.9411124668266335,1.9440063091482649,1.9425593879874494,2536.0,0.8572555205047319,1268.0,0.804416403785489,0.6924186181769348,0.6924186181769348,0.2082018927444795,1.921287955824038,1.9353312302839116,1.9283095930539749,2536,0.804416403785489,1268,0.14756532182640833,0.20032491288162557,43.68943643175361,mode,median,mode,median,0.9881703470031545,0.975727046579007,0.975727046579007,0.32965299684542587,0.26419558359621453,1.6918436061994298,1.641167192429022,2.2996845425867507,0.9929022082018928,0.9867838612143381,0.9867838612143381,0.32965299684542587,0.2476340694006309,1.7919841745038778,1.75,2.2996845425867507,0.6068820164576674,52628.69,1268.0,24439.0,128.03,8443.0,46.8806,55398.205395463585
tab,dpmlm_shap,"{'epsilon': 100, 'rho': 0.1}",,0.33445233661406565,0.2283464566929134,0.1936284771547362,0.1349206349206349,0.3447872710396845,0.23622047244094488,0.830441640378549,0.5772692058005617,0.5772692058005617,0.2302839116719243,1.9286406599428547,1.9203470031545742,1.9244938315487148,2536.0,0.830441640378549,1268.0,0.7602523659305994,0.6450520347631253,0.6450520347631253,0.2082018927444795,1.9210164102919651,1.9392744479495267,1.930145429120746,2536,0.7602523659305994,1268,0.16219207023972593,0.21648906668418966,48.26476340694006,mode,median,mode,median,0.9881703470031545,0.975727046579007,0.975727046579007,0.32965299684542587,0.26419558359621453,1.6918436061994298,1.641167192429022,2.2996845425867507,0.9929022082018928,0.9867838612143381,0.9867838612143381,0.32965299684542587,0.2476340694006309,1.7919841745038778,1.75,2.2996845425867507,0.6820698716288497,52628.69,1268.0,24439.0,128.03,8443.0,46.8806,61199.72
tab,dpmlm_shap,{'epsilon': 250},,0.2707320134054596,0.16535433070866143,0.2155791235942934,0.1349206349206349,0.42390080855277223,0.33070866141732286,0.8343848580441641,0.5809030171097304,0.5809030171097304,0.23974763406940064,1.7859423872332378,1.77602523659306,1.7809838119131491,2536.0,0.8343848580441641,1268.0,0.749211356466877,0.6329567339525733,0.6329567339525733,0.21608832807570977,1.9314153110284613,1.9566246056782335,1.9440199583533473,2536,0.749211356466877,1268,0.16888293868359708,0.21074059529212372,53.63281545741325,mode,median,mode,median,0.9881703470031545,0.975727046579007,0.975727046579007,0.32965299684542587,0.26419558359621453,1.6918436061994298,1.641167192429022,2.2996845425867507,0.9929022082018928,0.9867838612143381,0.9867838612143381,0.32965299684542587,0.2476340694006309,1.7919841745038778,1.75,2.2996845425867507,0.7026914347197628,59435.38,1268.0,24439.0,128.03,8443.0,46.8806,68006.41
tab,dpmlm_shap,"{'epsilon': 250, 'k': 2}",,0.6716503872922668,0.5590551181102362,0.384528207609579,0.10317460317460317,0.725950563679765,0.5984251968503937,0.9345425867507886,0.8555106673736671,0.8555106673736671,0.25157728706624605,1.7987844674504616,1.778391167192429,1.7885878173214451,2536.0,0.9345425867507886,1268.0,0.9100946372239748,0.8266242145186227,0.8266242145186227,0.21214511041009465,1.920024983125207,1.9290220820189274,1.9245235325720673,2536,0.9100946372239748,1268,0.0919399942603397,0.12323084741548784,26.72140562057484,mode,median,mode,median,0.9881703470031545,0.975727046579007,0.975727046579007,0.32965299684542587,0.26419558359621453,1.6918436061994298,1.641167192429022,2.2996845425867507,0.9929022082018928,0.9867838612143381,0.9867838612143381,0.32965299684542587,0.2476340694006309,1.7919841745038778,1.75,2.2996845425867507,0.22640127857675132,46536.06,1268.0,50930.0,128.03,8443.0,92.62219999999999,33882.742326888896
tab,dpmlm_shap,"{'epsilon': 250, 'k': 2}",test,0.4588414452240299,0.11811023622047244,,,0.6433643952238158,0.5275590551181102,,,,,,,,,,,0.889763779527559,0.8349698688408366,0.8349698688408366,0.1889763779527559,2.5106090745476934,2.2440944881889764,2.377351781368335,2536,0.889763779527559,1268,,,,,,mode,median,,,,,,,,,0.9929022082018928,0.9867838612143381,0.9867838612143381,0.32965299684542587,0.2476340694006309,1.7919841745038778,1.75,2.2996845425867507,0.19792338623458935,,,,,,,
tab,dpmlm_shap,"{'epsilon': 250, 'k': 3}",,0.5951828180653757,0.47244094488188976,0.2963542867457926,0.1111111111111111,0.6698763229598551,0.5039370078740157,0.88801261829653,0.6774130244249187,0.6774130244249187,0.250788643533123,1.8468311424853998,1.8170347003154574,1.8319329214004285,2536.0,0.88801261829653,1268.0,0.8919558359621451,0.8003808747406427,0.8003808747406427,0.21056782334384858,1.9057279481126868,1.9195583596214512,1.9126431538670687,2536,0.8919558359621451,1268,0.10062081496046169,0.13371971531621288,31.920050221002917,mode,median,mode,median,0.9881703470031545,0.975727046579007,0.975727046579007,0.32965299684542587,0.26419558359621453,1.6918436061994298,1.641167192429022,2.2996845425867507,0.9929022082018928,0.9867838612143381,0.9867838612143381,0.32965299684542587,0.2476340694006309,1.7919841745038778,1.75,2.2996845425867507,0.2853625352214728,46536.06,1268.0,50930.0,128.03,8443.0,92.62219999999999,40474.6236802317
tab,dpmlm_shap,"{'epsilon': 250, 'k': 3}",test,0.3933558809195679,0.1732283464566929,,,0.5824666604358031,0.4645669291338583,,,,,,,,,,,0.889763779527559,0.8330989010989012,0.8330989010989012,0.1889763779527559,2.4917424457705786,2.2125984251968505,2.3521704354837145,2536,0.889763779527559,1268,,,,,,mode,median,,,,,,,,,0.9929022082018928,0.9867838612143381,0.9867838612143381,0.32965299684542587,0.2476340694006309,1.7919841745038778,1.75,2.2996845425867507,0.25853235725442913,,,,,,,
tab,dpmlm_shap,"{'epsilon': 250, 'k': 5}",,0.5531636553558389,0.4251968503937008,0.23986287251628316,0.1111111111111111,0.635361887264317,0.4645669291338583,0.8730283911671924,0.6279050054126416,0.6279050054126416,0.26735015772870663,1.7517036177013567,1.7350157728706626,1.7433596952860095,2536.0,0.8730283911671924,1268.0,0.8777602523659306,0.774495050975264,0.774495050975264,0.20504731861198738,1.9343353203691522,1.9487381703470033,1.9415367453580779,2536,0.8777602523659306,1268,0.11002879324207547,0.14425771500127924,37.33203033014783,mode,median,mode,median,0.9881703470031545,0.975727046579007,0.975727046579007,0.32965299684542587,0.26419558359621453,1.6918436061994298,1.641167192429022,2.2996845425867507,0.9929022082018928,0.9867838612143381,0.9867838612143381,0.32965299684542587,0.2476340694006309,1.7919841745038778,1.75,2.2996845425867507,0.3467433705540411,46536.06,1268.0,50930.0,128.03,8443.0,92.62219999999999,47337.01445862745
tab,dpmlm_shap,"{'epsilon': 250, 'k': 5}",test,0.3407903799288699,0.18110236220472442,,,0.5406588432955515,0.41732283464566927,,,,,,,,,,,0.8582677165354331,0.761017929438982,0.761017929438982,0.2047244094488189,2.452384673676234,2.1968503937007875,2.3246175336885107,2536,0.858267716535433,1268,,,,,,mode,median,,,,,,,,,0.9929022082018928,0.9867838612143381,0.9867838612143381,0.32965299684542587,0.2476340694006309,1.7919841745038778,1.75,2.2996845425867507,0.33063825165825234,,,,,,,
tab,dpmlm_shap,"{'epsilon': 250, 'k': 7}",,0.5173085213702663,0.3779527559055118,0.2125273074219189,0.1111111111111111,0.5797188426448945,0.3937007874015748,0.8753943217665615,0.6296459215814054,0.6296459215814054,0.250788643533123,1.7894831558860247,1.7657728706624605,1.7776280132742426,2536.0,0.8753943217665615,1268.0,0.8698738170347003,0.7606341167415342,0.7606341167415342,0.20347003154574134,1.9400296949892122,1.9558359621451105,1.9479328285671615,2536,0.8698738170347003,1268,0.11499584675399287,0.15014837256835462,40.2326172658521,mode,median,mode,median,0.9881703470031545,0.975727046579007,0.975727046579007,0.32965299684542587,0.26419558359621453,1.6918436061994298,1.641167192429022,2.2996845425867507,0.9929022082018928,0.9867838612143381,0.9867838612143381,0.32965299684542587,0.2476340694006309,1.7919841745038778,1.75,2.2996845425867507,0.37964083977559604,46536.06,1268.0,50930.0,128.03,8443.0,92.62219999999999,51014.95869310046
tab,dpmlm_shap,"{'epsilon': 250, 'k': 7}",test,0.32855400840579174,0.1968503937007874,,,0.5237177876913218,0.4094488188976378,,,,,,,,,,,0.8661417322834646,0.7844097423044791,0.7844097423044791,0.1968503937007874,2.4780169555745006,2.2283464566929134,2.3531817061337073,2536,0.8661417322834645,1268,,,,,,mode,median,,,,,,,,,0.9929022082018928,0.9867838612143381,0.9867838612143381,0.32965299684542587,0.2476340694006309,1.7919841745038778,1.75,2.2996845425867507,0.3809675398242508,,,,,,,
tab,dpmlm_shap,"{'epsilon': 250, 'k': 10}",,0.4948112556958435,0.36220472440944884,0.19912801715787837,0.11904761904761904,0.5212816160482192,0.33858267716535434,0.8738170347003155,0.6432983520535093,0.6432983520535093,0.2618296529968454,1.8071736268147258,1.7941640378548895,1.8006688323348075,2536.0,0.8738170347003155,1268.0,0.8659305993690851,0.7518522166519949,0.7518522166519949,0.2082018927444795,1.9341525596916567,1.9511041009463723,1.9426283303190146,2536,0.8659305993690851,1268,0.12009326168791352,0.1562335781447519,42.98446802637419,mode,median,mode,median,0.9881703470031545,0.975727046579007,0.975727046579007,0.32965299684542587,0.26419558359621453,1.6918436061994298,1.641167192429022,2.2996845425867507,0.9929022082018928,0.9867838612143381,0.9867838612143381,0.32965299684542587,0.2476340694006309,1.7919841745038778,1.75,2.2996845425867507,0.41085139395076586,46536.06,1268.0,50930.0,128.03,8443.0,92.62219999999999,54504.30545744247
tab,dpmlm_shap,"{'epsilon': 250, 'k': 10}",test,0.31922476245961173,0.1968503937007874,,,0.499675965502,0.3779527559055118,,,,,,,,,,,0.8661417322834646,0.7844097423044791,0.7844097423044791,0.2047244094488189,2.4060339111490006,2.1653543307086616,2.285694120928831,2536,0.8661417322834645,1268,,,,,,mode,median,,,,,,,,,0.9929022082018928,0.9867838612143381,0.9867838612143381,0.32965299684542587,0.2476340694006309,1.7919841745038778,1.75,2.2996845425867507,0.4162430161918401,,,,,,,
tab,dpmlm_shap,"{'epsilon': 250, 'lambda': 0.99}",,0.7138292896410395,0.6062992125984252,0.5903561405981377,0.5,0.7222138763832492,0.6377952755905512,0.9708201892744479,0.9452311392542087,0.9452311392542087,0.2555205047318612,1.9362946838314032,1.8801261829652998,1.9082104333983514,2536.0,0.9708201892744479,1268.0,0.9589905362776026,0.9236543876855611,0.9236543876855611,0.1892744479495268,1.9683205180367658,1.977129337539432,1.972724927788099,2536,0.9589905362776026,1268,0.06545161716757512,0.09643110040610521,8.602437749752267,mode,median,mode,median,0.9881703470031545,0.975727046579007,0.975727046579007,0.32965299684542587,0.26419558359621453,1.6918436061994298,1.641167192429022,2.2996845425867507,0.9929022082018928,0.9867838612143381,0.9867838612143381,0.32965299684542587,0.2476340694006309,1.7919841745038778,1.75,2.2996845425867507,0.017235618228631063,6686.91,1268.0,24439.0,128.03,8443.0,46.8806,10907.891066685876
tab,dpmlm_shap,"{'epsilon': 250, 'lambda': 0.98}",,0.6814759607396601,0.5826771653543307,0.5468946856674316,0.46825396825396826,0.6628620123311284,0.5590551181102362,0.9589905362776026,0.9158659902241046,0.9158659902241046,0.2421135646687697,1.7693812932621589,1.747634069400631,1.758507681331395,2536.0,0.9589905362776026,1268.0,0.9463722397476341,0.898770928034903,0.898770928034903,0.19400630914826497,1.9652890942883532,1.976340694006309,1.9708148941473314,2536,0.9463722397476341,1268,0.0698264358735611,0.10301506241977403,10.180333764225276,mode,median,mode,median,0.9881703470031545,0.975727046579007,0.975727046579007,0.32965299684542587,0.26419558359621453,1.6918436061994298,1.641167192429022,2.2996845425867507,0.9929022082018928,0.9867838612143381,0.9867838612143381,0.32965299684542587,0.2476340694006309,1.7919841745038778,1.75,2.2996845425867507,0.03199239832506349,6686.91,1268.0,24439.0,128.03,8443.0,46.8806,12908.66321303765
tab,dpmlm_shap,"{'epsilon': 250, 'lambda': 0.95}",,0.6153293283316247,0.4881889763779528,0.4952273492703843,0.42857142857142855,0.631093179777109,0.5354330708661418,0.887223974763407,0.7339985366671279,0.7339985366671279,0.2705047318611987,1.814609310180555,1.7705047318611988,1.7925570210208768,2536.0,0.887223974763407,1268.0,0.8572555205047319,0.7807668698218159,0.7807668698218159,0.18138801261829654,2.06944762041706,2.086750788643533,2.078099204530297,2536,0.8572555205047319,1268,0.07286531527523739,0.12602001973883212,11.289963655322216,mode,median,mode,median,0.9881703470031545,0.975727046579007,0.975727046579007,0.32965299684542587,0.26419558359621453,1.6918436061994298,1.641167192429022,2.2996845425867507,0.9929022082018928,0.9867838612143381,0.9867838612143381,0.32965299684542587,0.2476340694006309,1.7919841745038778,1.75,2.2996845425867507,0.042369865624018954,6686.91,1268.0,24439.0,128.03,8443.0,46.8806,14315.67391494857
tab,dpmlm_shap,"{'epsilon': 250, 'lambda': 0.9}",,0.5787501571564021,0.4566929133858268,0.4849444963518462,0.4126984126984127,0.6225958130739693,0.5354330708661418,0.8493690851735016,0.5970874441591951,0.5970874441591951,0.2705047318611987,1.872667559069688,1.8320189274447949,1.8523432432572415,2536.0,0.8493690851735016,1268.0,0.7878548895899053,0.7008976367309101,0.7008976367309101,0.17902208201892744,2.161978881853934,2.1853312302839116,2.173655056068923,2536,0.7878548895899053,1268,0.07431738097396935,0.14219396446217497,11.73656405188507,mode,median,mode,median,0.9881703470031545,0.975727046579007,0.975727046579007,0.32965299684542587,0.26419558359621453,1.6918436061994298,1.641167192429022,2.2996845425867507,0.9929022082018928,0.9867838612143381,0.9867838612143381,0.32965299684542587,0.2476340694006309,1.7919841745038778,1.75,2.2996845425867507,0.04654655647221697,6686.91,1268.0,24439.0,128.03,8443.0,46.8806,14881.963217790268
tab,dpmlm_shap,"{'epsilon': 250, 'lambda': 0.8}",,0.5698926434260931,0.4566929133858268,0.4521882634827486,0.373015873015873,0.6003992352123335,0.5039370078740157,0.8359621451104101,0.5873327856593178,0.5873327856593178,0.25946372239747634,1.7554585513924073,1.723186119873817,1.7393223356331122,2536.0,0.8359621451104101,1268.0,0.7673501577287066,0.6569995959250052,0.6569995959250052,0.17902208201892744,2.1810937594664304,2.2058359621451102,2.1934648608057703,2536,0.7673501577287066,1268,0.07507900926592974,0.1476093375532409,12.03307570977918,mode,median,mode,median,0.9881703470031545,0.975727046579007,0.975727046579007,0.32965299684542587,0.26419558359621453,1.6918436061994298,1.641167192429022,2.2996845425867507,0.9929022082018928,0.9867838612143381,0.9867838612143381,0.32965299684542587,0.2476340694006309,1.7919841745038778,1.75,2.2996845425867507,0.04931958922687118,6686.91,1268.0,24439.0,128.03,8443.0,46.8806,15257.939999999999
tab,dpmlm_shap,"{'epsilon': 250, 'rho': 0.9}",,0.7416935327276055,0.6535433070866141,0.5755092187415158,0.47619047619047616,0.7234023703920318,0.6141732283464567,0.9321766561514195,0.8267323685790094,0.8267323685790094,0.24369085173501578,1.928045702493262,1.8682965299684542,1.898171116230858,2536.0,0.9321766561514195,1268.0,0.9487381703470031,0.8896765988536165,0.8896765988536165,0.20268138801261829,1.929242926174279,1.9337539432176656,1.931498434695972,2536,0.9487381703470031,1268,0.0691890947356209,0.09958317104950312,11.032911675839749,mode,median,mode,median,0.9881703470031545,0.975727046579007,0.975727046579007,0.32965299684542587,0.26419558359621453,1.6918436061994298,1.641167192429022,2.2996845425867507,0.9929022082018928,0.9867838612143381,0.9867838612143381,0.32965299684542587,0.2476340694006309,1.7919841745038778,1.75,2.2996845425867507,0.06469289972417003,52632.36,1268.0,24439.0,128.03,8443.0,46.8806,13989.732004964802
tab,dpmlm_shap,"{'epsilon': 250, 'rho': 0.8}",,0.6781294275419598,0.5826771653543307,0.5184064754268443,0.4126984126984127,0.6870407921467212,0.5984251968503937,0.9605678233438486,0.9116225353802546,0.9116225353802546,0.24369085173501578,1.8368098254259817,1.8138801261829653,1.8253449758044733,2536.0,0.9605678233438486,1268.0,0.9353312302839116,0.865056799289334,0.865056799289334,0.1995268138801262,1.9437855745508712,1.9479495268138802,1.9458675506823755,2536,0.9353312302839116,1268,0.07742123625443936,0.11210289820793676,15.701376898986574,mode,median,mode,median,0.9881703470031545,0.975727046579007,0.975727046579007,0.32965299684542587,0.26419558359621453,1.6918436061994298,1.641167192429022,2.2996845425867507,0.9929022082018928,0.9867838612143381,0.9867838612143381,0.32965299684542587,0.2476340694006309,1.7919841745038778,1.75,2.2996845425867507,0.13536609568115007,52632.36,1268.0,24439.0,128.03,8443.0,46.8806,19909.345907914976
tab,dpmlm_shap,"{'epsilon': 250, 'rho': 0.7}",,0.6433865885633636,0.5433070866141733,0.47850803995307456,0.38095238095238093,0.6331618340242302,0.5275590551181102,0.9305993690851735,0.837704504680859,0.837704504680859,0.23738170347003154,1.85131622233849,1.83596214511041,1.84363918372445,2536.0,0.9305993690851735,1268.0,0.917192429022082,0.8322067429046274,0.8322067429046274,0.20425867507886436,1.948752146035959,1.9534700315457414,1.9511110887908498,2536,0.917192429022082,1268,0.0856519242754494,0.1230445587860673,20.35626859267157,mode,median,mode,median,0.9881703470031545,0.975727046579007,0.975727046579007,0.32965299684542587,0.26419558359621453,1.6918436061994298,1.641167192429022,2.2996845425867507,0.9929022082018928,0.9867838612143381,0.9867838612143381,0.32965299684542587,0.2476340694006309,1.7919841745038778,1.75,2.2996845425867507,0.20583380982309443,52632.36,1268.0,24439.0,128.03,8443.0,46.8806,25811.74857550755
tab,dpmlm_shap,"{'epsilon': 250, 'rho': 0.6}",,0.5853120013880331,0.48031496062992124,0.4177606641658059,0.3253968253968254,0.6191768081238099,0.5039370078740157,0.9140378548895899,0.7792254131310369,0.7792254131310369,0.250788643533123,1.8050723590137023,1.7902208201892744,1.7976465896014884,2536.0,0.9140378548895899,1268.0,0.8998422712933754,0.8119069101252107,0.8119069101252107,0.1995268138801262,1.9615170942428695,1.9668769716088328,1.9641970329258513,2536,0.8998422712933754,1268,0.09452724997365512,0.13311157970210355,24.97321115295458,mode,median,mode,median,0.9881703470031545,0.975727046579007,0.975727046579007,0.32965299684542587,0.26419558359621453,1.6918436061994298,1.641167192429022,2.2996845425867507,0.9929022082018928,0.9867838612143381,0.9867838612143381,0.32965299684542587,0.2476340694006309,1.7919841745038778,1.75,2.2996845425867507,0.2757270339746199,52632.36,1268.0,24439.0,128.03,8443.0,46.8806,31666.031741946408
tab,dpmlm_shap,"{'epsilon': 250, 'rho': 0.5}",,0.5274554180024794,0.4094488188976378,0.38913627244413257,0.30158730158730157,0.5821276845471524,0.47244094488188976,0.8832807570977917,0.6174681830824061,0.6174681830824061,0.22870662460567823,1.8168259626603047,1.8201892744479495,1.8185076185541271,2536.0,0.8832807570977917,1268.0,0.8817034700315457,0.784663235118012,0.784663235118012,0.20425867507886436,1.957648657553923,1.9652996845425867,1.9614741710482548,2536,0.8817034700315457,1268,0.10398024597942641,0.14329822923200738,29.57256470972533,mode,median,mode,median,0.9881703470031545,0.975727046579007,0.975727046579007,0.32965299684542587,0.26419558359621453,1.6918436061994298,1.641167192429022,2.2996845425867507,0.9929022082018928,0.9867838612143381,0.9867838612143381,0.32965299684542587,0.2476340694006309,1.7919841745038778,1.75,2.2996845425867507,0.34535398837099196,52632.36,1268.0,24439.0,128.03,8443.0,46.8806,37498.01205193172
tab,dpmlm_shap,"{'epsilon': 250, 'rho': 0.4}",,0.4799853439417906,0.3543307086614173,0.34468107143388194,0.25396825396825395,0.5343551061372073,0.41732283464566927,0.88801261829653,0.6689079829106165,0.6689079829106165,0.25,1.7751541607408532,1.7697160883280758,1.7724351245344643,2536.0,0.88801261829653,1268.0,0.8659305993690851,0.7625019742795689,0.7625019742795689,0.20662460567823343,1.9635801121419207,1.975552050473186,1.9695660813075537,2536,0.8659305993690851,1268,0.11434133308543015,0.1535956395631333,34.206156682038895,mode,median,mode,median,0.9881703470031545,0.975727046579007,0.975727046579007,0.32965299684542587,0.26419558359621453,1.6918436061994298,1.641167192429022,2.2996845425867507,0.9929022082018928,0.9867838612143381,0.9867838612143381,0.32965299684542587,0.2476340694006309,1.7919841745038778,1.75,2.2996845425867507,0.41549925834545076,52632.36,1268.0,24439.0,128.03,8443.0,46.8806,43373.40667282532
tab,dpmlm_shap,"{'epsilon': 250, 'rho': 0.3}",,0.4502534746106421,0.3228346456692913,0.3285228616186167,0.23809523809523808,0.5175894718860579,0.4094488188976378,0.8722397476340694,0.6104065845277741,0.6104065845277741,0.24921135646687698,1.8397015769566032,1.8304416403785488,1.8350716086675762,2536.0,0.8722397476340694,1268.0,0.8454258675078864,0.7255478274716385,0.7255478274716385,0.19400630914826497,1.9910898582899743,2.0023659305993693,1.996727894444672,2536,0.8454258675078864,1268,0.12538189325798949,0.1651589137851628,38.84791687052078,mode,median,mode,median,0.9881703470031545,0.975727046579007,0.975727046579007,0.32965299684542587,0.26419558359621453,1.6918436061994298,1.641167192429022,2.2996845425867507,0.9929022082018928,0.9867838612143381,0.9867838612143381,0.32965299684542587,0.2476340694006309,1.7919841745038778,1.75,2.2996845425867507,0.48576818222205725,52632.36,1268.0,24439.0,128.03,8443.0,46.8806,49259.15859182035
tab,dpmlm_shap,"{'epsilon': 250, 'rho': 0.2}",,0.4225635029445413,0.31496062992125984,0.30848883221015655,0.2222222222222222,0.49990020714731503,0.3779527559055118,0.863564668769716,0.6041160456085298,0.6041160456085298,0.24684542586750788,1.8959987614883091,1.8785488958990537,1.8872738286936812,2536.0,0.863564668769716,1268.0,0.8241324921135647,0.7019065712491414,0.7019065712491414,0.20110410094637224,1.9788280740838604,1.9929022082018928,1.9858651411428767,2536,0.8241324921135647,1268,0.13782055055493436,0.17811687312996727,43.52361989565136,mode,median,mode,median,0.9881703470031545,0.975727046579007,0.975727046579007,0.32965299684542587,0.26419558359621453,1.6918436061994298,1.641167192429022,2.2996845425867507,0.9929022082018928,0.9867838612143381,0.9867838612143381,0.32965299684542587,0.2476340694006309,1.7919841745038778,1.75,2.2996845425867507,0.5565509470787605,52632.36,1268.0,24439.0,128.03,8443.0,46.8806,55187.950027685925
tab,dpmlm_shap,"{'epsilon': 250, 'rho': 0.1}",,0.3602372059282313,0.2440944881889764,0.2586126590719388,0.18253968253968253,0.4440025028621921,0.33858267716535434,0.8580441640378549,0.5953207523713777,0.5953207523713777,0.24605678233438485,1.8462144711881168,1.837539432176656,1.8418769516823863,2536.0,0.8580441640378549,1268.0,0.7957413249211357,0.6844002148118179,0.6844002148118179,0.19637223974763407,1.991533388668942,2.0086750788643535,2.0001042337666477,2536,0.7957413249211357,1268,0.15191848157708202,0.1923787911137572,48.267657728706624,mode,median,mode,median,0.9881703470031545,0.975727046579007,0.975727046579007,0.32965299684542587,0.26419558359621453,1.6918436061994298,1.641167192429022,2.2996845425867507,0.9929022082018928,0.9867838612143381,0.9867838612143381,0.32965299684542587,0.2476340694006309,1.7919841745038778,1.75,2.2996845425867507,0.628368193085114,52632.36,1268.0,24439.0,128.03,8443.0,46.8806,61203.39
tab,petre_shap,{'k': 2},,0.6555877965539134,0.5590551181102362,0.324948057892898,0.0,0.6871778075002234,0.5354330708661418,0.9029968454258676,0.7764740569024958,0.7764740569024958,0.2302839116719243,2.07213650472161,2.0662460567823344,2.0691912807519723,2536.0,0.9029968454258676,1268.0,0.8588328075709779,0.7948174663239785,0.7948174663239785,0.21845425867507887,1.8884525754163581,1.8951104100946372,1.8917814927554977,2536,0.8588328075709779,1268,0.11398588431182344,0.33306447324430793,31.350541699512355,mode,median,mode,median,0.9881703470031545,0.975727046579007,0.975727046579007,0.32965299684542587,0.26419558359621453,1.6918436061994298,1.641167192429022,2.2996845425867507,0.9929022082018928,0.9867838612143381,0.9867838612143381,0.32965299684542587,0.2476340694006309,1.7919841745038778,1.75,2.2996845425867507,0.39487251250401867,41983.65,1268.0,50930.0,128.03,8443.0,92.62219999999999,39752.48687498167
tab,petre_shap,{'k': 2},test,0.37570150950894243,0.0,,,0.5946867438945075,0.4881889763779528,,,,,,,,,,,0.8818897637795275,0.8241454725829725,0.8241454725829725,0.18110236220472442,2.389203845789524,2.1653543307086616,2.2772790882490925,2536,0.8818897637795275,1268,,,,,,mode,median,,,,,,,,,0.9929022082018928,0.9867838612143381,0.9867838612143381,0.32965299684542587,0.2476340694006309,1.7919841745038778,1.75,2.2996845425867507,0.406845468691718,,,,,,,
tab,petre_shap,{'k': 3},,0.6062169485960152,0.49606299212598426,0.2155042495204464,0.0,0.6258222975911361,0.44881889763779526,0.8722397476340694,0.6678182943959232,0.6678182943959232,0.24053627760252366,2.0788613623613554,2.067034700315457,2.0729480313384063,2536.0,0.8722397476340694,1268.0,0.8280757097791798,0.7508768700370414,0.7508768700370414,0.22397476340694006,1.878392830524964,1.888801261829653,1.8835970461773086,2536,0.8280757097791798,1268,0.12792607756443203,0.39215350504358387,34.356475551225785,mode,median,mode,median,0.9881703470031545,0.975727046579007,0.975727046579007,0.32965299684542587,0.26419558359621453,1.6918436061994298,1.641167192429022,2.2996845425867507,0.9929022082018928,0.9867838612143381,0.9867838612143381,0.32965299684542587,0.2476340694006309,1.7919841745038778,1.75,2.2996845425867507,0.4431404979717001,41983.65,1268.0,50930.0,128.03,8443.0,92.62219999999999,43564.01099895429
tab,petre_shap,{'k': 3},test,0.25576545525111427,0.0,,,0.5251952561763046,0.4330708661417323,,,,,,,,,,,0.84251968503937,0.7548668687680339,0.7548668687680339,0.18110236220472442,2.42027491784525,2.1653543307086616,2.292814624276956,2536,0.84251968503937,1268,,,,,,mode,median,,,,,,,,,0.9929022082018928,0.9867838612143381,0.9867838612143381,0.32965299684542587,0.2476340694006309,1.7919841745038778,1.75,2.2996845425867507,0.4666386541948127,,,,,,,
tab,petre_shap,{'k': 5},,0.5149584669296912,0.3858267716535433,0.1274774015792363,0.0,0.5384227417663834,0.3228346456692913,0.8564668769716088,0.64693215501677,0.64693215501677,0.2334384858044164,2.0966947005580447,2.093059936908517,2.094877318733281,2536.0,0.8564668769716088,1268.0,0.7862776025236593,0.6961191055393137,0.6961191055393137,0.21608832807570977,1.8849713484461676,1.8966876971608833,1.8908295228035252,2536,0.7862776025236593,1268,0.14613603934504632,0.47219774594367886,36.193912125212,mode,median,mode,median,0.9881703470031545,0.975727046579007,0.975727046579007,0.32965299684542587,0.26419558359621453,1.6918436061994298,1.641167192429022,2.2996845425867507,0.9929022082018928,0.9867838612143381,0.9867838612143381,0.32965299684542587,0.2476340694006309,1.7919841745038778,1.75,2.2996845425867507,0.47264525962851384,41983.65,1268.0,50930.0,128.03,8443.0,92.62219999999999,45893.88057476882
tab,petre_shap,{'k': 5},test,0.157805147841988,0.0,,,0.4515718769977458,0.3543307086614173,,,,,,,,,,,0.8031496062992126,0.7195576521507443,0.7195576521507443,0.1889763779527559,2.235599419998397,1.9606299212598426,2.0981146706291196,2536,0.8031496062992126,1268,,,,,,mode,median,,,,,,,,,0.9929022082018928,0.9867838612143381,0.9867838612143381,0.32965299684542587,0.2476340694006309,1.7919841745038778,1.75,2.2996845425867507,0.5039020440948131,,,,,,,
tab,petre_shap,{'k': 7},,0.46148876110151726,0.33858267716535434,0.08948883516113071,0.0,0.48732209809684224,0.2677165354330709,0.8493690851735016,0.6319484437212555,0.6319484437212555,0.22634069400630916,2.0511034498681915,2.048895899053628,2.0499996744609095,2536.0,0.8493690851735016,1268.0,0.7673501577287066,0.6698424044215425,0.6698424044215425,0.20347003154574134,1.884016813112221,1.8974763406940063,1.890746576903114,2536,0.7673501577287066,1268,0.15596335806681155,0.5142674643234071,37.223085855030796,mode,median,mode,median,0.9881703470031545,0.975727046579007,0.975727046579007,0.32965299684542587,0.26419558359621453,1.6918436061994298,1.641167192429022,2.2996845425867507,0.9929022082018928,0.9867838612143381,0.9867838612143381,0.32965299684542587,0.2476340694006309,1.7919841745038778,1.75,2.2996845425867507,0.4891712861764025,41983.65,1268.0,50930.0,128.03,8443.0,92.62219999999999,47198.87286417905
tab,petre_shap,{'k': 7},test,0.11871779120020812,0.0,,,0.4399695126587327,0.36220472440944884,,,,,,,,,,,0.7874015748031497,0.7068533382415314,0.7068533382415314,0.1968503937007874,2.2394829169125843,1.9448818897637796,2.0921824033381817,2536,0.7874015748031497,1268,,,,,,mode,median,,,,,,,,,0.9929022082018928,0.9867838612143381,0.9867838612143381,0.32965299684542587,0.2476340694006309,1.7919841745038778,1.75,2.2996845425867507,0.5271050748432998,,,,,,,
tab,petre_shap,{'k': 10},,0.40988318789615824,0.2755905511811024,0.06316693358809522,0.0,0.38997403933146063,0.14960629921259844,0.832807570977918,0.6005250829765201,0.6005250829765201,0.22476340694006308,2.0879462916518294,2.074921135646688,2.081433713649259,2536.0,0.832807570977918,1268.0,0.7413249211356467,0.6393627975725807,0.6393627975725807,0.2058359621451104,1.8704476140902868,1.888801261829653,1.8796244379599698,2536,0.7413249211356467,1268,0.1648827590494878,0.5516872075464312,38.11221384560842,mode,median,mode,median,0.9881703470031545,0.975727046579007,0.975727046579007,0.32965299684542587,0.26419558359621453,1.6918436061994298,1.641167192429022,2.2996845425867507,0.9929022082018928,0.9867838612143381,0.9867838612143381,0.32965299684542587,0.2476340694006309,1.7919841745038778,1.75,2.2996845425867507,0.5034485188253002,41983.65,1268.0,50930.0,128.03,8443.0,92.62219999999999,48326.28715623148
tab,petre_shap,{'k': 10},test,0.0906041309448917,0.0,,,0.4152658839084739,0.33858267716535434,,,,,,,,,,,0.7637795275590551,0.6434651817716335,0.6434651817716335,0.1968503937007874,2.23331985339658,1.937007874015748,2.085163863706164,2536,0.7637795275590551,1268,,,,,,mode,median,,,,,,,,,0.9929022082018928,0.9867838612143381,0.9867838612143381,0.32965299684542587,0.2476340694006309,1.7919841745038778,1.75,2.2996845425867507,0.5316682099254572,,,,,,,
tab,risk_shap,{'rho': 0.9},,0.7404528420705088,0.6299212598425197,0.575002235773723,0.46825396825396826,0.7223853448058671,0.6141732283464567,0.9534700315457413,0.8949345944051729,0.8949345944051729,0.2539432176656151,1.9855557704581557,1.9345425867507886,1.960049178604472,2536.0,0.9534700315457413,1268.0,0.9613564668769716,0.9198427813680952,0.9198427813680952,0.20504731861198738,2.0343900528538237,2.0110410094637223,2.0227155311587732,2536,0.9613564668769716,1268,0.07257567938381941,0.17442066330544956,6.824944794952682,mode,median,mode,median,0.9881703470031545,0.975727046579007,0.975727046579007,0.32965299684542587,0.26419558359621453,1.6918436061994298,1.641167192429022,2.2996845425867507,0.9929022082018928,0.9867838612143381,0.9867838612143381,0.32965299684542587,0.2476340694006309,1.7919841745038778,1.75,2.2996845425867507,0.04134183137774727,83.0,1268.0,24439.0,128.03,8443.0,46.8806,8654.03
tab,risk_shap,{'rho': 0.8},,0.6778778169058819,0.5669291338582677,0.5095821247186886,0.40476190476190477,0.6937695204685126,0.5826771653543307,0.9779179810725552,0.954354724771106,0.954354724771106,0.22870662460567823,2.1026628632732733,2.0725552050473186,2.087609034160296,2536.0,0.9779179810725552,1268.0,0.9511041009463722,0.9031456357483902,0.9031456357483902,0.22082018927444794,2.0124790484796,1.9905362776025237,2.0015076630410618,2536,0.9511041009463722,1268,0.09059762776086007,0.28772954846481125,6.824944794952682,mode,median,mode,median,0.9881703470031545,0.975727046579007,0.975727046579007,0.32965299684542587,0.26419558359621453,1.6918436061994298,1.641167192429022,2.2996845425867507,0.9929022082018928,0.9867838612143381,0.9867838612143381,0.32965299684542587,0.2476340694006309,1.7919841745038778,1.75,2.2996845425867507,0.09118913293003578,83.0,1268.0,24439.0,128.03,8443.0,46.8806,8654.03
tab,risk_shap,{'rho': 0.7},,0.6313717877986881,0.5196850393700787,0.4473350585982439,0.3333333333333333,0.6426423191991331,0.5196850393700787,0.943217665615142,0.87457261784341,0.87457261784341,0.24290220820189273,2.0242152720999003,1.998422712933754,2.011318992516827,2536.0,0.943217665615142,1268.0,0.9274447949526814,0.865373051006217,0.865373051006217,0.22634069400630916,1.9201386239587659,1.9029968454258674,1.9115677346923168,2536,0.9274447949526814,1268,0.11013962995930801,0.38371522435499794,6.824944794952682,mode,median,mode,median,0.9881703470031545,0.975727046579007,0.975727046579007,0.32965299684542587,0.26419558359621453,1.6918436061994298,1.641167192429022,2.2996845425867507,0.9929022082018928,0.9867838612143381,0.9867838612143381,0.32965299684542587,0.2476340694006309,1.7919841745038778,1.75,2.2996845425867507,0.1435447970296772,83.0,1268.0,24439.0,128.03,8443.0,46.8806,8654.03
tab,risk_shap,{'rho': 0.6},,0.5894738853203039,0.4881889763779528,0.4116520774125346,0.31746031746031744,0.6009700111082819,0.4881889763779528,0.944794952681388,0.8779361396468732,0.8779361396468732,0.22870662460567823,2.016036304838505,1.9850157728706626,2.000526038854584,2536.0,0.944794952681388,1268.0,0.9077287066246057,0.8372826374710137,0.8372826374710137,0.22476340694006308,1.8751619703161677,1.865141955835962,1.870151963076065,2536,0.9077287066246057,1268,0.13069025166215203,0.46451034912823375,6.824944794952682,mode,median,mode,median,0.9881703470031545,0.975727046579007,0.975727046579007,0.32965299684542587,0.26419558359621453,1.6918436061994298,1.641167192429022,2.2996845425867507,0.9929022082018928,0.9867838612143381,0.9867838612143381,0.32965299684542587,0.2476340694006309,1.7919841745038778,1.75,2.2996845425867507,0.19720374608869415,83.0,1268.0,24439.0,128.03,8443.0,46.8806,8654.03
tab,risk_shap,{'rho': 0.5},,0.5201664368423865,0.4094488188976378,0.37625376502755237,0.2857142857142857,0.5593353522428871,0.4566929133858268,0.9219242902208202,0.8240001715978678,0.8240001715978678,0.22555205047318613,1.8564638707410361,1.8706624605678233,1.86356316565443,2536.0,0.9219242902208202,1268.0,0.8730283911671924,0.7948218337847562,0.7948218337847562,0.23738170347003154,1.8209473503281894,1.8194006309148265,1.8201739906215078,2536,0.8730283911671924,1268,0.15207246646332065,0.5435622288970203,6.824944794952682,mode,median,mode,median,0.9881703470031545,0.975727046579007,0.975727046579007,0.32965299684542587,0.26419558359621453,1.6918436061994298,1.641167192429022,2.2996845425867507,0.9929022082018928,0.9867838612143381,0.9867838612143381,0.32965299684542587,0.2476340694006309,1.7919841745038778,1.75,2.2996845425867507,0.25217454327071376,83.0,1268.0,24439.0,128.03,8443.0,46.8806,8654.03
tab,risk_shap,{'rho': 0.4},,0.43771075217210886,0.3228346456692913,0.29848130361889924,0.1984126984126984,0.50351418586867,0.4015748031496063,0.8856466876971609,0.6951823974614801,0.6951823974614801,0.22555205047318613,1.858634214617271,1.8769716088328077,1.8678029117250394,2536.0,0.8856466876971609,1268.0,0.806782334384858,0.7093131122669032,0.7093131122669032,0.2279179810725552,1.8131694686888211,1.8257097791798107,1.8194396239343156,2536,0.806782334384858,1268,0.17512263089700453,0.6259508394373499,6.824944794952682,mode,median,mode,median,0.9881703470031545,0.975727046579007,0.975727046579007,0.32965299684542587,0.26419558359621453,1.6918436061994298,1.641167192429022,2.2996845425867507,0.9929022082018928,0.9867838612143381,0.9867838612143381,0.32965299684542587,0.2476340694006309,1.7919841745038778,1.75,2.2996845425867507,0.3079951766375139,83.0,1268.0,24439.0,128.03,8443.0,46.8806,8654.03
tab,risk_shap,{'rho': 0.3},,0.39694348052718664,0.2992125984251969,0.25265167464258625,0.1746031746031746,0.4376717938734569,0.3464566929133858,0.8548895899053628,0.6025335545097061,0.6025335545097061,0.22555205047318613,2.019722557279915,2.0126182965299684,2.0161704269049414,2536.0,0.8548895899053628,1268.0,0.7444794952681388,0.6224985603522946,0.6224985603522946,0.21845425867507887,1.8017476152583336,1.8194006309148265,1.81057412308658,2536,0.7444794952681388,1268,0.19823984872279482,0.7148355578526612,6.824944794952682,mode,median,mode,median,0.9881703470031545,0.975727046579007,0.975727046579007,0.32965299684542587,0.26419558359621453,1.6918436061994298,1.641167192429022,2.2996845425867507,0.9929022082018928,0.9867838612143381,0.9867838612143381,0.32965299684542587,0.2476340694006309,1.7919841745038778,1.75,2.2996845425867507,0.3651479900822935,83.0,1268.0,24439.0,128.03,8443.0,46.8806,8654.03
tab,risk_shap,{'rho': 0.2},,0.29539669910699207,0.1889763779527559,0.20250615245993864,0.1349206349206349,0.38552907663656344,0.30708661417322836,0.7823343848580442,0.5319957197747155,0.5319957197747155,0.19794952681388012,1.821798178969564,1.859621451104101,1.8407098150368326,2536.0,0.7823343848580442,1268.0,0.6482649842271293,0.5294633966509996,0.5294633966509996,0.2113564668769716,1.8063285791786707,1.8406940063091484,1.8235112927439097,2536,0.6482649842271293,1268,0.2229311559760608,0.8084724012367858,6.824944794952682,mode,median,mode,median,0.9881703470031545,0.975727046579007,0.975727046579007,0.32965299684542587,0.26419558359621453,1.6918436061994298,1.641167192429022,2.2996845425867507,0.9929022082018928,0.9867838612143381,0.9867838612143381,0.32965299684542587,0.2476340694006309,1.7919841745038778,1.75,2.2996845425867507,0.4236016474774952,83.0,1268.0,24439.0,128.03,8443.0,46.8806,8654.03
tab,risk_shap,{'rho': 0.1},,0.21051198010410554,0.13385826771653545,0.08743990194901484,0.047619047619047616,0.22649175371907546,0.16535433070866143,0.6167192429022083,0.3467842316904463,0.3467842316904463,0.19242902208201892,1.8039962091663067,1.8454258675078865,1.8247110383370964,2536.0,0.6167192429022083,1268.0,0.4613564668769716,0.3495189020977068,0.3495189020977068,0.1861198738170347,1.868875065241075,1.916403785488959,1.892639425365017,2536,0.4613564668769716,1268,0.2499585986983513,0.9029367306954185,6.824944794952682,mode,median,mode,median,0.9881703470031545,0.975727046579007,0.975727046579007,0.32965299684542587,0.26419558359621453,1.6918436061994298,1.641167192429022,2.2996845425867507,0.9929022082018928,0.9867838612143381,0.9867838612143381,0.32965299684542587,0.2476340694006309,1.7919841745038778,1.75,2.2996845425867507,0.4839397839048907,83.0,1268.0,24439.0,128.03,8443.0,46.8806,8654.03
