company,description,category,review_id,stars,title,review
"itsu.com","Delicious, healthy, Asian inspired food, freshly made everyday in 70 beautifully designed shops","Restaurants & Bars",49908,5,"Big up to my guy Moses who works in the…",""
"itsu.com","Delicious, healthy, Asian inspired food, freshly made everyday in 70 beautifully designed shops","Restaurants & Bars",49909,5,"Great experience at itsu thanks to…",""
"itsu.com","Delicious, healthy, Asian inspired food, freshly made everyday in 70 beautifully designed shops","Restaurants & Bars",49910,5,"As Itsu virgins we enjoyed a lovely…",""
"itsu.com","Delicious, healthy, Asian inspired food, freshly made everyday in 70 beautifully designed shops","Restaurants & Bars",49911,5,"ITSU at Brunswick Centre: three cheers for the lovely staff!!!",""
"itsu.com","Delicious, healthy, Asian inspired food, freshly made everyday in 70 beautifully designed shops","Restaurants & Bars",49912,5,"Itsu Reading Gate is Great",""
"itsu.com","Delicious, healthy, Asian inspired food, freshly made everyday in 70 beautifully designed shops","Restaurants & Bars",49913,5,"Tasty food!!",""
"itsu.com","Delicious, healthy, Asian inspired food, freshly made everyday in 70 beautifully designed shops","Restaurants & Bars",49914,5,"I ate at the itsu restaurant in…Brunswick Centre",""
"itsu.com","Delicious, healthy, Asian inspired food, freshly made everyday in 70 beautifully designed shops","Restaurants & Bars",49915,5,"Excellent service",""
"itsu.com","Delicious, healthy, Asian inspired food, freshly made everyday in 70 beautifully designed shops","Restaurants & Bars",49916,5,"Phenomenal Food 🥢🩵",""
"itsu.com","Delicious, healthy, Asian inspired food, freshly made everyday in 70 beautifully designed shops","Restaurants & Bars",49917,5,"I have been visiting the Brixton branch…",""
"itsu.com","Delicious, healthy, Asian inspired food, freshly made everyday in 70 beautifully designed shops","Restaurants & Bars",49928,4,"very good service and very nice people…",""
"itsu.com","Delicious, healthy, Asian inspired food, freshly made everyday in 70 beautifully designed shops","Restaurants & Bars",49929,4,"Early adopter",""
"itsu.com","Delicious, healthy, Asian inspired food, freshly made everyday in 70 beautifully designed shops","Restaurants & Bars",49930,4,"Disappointing trip turned into great service ",""
"itsu.com","Delicious, healthy, Asian inspired food, freshly made everyday in 70 beautifully designed shops","Restaurants & Bars",49931,4,"Off menu - but still good!!",""
"itsu.com","Delicious, healthy, Asian inspired food, freshly made everyday in 70 beautifully designed shops","Restaurants & Bars",49932,4,"Thank you",""
"itsu.com","Delicious, healthy, Asian inspired food, freshly made everyday in 70 beautifully designed shops","Restaurants & Bars",49933,4,"Great sushi at good price. The best choice if you are on the go or have little time  for office breaks.",""
"itsu.com","Delicious, healthy, Asian inspired food, freshly made everyday in 70 beautifully designed shops","Restaurants & Bars",49934,4,"Regular lunch of the chicken teryaki…",""
"itsu.com","Delicious, healthy, Asian inspired food, freshly made everyday in 70 beautifully designed shops","Restaurants & Bars",49935,4,"Good",""
"itsu.com","Delicious, healthy, Asian inspired food, freshly made everyday in 70 beautifully designed shops","Restaurants & Bars",49936,4,"great customer service",""
"itsu.com","Delicious, healthy, Asian inspired food, freshly made everyday in 70 beautifully designed shops","Restaurants & Bars",49937,4,"It was really good",""
"itsu.com","Delicious, healthy, Asian inspired food, freshly made everyday in 70 beautifully designed shops","Restaurants & Bars",49938,3,"Music too loud",""
"itsu.com","Delicious, healthy, Asian inspired food, freshly made everyday in 70 beautifully designed shops","Restaurants & Bars",49939,3,"I have used the just opened Exeter…",""
"itsu.com","Delicious, healthy, Asian inspired food, freshly made everyday in 70 beautifully designed shops","Restaurants & Bars",49940,3,"Where's the ginger?",""
"itsu.com","Delicious, healthy, Asian inspired food, freshly made everyday in 70 beautifully designed shops","Restaurants & Bars",49941,3,"Not the worst place to work",""
"itsu.com","Delicious, healthy, Asian inspired food, freshly made everyday in 70 beautifully designed shops","Restaurants & Bars",49942,3,"Too much plastic, Itsu!",""
"itsu.com","Delicious, healthy, Asian inspired food, freshly made everyday in 70 beautifully designed shops","Restaurants & Bars",49943,3,"I got myself the Lloyds Bank World…",""
"itsu.com","Delicious, healthy, Asian inspired food, freshly made everyday in 70 beautifully designed shops","Restaurants & Bars",49944,3,"Didn't look like picture on menu.",""
"itsu.com","Delicious, healthy, Asian inspired food, freshly made everyday in 70 beautifully designed shops","Restaurants & Bars",49945,3,"Tea but no milk of any kind - in the capital of England!",""
"itsu.com","Delicious, healthy, Asian inspired food, freshly made everyday in 70 beautifully designed shops","Restaurants & Bars",49946,3,"Nothing special to be honest. There’s better out there",""
"itsu.com","Delicious, healthy, Asian inspired food, freshly made everyday in 70 beautifully designed shops","Restaurants & Bars",49947,3,"My question is how can you have two…",""
"itsu.com","Delicious, healthy, Asian inspired food, freshly made everyday in 70 beautifully designed shops","Restaurants & Bars",49948,2,"Thier always dirty ",""
"itsu.com","Delicious, healthy, Asian inspired food, freshly made everyday in 70 beautifully designed shops","Restaurants & Bars",49949,2,"Warning ! Chicken teriyaki rice bowl ",""
"itsu.com","Delicious, healthy, Asian inspired food, freshly made everyday in 70 beautifully designed shops","Restaurants & Bars",49950,2,"I Went itsu (Eat Beautiful) At Fosse…",""
"itsu.com","Delicious, healthy, Asian inspired food, freshly made everyday in 70 beautifully designed shops","Restaurants & Bars",49951,2,"It lost its appeal.",""
"itsu.com","Delicious, healthy, Asian inspired food, freshly made everyday in 70 beautifully designed shops","Restaurants & Bars",49952,2,"Won't bother again",""
"itsu.com","Delicious, healthy, Asian inspired food, freshly made everyday in 70 beautifully designed shops","Restaurants & Bars",49953,2,"Okay food, high prices, bad app",""
"itsu.com","Delicious, healthy, Asian inspired food, freshly made everyday in 70 beautifully designed shops","Restaurants & Bars",49954,2,"Wasabi tucked under sushi roll- Unpleasant",""
"itsu.com","Delicious, healthy, Asian inspired food, freshly made everyday in 70 beautifully designed shops","Restaurants & Bars",49955,2,"Undercooked rice",""
"itsu.com","Delicious, healthy, Asian inspired food, freshly made everyday in 70 beautifully designed shops","Restaurants & Bars",49956,2,"Itsu at Stansted Airport.",""
"itsu.com","Delicious, healthy, Asian inspired food, freshly made everyday in 70 beautifully designed shops","Restaurants & Bars",49957,2,"Overpriced and under cooked",""
"thehellenicdeli.com","Our website provides everything you need to know about our products and services.","Restaurants & Bars",49988,5,"Wonderful products",""
"thehellenicdeli.com","Our website provides everything you need to know about our products and services.","Restaurants & Bars",49989,5,"Fast delivery and excellent packaging",""
"thehellenicdeli.com","Our website provides everything you need to know about our products and services.","Restaurants & Bars",49990,5,"Definitely the best obtainable",""
"thehellenicdeli.com","Our website provides everything you need to know about our products and services.","Restaurants & Bars",49991,5,"Excellent products",""
"thehellenicdeli.com","Our website provides everything you need to know about our products and services.","Restaurants & Bars",49992,5,"Unsurpassed quality every time",""
"thehellenicdeli.com","Our website provides everything you need to know about our products and services.","Restaurants & Bars",49993,5,"I can always trust ……..",""
"thehellenicdeli.com","Our website provides everything you need to know about our products and services.","Restaurants & Bars",49994,5,"Simply the Best!",""
"thehellenicdeli.com","Our website provides everything you need to know about our products and services.","Restaurants & Bars",49995,5,"Natural Greek Pine Honey",""
"thehellenicdeli.com","Our website provides everything you need to know about our products and services.","Restaurants & Bars",49996,5,"Excellent products which I use every…",""
"thehellenicdeli.com","Our website provides everything you need to know about our products and services.","Restaurants & Bars",49997,5,"The Hellenic Deli has an amazing range…",""
"thehellenicdeli.com","Our website provides everything you need to know about our products and services.","Restaurants & Bars",50008,4,"Quality healthy products at affordable…",""
"thehellenicdeli.com","Our website provides everything you need to know about our products and services.","Restaurants & Bars",50009,4,"Pine honey",""
"thehellenicdeli.com","Our website provides everything you need to know about our products and services.","Restaurants & Bars",50010,4,"Quick delivery ,good quality honey",""
"thehellenicdeli.com","Our website provides everything you need to know about our products and services.","Restaurants & Bars",50011,4,"Delicious but a delivery time would be helpful",""
"thehellenicdeli.com","Our website provides everything you need to know about our products and services.","Restaurants & Bars",50012,4,"The product is excellent",""
"thehellenicdeli.com","Our website provides everything you need to know about our products and services.","Restaurants & Bars",50013,4,"What a great pleasure to purchase from…",""
"thehellenicdeli.com","Our website provides everything you need to know about our products and services.","Restaurants & Bars",50014,4,"Excellent product",""
"thehellenicdeli.com","Our website provides everything you need to know about our products and services.","Restaurants & Bars",50015,4,"Always high quality products and service although delivery charges a little on the high side.",""
"thehellenicdeli.com","Our website provides everything you need to know about our products and services.","Restaurants & Bars",50016,4,"Tasty products",""
"thehellenicdeli.com","Our website provides everything you need to know about our products and services.","Restaurants & Bars",50017,4,"I have been buying from the hellenic…",""
"thehellenicdeli.com","Our website provides everything you need to know about our products and services.","Restaurants & Bars",50018,4,"The best I've ever tasted...",""
"thehellenicdeli.com","Our website provides everything you need to know about our products and services.","Restaurants & Bars",50019,4,"Olive oil cream healing power replacement pot",""
"thehellenicdeli.com","Our website provides everything you need to know about our products and services.","Restaurants & Bars",50020,4,"Product received quickly and all good",""
"thehellenicdeli.com","Our website provides everything you need to know about our products and services.","Restaurants & Bars",50021,4,"Great olive oil and very fast service",""
"thehellenicdeli.com","Our website provides everything you need to know about our products and services.","Restaurants & Bars",50022,4,"Products delivered and all okay",""
"thehellenicdeli.com","Our website provides everything you need to know about our products and services.","Restaurants & Bars",50023,4,"Communication",""
"thehellenicdeli.com","Our website provides everything you need to know about our products and services.","Restaurants & Bars",50024,4,"Excellent product",""
"thehellenicdeli.com","Our website provides everything you need to know about our products and services.","Restaurants & Bars",50025,4,"Happy with my order efficient service.",""
"thehellenicdeli.com","Our website provides everything you need to know about our products and services.","Restaurants & Bars",50026,4,"Great products just not enough of them!",""
"thehellenicdeli.com","Our website provides everything you need to know about our products and services.","Restaurants & Bars",50027,3,"Slow service",""
"thehellenicdeli.com","Our website provides everything you need to know about our products and services.","Restaurants & Bars",50028,3,"Expensive but good products",""
"thehellenicdeli.com","Our website provides everything you need to know about our products and services.","Restaurants & Bars",50029,1,"Useless customer service",""
"wetherspoons.co.uk","wethwerspoons.co.uk - wet her spoons!","Restaurants & Bars",50030,5,"Superb service",""
"wetherspoons.co.uk","wethwerspoons.co.uk - wet her spoons!","Restaurants & Bars",50031,5,"Great staff, particularly Dylan.",""
"wetherspoons.co.uk","wethwerspoons.co.uk - wet her spoons!","Restaurants & Bars",50032,5,"Breakfasts in Weatherspoons are superb",""
"wetherspoons.co.uk","wethwerspoons.co.uk - wet her spoons!","Restaurants & Bars",50033,5,"The Acorn Inn, Lichfield. ",""
"wetherspoons.co.uk","wethwerspoons.co.uk - wet her spoons!","Restaurants & Bars",50034,5,"A shining example for pubs and restaurants.",""
"wetherspoons.co.uk","wethwerspoons.co.uk - wet her spoons!","Restaurants & Bars",50035,5,"Half term in Blackpool at the Velvet…",""
"wetherspoons.co.uk","wethwerspoons.co.uk - wet her spoons!","Restaurants & Bars",50036,5,"Went to Wetherspoons in March",""
"wetherspoons.co.uk","wethwerspoons.co.uk - wet her spoons!","Restaurants & Bars",50037,5,"Whether spoons heswall outstanding…",""
"wetherspoons.co.uk","wethwerspoons.co.uk - wet her spoons!","Restaurants & Bars",50038,5,"Lost bag in Wetherspoon ",""
"wetherspoons.co.uk","wethwerspoons.co.uk - wet her spoons!","Restaurants & Bars",50039,5,"The staff are always happy and helpful…",""
"wetherspoons.co.uk","wethwerspoons.co.uk - wet her spoons!","Restaurants & Bars",50050,4,"fantastic food and drink although…",""
"wetherspoons.co.uk","wethwerspoons.co.uk - wet her spoons!","Restaurants & Bars",50051,4," the app works a treat",""
"wetherspoons.co.uk","wethwerspoons.co.uk - wet her spoons!","Restaurants & Bars",50052,4,"Great staff",""
"wetherspoons.co.uk","wethwerspoons.co.uk - wet her spoons!","Restaurants & Bars",50053,4,"Always pretty good service and value…",""
"wetherspoons.co.uk","wethwerspoons.co.uk - wet her spoons!","Restaurants & Bars",50054,4,"Ale prices",""
"wetherspoons.co.uk","wethwerspoons.co.uk - wet her spoons!","Restaurants & Bars",50055,4,"Ignorance",""
"wetherspoons.co.uk","wethwerspoons.co.uk - wet her spoons!","Restaurants & Bars",50056,4,"Their food and drinks are very good…",""
"wetherspoons.co.uk","wethwerspoons.co.uk - wet her spoons!","Restaurants & Bars",50057,4,"Bole Bridge in Tamworth",""
"wetherspoons.co.uk","wethwerspoons.co.uk - wet her spoons!","Restaurants & Bars",50058,4,"2 issues",""
"wetherspoons.co.uk","wethwerspoons.co.uk - wet her spoons!","Restaurants & Bars",50059,4,"Wetherspoons largs.",""
"wetherspoons.co.uk","wethwerspoons.co.uk - wet her spoons!","Restaurants & Bars",50060,4,"Had a road trip in Scotland and have…",""
"wetherspoons.co.uk","wethwerspoons.co.uk - wet her spoons!","Restaurants & Bars",50061,4,"I find all the pubs to be decent",""
"wetherspoons.co.uk","wethwerspoons.co.uk - wet her spoons!","Restaurants & Bars",50062,4,"The Old Gaol House at…",""
"wetherspoons.co.uk","wethwerspoons.co.uk - wet her spoons!","Restaurants & Bars",50063,4,"Breakfast!",""
"wetherspoons.co.uk","wethwerspoons.co.uk - wet her spoons!","Restaurants & Bars",50064,4,"The Dale, Willenhall",""
"wetherspoons.co.uk","wethwerspoons.co.uk - wet her spoons!","Restaurants & Bars",50065,4,"Very nice experience ",""
"wetherspoons.co.uk","wethwerspoons.co.uk - wet her spoons!","Restaurants & Bars",50066,4,"V Shed, Bristol",""
"wetherspoons.co.uk","wethwerspoons.co.uk - wet her spoons!","Restaurants & Bars",50067,4,"I like huntingdon whetherspoons",""
"wetherspoons.co.uk","wethwerspoons.co.uk - wet her spoons!","Restaurants & Bars",50068,4,"Always good food",""
"wetherspoons.co.uk","wethwerspoons.co.uk - wet her spoons!","Restaurants & Bars",50069,4,"Sir john moore",""
"wetherspoons.co.uk","wethwerspoons.co.uk - wet her spoons!","Restaurants & Bars",50070,3,"Breakfast ",""
"wetherspoons.co.uk","wethwerspoons.co.uk - wet her spoons!","Restaurants & Bars",50071,3,"Mmmmm, just don't do it ",""
"wetherspoons.co.uk","wethwerspoons.co.uk - wet her spoons!","Restaurants & Bars",50072,3,"Newcastle Quayside Wetherspoons. Very mediocre. ",""
"wetherspoons.co.uk","wethwerspoons.co.uk - wet her spoons!","Restaurants & Bars",50073,3,"Cold Harry Clasper.",""
"wetherspoons.co.uk","wethwerspoons.co.uk - wet her spoons!","Restaurants & Bars",50074,3,"Haverfordwest William Owen",""
"wetherspoons.co.uk","wethwerspoons.co.uk - wet her spoons!","Restaurants & Bars",50075,3,"Expensive for what it is, even though you wouldn’t think so. ",""
"wetherspoons.co.uk","wethwerspoons.co.uk - wet her spoons!","Restaurants & Bars",50076,3,"(Caenarfon ) keep the locals happy",""
"wetherspoons.co.uk","wethwerspoons.co.uk - wet her spoons!","Restaurants & Bars",50077,3,"Terrible",""
"wetherspoons.co.uk","wethwerspoons.co.uk - wet her spoons!","Restaurants & Bars",50078,3,"Very unusual result in the JD…",""
"wetherspoons.co.uk","wethwerspoons.co.uk - wet her spoons!","Restaurants & Bars",50079,3,"Disability Matters",""
"wetherspoons.co.uk","wethwerspoons.co.uk - wet her spoons!","Restaurants & Bars",50080,3,"I’ve always loved their Katsu Chicken…",""
"wetherspoons.co.uk","wethwerspoons.co.uk - wet her spoons!","Restaurants & Bars",50081,3,"Cold food",""
"wetherspoons.co.uk","wethwerspoons.co.uk - wet her spoons!","Restaurants & Bars",50082,3,"The Gin glass rim was covered in…",""
"wetherspoons.co.uk","wethwerspoons.co.uk - wet her spoons!","Restaurants & Bars",50083,3,"Had an all day veggie brunch and a…",""
"wetherspoons.co.uk","wethwerspoons.co.uk - wet her spoons!","Restaurants & Bars",50084,3,"Have been going to wetherspoons…",""
"wetherspoons.co.uk","wethwerspoons.co.uk - wet her spoons!","Restaurants & Bars",50085,3,"Never eat at Okehampton Fore Street again 4oz Gristle",""
"wetherspoons.co.uk","wethwerspoons.co.uk - wet her spoons!","Restaurants & Bars",50086,3,"The Francis Newton in Sheffield.",""
"wetherspoons.co.uk","wethwerspoons.co.uk - wet her spoons!","Restaurants & Bars",50087,3,"In general our local Spoons…is not too bad, and recommended.",""
"wetherspoons.co.uk","wethwerspoons.co.uk - wet her spoons!","Restaurants & Bars",50088,3,"Nice setting for The Back of Beyond in…",""
"wetherspoons.co.uk","wethwerspoons.co.uk - wet her spoons!","Restaurants & Bars",50089,3,"Although food was tasty it came out…",""
"wetherspoons.co.uk","wethwerspoons.co.uk - wet her spoons!","Restaurants & Bars",50090,2,"Wetherspoons Feltham popped in for a…",""
"wetherspoons.co.uk","wethwerspoons.co.uk - wet her spoons!","Restaurants & Bars",50091,2,"Ordered 12 inch wrap with coffee... 1230hrs SUTTON SURREY MOON UNDER WATER",""
"wetherspoons.co.uk","wethwerspoons.co.uk - wet her spoons!","Restaurants & Bars",50092,2,"Not great wetherspoons",""
"wetherspoons.co.uk","wethwerspoons.co.uk - wet her spoons!","Restaurants & Bars",50093,2,"Winter gards , harrogate",""
"wetherspoons.co.uk","wethwerspoons.co.uk - wet her spoons!","Restaurants & Bars",50094,2,"We went to the John Wallace in Newport…",""
"wetherspoons.co.uk","wethwerspoons.co.uk - wet her spoons!","Restaurants & Bars",50095,2,"Derby Standing Order 🤔",""
"wetherspoons.co.uk","wethwerspoons.co.uk - wet her spoons!","Restaurants & Bars",50096,2,"Disgusting way to treat customers",""
"wetherspoons.co.uk","wethwerspoons.co.uk - wet her spoons!","Restaurants & Bars",50097,2,"Good potential but cold ",""
"wetherspoons.co.uk","wethwerspoons.co.uk - wet her spoons!","Restaurants & Bars",50098,2,"The rose Saltaire Bideford",""
"wetherspoons.co.uk","wethwerspoons.co.uk - wet her spoons!","Restaurants & Bars",50099,2,"The Bear Maidenhead not great quality. ",""
"smoke-and-bones.com","Our primary cuisine is Texas-style barbecue. Our dishes tend to baseline on four key ingredients: aged wood, quality meat, sea salt and cracked black pepper. Combining this with the low and slow method of cooking makes our food flavoursome and tender. This is paired with classic American sides; such as macaroni cheese and southern potato salad. You can visit us at our store in Buck Street Market, KERB street food markets or hire us for private events","Restaurants & Bars",50130,5,"I went with my brother this was my 2nd…",""
"smoke-and-bones.com","Our primary cuisine is Texas-style barbecue. Our dishes tend to baseline on four key ingredients: aged wood, quality meat, sea salt and cracked black pepper. Combining this with the low and slow method of cooking makes our food flavoursome and tender. This is paired with classic American sides; such as macaroni cheese and southern potato salad. You can visit us at our store in Buck Street Market, KERB street food markets or hire us for private events","Restaurants & Bars",50131,5,"Highly Recommend!!!",""
"smoke-and-bones.com","Our primary cuisine is Texas-style barbecue. Our dishes tend to baseline on four key ingredients: aged wood, quality meat, sea salt and cracked black pepper. Combining this with the low and slow method of cooking makes our food flavoursome and tender. This is paired with classic American sides; such as macaroni cheese and southern potato salad. You can visit us at our store in Buck Street Market, KERB street food markets or hire us for private events","Restaurants & Bars",50132,5,"The best brisket and ribs around",""
"smoke-and-bones.com","Our primary cuisine is Texas-style barbecue. Our dishes tend to baseline on four key ingredients: aged wood, quality meat, sea salt and cracked black pepper. Combining this with the low and slow method of cooking makes our food flavoursome and tender. This is paired with classic American sides; such as macaroni cheese and southern potato salad. You can visit us at our store in Buck Street Market, KERB street food markets or hire us for private events","Restaurants & Bars",50133,5,"London to Preston",""
"smoke-and-bones.com","Our primary cuisine is Texas-style barbecue. Our dishes tend to baseline on four key ingredients: aged wood, quality meat, sea salt and cracked black pepper. Combining this with the low and slow method of cooking makes our food flavoursome and tender. This is paired with classic American sides; such as macaroni cheese and southern potato salad. You can visit us at our store in Buck Street Market, KERB street food markets or hire us for private events","Restaurants & Bars",50134,5,"Highly Recommend!",""
"smoke-and-bones.com","Our primary cuisine is Texas-style barbecue. Our dishes tend to baseline on four key ingredients: aged wood, quality meat, sea salt and cracked black pepper. Combining this with the low and slow method of cooking makes our food flavoursome and tender. This is paired with classic American sides; such as macaroni cheese and southern potato salad. You can visit us at our store in Buck Street Market, KERB street food markets or hire us for private events","Restaurants & Bars",50135,5,"I’ve ordered a couple of racks of ribs…",""
"smoke-and-bones.com","Our primary cuisine is Texas-style barbecue. Our dishes tend to baseline on four key ingredients: aged wood, quality meat, sea salt and cracked black pepper. Combining this with the low and slow method of cooking makes our food flavoursome and tender. This is paired with classic American sides; such as macaroni cheese and southern potato salad. You can visit us at our store in Buck Street Market, KERB street food markets or hire us for private events","Restaurants & Bars",50136,5,"Great food, Great service!",""
"smoke-and-bones.com","Our primary cuisine is Texas-style barbecue. Our dishes tend to baseline on four key ingredients: aged wood, quality meat, sea salt and cracked black pepper. Combining this with the low and slow method of cooking makes our food flavoursome and tender. This is paired with classic American sides; such as macaroni cheese and southern potato salad. You can visit us at our store in Buck Street Market, KERB street food markets or hire us for private events","Restaurants & Bars",50137,5,"Brisket Heaven",""
"smoke-and-bones.com","Our primary cuisine is Texas-style barbecue. Our dishes tend to baseline on four key ingredients: aged wood, quality meat, sea salt and cracked black pepper. Combining this with the low and slow method of cooking makes our food flavoursome and tender. This is paired with classic American sides; such as macaroni cheese and southern potato salad. You can visit us at our store in Buck Street Market, KERB street food markets or hire us for private events","Restaurants & Bars",50138,5,"Amazing halal American BBQ style food!",""
"smoke-and-bones.com","Our primary cuisine is Texas-style barbecue. Our dishes tend to baseline on four key ingredients: aged wood, quality meat, sea salt and cracked black pepper. Combining this with the low and slow method of cooking makes our food flavoursome and tender. This is paired with classic American sides; such as macaroni cheese and southern potato salad. You can visit us at our store in Buck Street Market, KERB street food markets or hire us for private events","Restaurants & Bars",50139,5,"Amazing: food gift box for colleague and they loved it",""
"smoke-and-bones.com","Our primary cuisine is Texas-style barbecue. Our dishes tend to baseline on four key ingredients: aged wood, quality meat, sea salt and cracked black pepper. Combining this with the low and slow method of cooking makes our food flavoursome and tender. This is paired with classic American sides; such as macaroni cheese and southern potato salad. You can visit us at our store in Buck Street Market, KERB street food markets or hire us for private events","Restaurants & Bars",50150,4,"We had a lovely complimentary dinner…",""
"smoke-and-bones.com","Our primary cuisine is Texas-style barbecue. Our dishes tend to baseline on four key ingredients: aged wood, quality meat, sea salt and cracked black pepper. Combining this with the low and slow method of cooking makes our food flavoursome and tender. This is paired with classic American sides; such as macaroni cheese and southern potato salad. You can visit us at our store in Buck Street Market, KERB street food markets or hire us for private events","Restaurants & Bars",50151,3,"Nice enough but wouldn’t go again",""
"smoke-and-bones.com","Our primary cuisine is Texas-style barbecue. Our dishes tend to baseline on four key ingredients: aged wood, quality meat, sea salt and cracked black pepper. Combining this with the low and slow method of cooking makes our food flavoursome and tender. This is paired with classic American sides; such as macaroni cheese and southern potato salad. You can visit us at our store in Buck Street Market, KERB street food markets or hire us for private events","Restaurants & Bars",50152,2,"Good food poor service",""
"www.buzzcateringsupplies.com","Buzz Catering Supplies are a well established company supplying commercial catering equipment and supplies to the entertainment, restaurant and hospitality industry. With a large distribution centre & central offices located in Bishops Stortford, Hertfordshire, and extensive customer services such as a servicing department, 24 hour support hotline, a cash and carry, massive showroom and more, Buzz Catering Supplies truly is the ""one-stop-shop"" for everything catering.

Built through years of good service, top quality products and our ""Lowest Price Promise"", we have been able to grow into one of the largest independent suppliers to the trade, with an impressive list of Pub Groups, Hotels, Clubs and Restaurant chains that have used us for many years. With over 11,000 customers, Buzz Catering Supplies has been in operation for over 30 years consistently providing the best quality catering products at prices you can afford.","Restaurants & Bars",50153,5,"Very pleased with the product and the service. ",""
"www.buzzcateringsupplies.com","Buzz Catering Supplies are a well established company supplying commercial catering equipment and supplies to the entertainment, restaurant and hospitality industry. With a large distribution centre & central offices located in Bishops Stortford, Hertfordshire, and extensive customer services such as a servicing department, 24 hour support hotline, a cash and carry, massive showroom and more, Buzz Catering Supplies truly is the ""one-stop-shop"" for everything catering.

Built through years of good service, top quality products and our ""Lowest Price Promise"", we have been able to grow into one of the largest independent suppliers to the trade, with an impressive list of Pub Groups, Hotels, Clubs and Restaurant chains that have used us for many years. With over 11,000 customers, Buzz Catering Supplies has been in operation for over 30 years consistently providing the best quality catering products at prices you can afford.","Restaurants & Bars",50154,5,"Jo Elliott",""
"www.buzzcateringsupplies.com","Buzz Catering Supplies are a well established company supplying commercial catering equipment and supplies to the entertainment, restaurant and hospitality industry. With a large distribution centre & central offices located in Bishops Stortford, Hertfordshire, and extensive customer services such as a servicing department, 24 hour support hotline, a cash and carry, massive showroom and more, Buzz Catering Supplies truly is the ""one-stop-shop"" for everything catering.

Built through years of good service, top quality products and our ""Lowest Price Promise"", we have been able to grow into one of the largest independent suppliers to the trade, with an impressive list of Pub Groups, Hotels, Clubs and Restaurant chains that have used us for many years. With over 11,000 customers, Buzz Catering Supplies has been in operation for over 30 years consistently providing the best quality catering products at prices you can afford.","Restaurants & Bars",50155,5,"Great Customer Service",""
"www.buzzcateringsupplies.com","Buzz Catering Supplies are a well established company supplying commercial catering equipment and supplies to the entertainment, restaurant and hospitality industry. With a large distribution centre & central offices located in Bishops Stortford, Hertfordshire, and extensive customer services such as a servicing department, 24 hour support hotline, a cash and carry, massive showroom and more, Buzz Catering Supplies truly is the ""one-stop-shop"" for everything catering.

Built through years of good service, top quality products and our ""Lowest Price Promise"", we have been able to grow into one of the largest independent suppliers to the trade, with an impressive list of Pub Groups, Hotels, Clubs and Restaurant chains that have used us for many years. With over 11,000 customers, Buzz Catering Supplies has been in operation for over 30 years consistently providing the best quality catering products at prices you can afford.","Restaurants & Bars",50156,5,"Very helpful and efficient",""
"www.buzzcateringsupplies.com","Buzz Catering Supplies are a well established company supplying commercial catering equipment and supplies to the entertainment, restaurant and hospitality industry. With a large distribution centre & central offices located in Bishops Stortford, Hertfordshire, and extensive customer services such as a servicing department, 24 hour support hotline, a cash and carry, massive showroom and more, Buzz Catering Supplies truly is the ""one-stop-shop"" for everything catering.

Built through years of good service, top quality products and our ""Lowest Price Promise"", we have been able to grow into one of the largest independent suppliers to the trade, with an impressive list of Pub Groups, Hotels, Clubs and Restaurant chains that have used us for many years. With over 11,000 customers, Buzz Catering Supplies has been in operation for over 30 years consistently providing the best quality catering products at prices you can afford.","Restaurants & Bars",50157,5,"Aruba LED Cordless Lamps in Cocoa (23cm)",""
"www.buzzcateringsupplies.com","Buzz Catering Supplies are a well established company supplying commercial catering equipment and supplies to the entertainment, restaurant and hospitality industry. With a large distribution centre & central offices located in Bishops Stortford, Hertfordshire, and extensive customer services such as a servicing department, 24 hour support hotline, a cash and carry, massive showroom and more, Buzz Catering Supplies truly is the ""one-stop-shop"" for everything catering.

Built through years of good service, top quality products and our ""Lowest Price Promise"", we have been able to grow into one of the largest independent suppliers to the trade, with an impressive list of Pub Groups, Hotels, Clubs and Restaurant chains that have used us for many years. With over 11,000 customers, Buzz Catering Supplies has been in operation for over 30 years consistently providing the best quality catering products at prices you can afford.","Restaurants & Bars",50158,5,"Superb response to an issue",""
"www.buzzcateringsupplies.com","Buzz Catering Supplies are a well established company supplying commercial catering equipment and supplies to the entertainment, restaurant and hospitality industry. With a large distribution centre & central offices located in Bishops Stortford, Hertfordshire, and extensive customer services such as a servicing department, 24 hour support hotline, a cash and carry, massive showroom and more, Buzz Catering Supplies truly is the ""one-stop-shop"" for everything catering.

Built through years of good service, top quality products and our ""Lowest Price Promise"", we have been able to grow into one of the largest independent suppliers to the trade, with an impressive list of Pub Groups, Hotels, Clubs and Restaurant chains that have used us for many years. With over 11,000 customers, Buzz Catering Supplies has been in operation for over 30 years consistently providing the best quality catering products at prices you can afford.","Restaurants & Bars",50159,5,"Will be back for more products! ",""
"www.buzzcateringsupplies.com","Buzz Catering Supplies are a well established company supplying commercial catering equipment and supplies to the entertainment, restaurant and hospitality industry. With a large distribution centre & central offices located in Bishops Stortford, Hertfordshire, and extensive customer services such as a servicing department, 24 hour support hotline, a cash and carry, massive showroom and more, Buzz Catering Supplies truly is the ""one-stop-shop"" for everything catering.

Built through years of good service, top quality products and our ""Lowest Price Promise"", we have been able to grow into one of the largest independent suppliers to the trade, with an impressive list of Pub Groups, Hotels, Clubs and Restaurant chains that have used us for many years. With over 11,000 customers, Buzz Catering Supplies has been in operation for over 30 years consistently providing the best quality catering products at prices you can afford.","Restaurants & Bars",50160,5,"Very happy with the quality of products…",""
"www.buzzcateringsupplies.com","Buzz Catering Supplies are a well established company supplying commercial catering equipment and supplies to the entertainment, restaurant and hospitality industry. With a large distribution centre & central offices located in Bishops Stortford, Hertfordshire, and extensive customer services such as a servicing department, 24 hour support hotline, a cash and carry, massive showroom and more, Buzz Catering Supplies truly is the ""one-stop-shop"" for everything catering.

Built through years of good service, top quality products and our ""Lowest Price Promise"", we have been able to grow into one of the largest independent suppliers to the trade, with an impressive list of Pub Groups, Hotels, Clubs and Restaurant chains that have used us for many years. With over 11,000 customers, Buzz Catering Supplies has been in operation for over 30 years consistently providing the best quality catering products at prices you can afford.","Restaurants & Bars",50161,5,"Very impressed ",""
"www.buzzcateringsupplies.com","Buzz Catering Supplies are a well established company supplying commercial catering equipment and supplies to the entertainment, restaurant and hospitality industry. With a large distribution centre & central offices located in Bishops Stortford, Hertfordshire, and extensive customer services such as a servicing department, 24 hour support hotline, a cash and carry, massive showroom and more, Buzz Catering Supplies truly is the ""one-stop-shop"" for everything catering.

Built through years of good service, top quality products and our ""Lowest Price Promise"", we have been able to grow into one of the largest independent suppliers to the trade, with an impressive list of Pub Groups, Hotels, Clubs and Restaurant chains that have used us for many years. With over 11,000 customers, Buzz Catering Supplies has been in operation for over 30 years consistently providing the best quality catering products at prices you can afford.","Restaurants & Bars",50162,5,"2nd order came yesterday - all good.",""
"www.buzzcateringsupplies.com","Buzz Catering Supplies are a well established company supplying commercial catering equipment and supplies to the entertainment, restaurant and hospitality industry. With a large distribution centre & central offices located in Bishops Stortford, Hertfordshire, and extensive customer services such as a servicing department, 24 hour support hotline, a cash and carry, massive showroom and more, Buzz Catering Supplies truly is the ""one-stop-shop"" for everything catering.

Built through years of good service, top quality products and our ""Lowest Price Promise"", we have been able to grow into one of the largest independent suppliers to the trade, with an impressive list of Pub Groups, Hotels, Clubs and Restaurant chains that have used us for many years. With over 11,000 customers, Buzz Catering Supplies has been in operation for over 30 years consistently providing the best quality catering products at prices you can afford.","Restaurants & Bars",50173,4,"Easy and quick order/delivery",""
"www.buzzcateringsupplies.com","Buzz Catering Supplies are a well established company supplying commercial catering equipment and supplies to the entertainment, restaurant and hospitality industry. With a large distribution centre & central offices located in Bishops Stortford, Hertfordshire, and extensive customer services such as a servicing department, 24 hour support hotline, a cash and carry, massive showroom and more, Buzz Catering Supplies truly is the ""one-stop-shop"" for everything catering.

Built through years of good service, top quality products and our ""Lowest Price Promise"", we have been able to grow into one of the largest independent suppliers to the trade, with an impressive list of Pub Groups, Hotels, Clubs and Restaurant chains that have used us for many years. With over 11,000 customers, Buzz Catering Supplies has been in operation for over 30 years consistently providing the best quality catering products at prices you can afford.","Restaurants & Bars",50174,4,"Excellent customer service.",""
"www.buzzcateringsupplies.com","Buzz Catering Supplies are a well established company supplying commercial catering equipment and supplies to the entertainment, restaurant and hospitality industry. With a large distribution centre & central offices located in Bishops Stortford, Hertfordshire, and extensive customer services such as a servicing department, 24 hour support hotline, a cash and carry, massive showroom and more, Buzz Catering Supplies truly is the ""one-stop-shop"" for everything catering.

Built through years of good service, top quality products and our ""Lowest Price Promise"", we have been able to grow into one of the largest independent suppliers to the trade, with an impressive list of Pub Groups, Hotels, Clubs and Restaurant chains that have used us for many years. With over 11,000 customers, Buzz Catering Supplies has been in operation for over 30 years consistently providing the best quality catering products at prices you can afford.","Restaurants & Bars",50175,4,"This is not a reflection on Buzz…",""
"www.buzzcateringsupplies.com","Buzz Catering Supplies are a well established company supplying commercial catering equipment and supplies to the entertainment, restaurant and hospitality industry. With a large distribution centre & central offices located in Bishops Stortford, Hertfordshire, and extensive customer services such as a servicing department, 24 hour support hotline, a cash and carry, massive showroom and more, Buzz Catering Supplies truly is the ""one-stop-shop"" for everything catering.

Built through years of good service, top quality products and our ""Lowest Price Promise"", we have been able to grow into one of the largest independent suppliers to the trade, with an impressive list of Pub Groups, Hotels, Clubs and Restaurant chains that have used us for many years. With over 11,000 customers, Buzz Catering Supplies has been in operation for over 30 years consistently providing the best quality catering products at prices you can afford.","Restaurants & Bars",50176,4,"Great product, poor delivery",""
"www.buzzcateringsupplies.com","Buzz Catering Supplies are a well established company supplying commercial catering equipment and supplies to the entertainment, restaurant and hospitality industry. With a large distribution centre & central offices located in Bishops Stortford, Hertfordshire, and extensive customer services such as a servicing department, 24 hour support hotline, a cash and carry, massive showroom and more, Buzz Catering Supplies truly is the ""one-stop-shop"" for everything catering.

Built through years of good service, top quality products and our ""Lowest Price Promise"", we have been able to grow into one of the largest independent suppliers to the trade, with an impressive list of Pub Groups, Hotels, Clubs and Restaurant chains that have used us for many years. With over 11,000 customers, Buzz Catering Supplies has been in operation for over 30 years consistently providing the best quality catering products at prices you can afford.","Restaurants & Bars",50177,4,"Wrong item delivered but didn't notice …",""
"www.buzzcateringsupplies.com","Buzz Catering Supplies are a well established company supplying commercial catering equipment and supplies to the entertainment, restaurant and hospitality industry. With a large distribution centre & central offices located in Bishops Stortford, Hertfordshire, and extensive customer services such as a servicing department, 24 hour support hotline, a cash and carry, massive showroom and more, Buzz Catering Supplies truly is the ""one-stop-shop"" for everything catering.

Built through years of good service, top quality products and our ""Lowest Price Promise"", we have been able to grow into one of the largest independent suppliers to the trade, with an impressive list of Pub Groups, Hotels, Clubs and Restaurant chains that have used us for many years. With over 11,000 customers, Buzz Catering Supplies has been in operation for over 30 years consistently providing the best quality catering products at prices you can afford.","Restaurants & Bars",50178,4,"Prices were much better than other…",""
"www.buzzcateringsupplies.com","Buzz Catering Supplies are a well established company supplying commercial catering equipment and supplies to the entertainment, restaurant and hospitality industry. With a large distribution centre & central offices located in Bishops Stortford, Hertfordshire, and extensive customer services such as a servicing department, 24 hour support hotline, a cash and carry, massive showroom and more, Buzz Catering Supplies truly is the ""one-stop-shop"" for everything catering.

Built through years of good service, top quality products and our ""Lowest Price Promise"", we have been able to grow into one of the largest independent suppliers to the trade, with an impressive list of Pub Groups, Hotels, Clubs and Restaurant chains that have used us for many years. With over 11,000 customers, Buzz Catering Supplies has been in operation for over 30 years consistently providing the best quality catering products at prices you can afford.","Restaurants & Bars",50179,4,"I bought a Master Class Heavy-Duty…",""
"www.buzzcateringsupplies.com","Buzz Catering Supplies are a well established company supplying commercial catering equipment and supplies to the entertainment, restaurant and hospitality industry. With a large distribution centre & central offices located in Bishops Stortford, Hertfordshire, and extensive customer services such as a servicing department, 24 hour support hotline, a cash and carry, massive showroom and more, Buzz Catering Supplies truly is the ""one-stop-shop"" for everything catering.

Built through years of good service, top quality products and our ""Lowest Price Promise"", we have been able to grow into one of the largest independent suppliers to the trade, with an impressive list of Pub Groups, Hotels, Clubs and Restaurant chains that have used us for many years. With over 11,000 customers, Buzz Catering Supplies has been in operation for over 30 years consistently providing the best quality catering products at prices you can afford.","Restaurants & Bars",50180,4,"Updated",""
"www.buzzcateringsupplies.com","Buzz Catering Supplies are a well established company supplying commercial catering equipment and supplies to the entertainment, restaurant and hospitality industry. With a large distribution centre & central offices located in Bishops Stortford, Hertfordshire, and extensive customer services such as a servicing department, 24 hour support hotline, a cash and carry, massive showroom and more, Buzz Catering Supplies truly is the ""one-stop-shop"" for everything catering.

Built through years of good service, top quality products and our ""Lowest Price Promise"", we have been able to grow into one of the largest independent suppliers to the trade, with an impressive list of Pub Groups, Hotels, Clubs and Restaurant chains that have used us for many years. With over 11,000 customers, Buzz Catering Supplies has been in operation for over 30 years consistently providing the best quality catering products at prices you can afford.","Restaurants & Bars",50181,4,"Decent range and prices........",""
"www.buzzcateringsupplies.com","Buzz Catering Supplies are a well established company supplying commercial catering equipment and supplies to the entertainment, restaurant and hospitality industry. With a large distribution centre & central offices located in Bishops Stortford, Hertfordshire, and extensive customer services such as a servicing department, 24 hour support hotline, a cash and carry, massive showroom and more, Buzz Catering Supplies truly is the ""one-stop-shop"" for everything catering.

Built through years of good service, top quality products and our ""Lowest Price Promise"", we have been able to grow into one of the largest independent suppliers to the trade, with an impressive list of Pub Groups, Hotels, Clubs and Restaurant chains that have used us for many years. With over 11,000 customers, Buzz Catering Supplies has been in operation for over 30 years consistently providing the best quality catering products at prices you can afford.","Restaurants & Bars",50182,4,"Items arrived quickly",""
"www.buzzcateringsupplies.com","Buzz Catering Supplies are a well established company supplying commercial catering equipment and supplies to the entertainment, restaurant and hospitality industry. With a large distribution centre & central offices located in Bishops Stortford, Hertfordshire, and extensive customer services such as a servicing department, 24 hour support hotline, a cash and carry, massive showroom and more, Buzz Catering Supplies truly is the ""one-stop-shop"" for everything catering.

Built through years of good service, top quality products and our ""Lowest Price Promise"", we have been able to grow into one of the largest independent suppliers to the trade, with an impressive list of Pub Groups, Hotels, Clubs and Restaurant chains that have used us for many years. With over 11,000 customers, Buzz Catering Supplies has been in operation for over 30 years consistently providing the best quality catering products at prices you can afford.","Restaurants & Bars",50183,4,"A good catering supplier to order from…",""
"www.buzzcateringsupplies.com","Buzz Catering Supplies are a well established company supplying commercial catering equipment and supplies to the entertainment, restaurant and hospitality industry. With a large distribution centre & central offices located in Bishops Stortford, Hertfordshire, and extensive customer services such as a servicing department, 24 hour support hotline, a cash and carry, massive showroom and more, Buzz Catering Supplies truly is the ""one-stop-shop"" for everything catering.

Built through years of good service, top quality products and our ""Lowest Price Promise"", we have been able to grow into one of the largest independent suppliers to the trade, with an impressive list of Pub Groups, Hotels, Clubs and Restaurant chains that have used us for many years. With over 11,000 customers, Buzz Catering Supplies has been in operation for over 30 years consistently providing the best quality catering products at prices you can afford.","Restaurants & Bars",50184,4,"Very happy with most of my order",""
"www.buzzcateringsupplies.com","Buzz Catering Supplies are a well established company supplying commercial catering equipment and supplies to the entertainment, restaurant and hospitality industry. With a large distribution centre & central offices located in Bishops Stortford, Hertfordshire, and extensive customer services such as a servicing department, 24 hour support hotline, a cash and carry, massive showroom and more, Buzz Catering Supplies truly is the ""one-stop-shop"" for everything catering.

Built through years of good service, top quality products and our ""Lowest Price Promise"", we have been able to grow into one of the largest independent suppliers to the trade, with an impressive list of Pub Groups, Hotels, Clubs and Restaurant chains that have used us for many years. With over 11,000 customers, Buzz Catering Supplies has been in operation for over 30 years consistently providing the best quality catering products at prices you can afford.","Restaurants & Bars",50185,4,"Super quality pot. Poor communication.",""
"www.buzzcateringsupplies.com","Buzz Catering Supplies are a well established company supplying commercial catering equipment and supplies to the entertainment, restaurant and hospitality industry. With a large distribution centre & central offices located in Bishops Stortford, Hertfordshire, and extensive customer services such as a servicing department, 24 hour support hotline, a cash and carry, massive showroom and more, Buzz Catering Supplies truly is the ""one-stop-shop"" for everything catering.

Built through years of good service, top quality products and our ""Lowest Price Promise"", we have been able to grow into one of the largest independent suppliers to the trade, with an impressive list of Pub Groups, Hotels, Clubs and Restaurant chains that have used us for many years. With over 11,000 customers, Buzz Catering Supplies has been in operation for over 30 years consistently providing the best quality catering products at prices you can afford.","Restaurants & Bars",50186,4,"Found what I was after on their website…",""
"www.buzzcateringsupplies.com","Buzz Catering Supplies are a well established company supplying commercial catering equipment and supplies to the entertainment, restaurant and hospitality industry. With a large distribution centre & central offices located in Bishops Stortford, Hertfordshire, and extensive customer services such as a servicing department, 24 hour support hotline, a cash and carry, massive showroom and more, Buzz Catering Supplies truly is the ""one-stop-shop"" for everything catering.

Built through years of good service, top quality products and our ""Lowest Price Promise"", we have been able to grow into one of the largest independent suppliers to the trade, with an impressive list of Pub Groups, Hotels, Clubs and Restaurant chains that have used us for many years. With over 11,000 customers, Buzz Catering Supplies has been in operation for over 30 years consistently providing the best quality catering products at prices you can afford.","Restaurants & Bars",50187,4,"Try to place the order over the phone…",""
"www.buzzcateringsupplies.com","Buzz Catering Supplies are a well established company supplying commercial catering equipment and supplies to the entertainment, restaurant and hospitality industry. With a large distribution centre & central offices located in Bishops Stortford, Hertfordshire, and extensive customer services such as a servicing department, 24 hour support hotline, a cash and carry, massive showroom and more, Buzz Catering Supplies truly is the ""one-stop-shop"" for everything catering.

Built through years of good service, top quality products and our ""Lowest Price Promise"", we have been able to grow into one of the largest independent suppliers to the trade, with an impressive list of Pub Groups, Hotels, Clubs and Restaurant chains that have used us for many years. With over 11,000 customers, Buzz Catering Supplies has been in operation for over 30 years consistently providing the best quality catering products at prices you can afford.","Restaurants & Bars",50188,4,"Long road",""
"www.buzzcateringsupplies.com","Buzz Catering Supplies are a well established company supplying commercial catering equipment and supplies to the entertainment, restaurant and hospitality industry. With a large distribution centre & central offices located in Bishops Stortford, Hertfordshire, and extensive customer services such as a servicing department, 24 hour support hotline, a cash and carry, massive showroom and more, Buzz Catering Supplies truly is the ""one-stop-shop"" for everything catering.

Built through years of good service, top quality products and our ""Lowest Price Promise"", we have been able to grow into one of the largest independent suppliers to the trade, with an impressive list of Pub Groups, Hotels, Clubs and Restaurant chains that have used us for many years. With over 11,000 customers, Buzz Catering Supplies has been in operation for over 30 years consistently providing the best quality catering products at prices you can afford.","Restaurants & Bars",50189,4,"Personal order",""
"www.buzzcateringsupplies.com","Buzz Catering Supplies are a well established company supplying commercial catering equipment and supplies to the entertainment, restaurant and hospitality industry. With a large distribution centre & central offices located in Bishops Stortford, Hertfordshire, and extensive customer services such as a servicing department, 24 hour support hotline, a cash and carry, massive showroom and more, Buzz Catering Supplies truly is the ""one-stop-shop"" for everything catering.

Built through years of good service, top quality products and our ""Lowest Price Promise"", we have been able to grow into one of the largest independent suppliers to the trade, with an impressive list of Pub Groups, Hotels, Clubs and Restaurant chains that have used us for many years. With over 11,000 customers, Buzz Catering Supplies has been in operation for over 30 years consistently providing the best quality catering products at prices you can afford.","Restaurants & Bars",50190,4,"Great Service",""
"www.buzzcateringsupplies.com","Buzz Catering Supplies are a well established company supplying commercial catering equipment and supplies to the entertainment, restaurant and hospitality industry. With a large distribution centre & central offices located in Bishops Stortford, Hertfordshire, and extensive customer services such as a servicing department, 24 hour support hotline, a cash and carry, massive showroom and more, Buzz Catering Supplies truly is the ""one-stop-shop"" for everything catering.

Built through years of good service, top quality products and our ""Lowest Price Promise"", we have been able to grow into one of the largest independent suppliers to the trade, with an impressive list of Pub Groups, Hotels, Clubs and Restaurant chains that have used us for many years. With over 11,000 customers, Buzz Catering Supplies has been in operation for over 30 years consistently providing the best quality catering products at prices you can afford.","Restaurants & Bars",50191,4,"Delivered goods on time",""
"www.buzzcateringsupplies.com","Buzz Catering Supplies are a well established company supplying commercial catering equipment and supplies to the entertainment, restaurant and hospitality industry. With a large distribution centre & central offices located in Bishops Stortford, Hertfordshire, and extensive customer services such as a servicing department, 24 hour support hotline, a cash and carry, massive showroom and more, Buzz Catering Supplies truly is the ""one-stop-shop"" for everything catering.

Built through years of good service, top quality products and our ""Lowest Price Promise"", we have been able to grow into one of the largest independent suppliers to the trade, with an impressive list of Pub Groups, Hotels, Clubs and Restaurant chains that have used us for many years. With over 11,000 customers, Buzz Catering Supplies has been in operation for over 30 years consistently providing the best quality catering products at prices you can afford.","Restaurants & Bars",50192,4,"Would buy again",""
"www.buzzcateringsupplies.com","Buzz Catering Supplies are a well established company supplying commercial catering equipment and supplies to the entertainment, restaurant and hospitality industry. With a large distribution centre & central offices located in Bishops Stortford, Hertfordshire, and extensive customer services such as a servicing department, 24 hour support hotline, a cash and carry, massive showroom and more, Buzz Catering Supplies truly is the ""one-stop-shop"" for everything catering.

Built through years of good service, top quality products and our ""Lowest Price Promise"", we have been able to grow into one of the largest independent suppliers to the trade, with an impressive list of Pub Groups, Hotels, Clubs and Restaurant chains that have used us for many years. With over 11,000 customers, Buzz Catering Supplies has been in operation for over 30 years consistently providing the best quality catering products at prices you can afford.","Restaurants & Bars",50193,3,"The items still have not arrived…",""
"www.buzzcateringsupplies.com","Buzz Catering Supplies are a well established company supplying commercial catering equipment and supplies to the entertainment, restaurant and hospitality industry. With a large distribution centre & central offices located in Bishops Stortford, Hertfordshire, and extensive customer services such as a servicing department, 24 hour support hotline, a cash and carry, massive showroom and more, Buzz Catering Supplies truly is the ""one-stop-shop"" for everything catering.

Built through years of good service, top quality products and our ""Lowest Price Promise"", we have been able to grow into one of the largest independent suppliers to the trade, with an impressive list of Pub Groups, Hotels, Clubs and Restaurant chains that have used us for many years. With over 11,000 customers, Buzz Catering Supplies has been in operation for over 30 years consistently providing the best quality catering products at prices you can afford.","Restaurants & Bars",50194,3,"Ordered a pack of 6 slate placemats for…",""
"www.buzzcateringsupplies.com","Buzz Catering Supplies are a well established company supplying commercial catering equipment and supplies to the entertainment, restaurant and hospitality industry. With a large distribution centre & central offices located in Bishops Stortford, Hertfordshire, and extensive customer services such as a servicing department, 24 hour support hotline, a cash and carry, massive showroom and more, Buzz Catering Supplies truly is the ""one-stop-shop"" for everything catering.

Built through years of good service, top quality products and our ""Lowest Price Promise"", we have been able to grow into one of the largest independent suppliers to the trade, with an impressive list of Pub Groups, Hotels, Clubs and Restaurant chains that have used us for many years. With over 11,000 customers, Buzz Catering Supplies has been in operation for over 30 years consistently providing the best quality catering products at prices you can afford.","Restaurants & Bars",50195,3,"Ok, but slow delivery…..!",""
"www.buzzcateringsupplies.com","Buzz Catering Supplies are a well established company supplying commercial catering equipment and supplies to the entertainment, restaurant and hospitality industry. With a large distribution centre & central offices located in Bishops Stortford, Hertfordshire, and extensive customer services such as a servicing department, 24 hour support hotline, a cash and carry, massive showroom and more, Buzz Catering Supplies truly is the ""one-stop-shop"" for everything catering.

Built through years of good service, top quality products and our ""Lowest Price Promise"", we have been able to grow into one of the largest independent suppliers to the trade, with an impressive list of Pub Groups, Hotels, Clubs and Restaurant chains that have used us for many years. With over 11,000 customers, Buzz Catering Supplies has been in operation for over 30 years consistently providing the best quality catering products at prices you can afford.","Restaurants & Bars",50196,3,"It's a shame it's only a 3 star from…",""
"www.buzzcateringsupplies.com","Buzz Catering Supplies are a well established company supplying commercial catering equipment and supplies to the entertainment, restaurant and hospitality industry. With a large distribution centre & central offices located in Bishops Stortford, Hertfordshire, and extensive customer services such as a servicing department, 24 hour support hotline, a cash and carry, massive showroom and more, Buzz Catering Supplies truly is the ""one-stop-shop"" for everything catering.

Built through years of good service, top quality products and our ""Lowest Price Promise"", we have been able to grow into one of the largest independent suppliers to the trade, with an impressive list of Pub Groups, Hotels, Clubs and Restaurant chains that have used us for many years. With over 11,000 customers, Buzz Catering Supplies has been in operation for over 30 years consistently providing the best quality catering products at prices you can afford.","Restaurants & Bars",50197,3,"Good product - poor courier service",""
"www.buzzcateringsupplies.com","Buzz Catering Supplies are a well established company supplying commercial catering equipment and supplies to the entertainment, restaurant and hospitality industry. With a large distribution centre & central offices located in Bishops Stortford, Hertfordshire, and extensive customer services such as a servicing department, 24 hour support hotline, a cash and carry, massive showroom and more, Buzz Catering Supplies truly is the ""one-stop-shop"" for everything catering.

Built through years of good service, top quality products and our ""Lowest Price Promise"", we have been able to grow into one of the largest independent suppliers to the trade, with an impressive list of Pub Groups, Hotels, Clubs and Restaurant chains that have used us for many years. With over 11,000 customers, Buzz Catering Supplies has been in operation for over 30 years consistently providing the best quality catering products at prices you can afford.","Restaurants & Bars",50198,3,"Order not arrived after 6 days despite being on 24 hour delivery.",""
"www.buzzcateringsupplies.com","Buzz Catering Supplies are a well established company supplying commercial catering equipment and supplies to the entertainment, restaurant and hospitality industry. With a large distribution centre & central offices located in Bishops Stortford, Hertfordshire, and extensive customer services such as a servicing department, 24 hour support hotline, a cash and carry, massive showroom and more, Buzz Catering Supplies truly is the ""one-stop-shop"" for everything catering.

Built through years of good service, top quality products and our ""Lowest Price Promise"", we have been able to grow into one of the largest independent suppliers to the trade, with an impressive list of Pub Groups, Hotels, Clubs and Restaurant chains that have used us for many years. With over 11,000 customers, Buzz Catering Supplies has been in operation for over 30 years consistently providing the best quality catering products at prices you can afford.","Restaurants & Bars",50199,3,"I ordered 12 Starlight candles",""
"www.buzzcateringsupplies.com","Buzz Catering Supplies are a well established company supplying commercial catering equipment and supplies to the entertainment, restaurant and hospitality industry. With a large distribution centre & central offices located in Bishops Stortford, Hertfordshire, and extensive customer services such as a servicing department, 24 hour support hotline, a cash and carry, massive showroom and more, Buzz Catering Supplies truly is the ""one-stop-shop"" for everything catering.

Built through years of good service, top quality products and our ""Lowest Price Promise"", we have been able to grow into one of the largest independent suppliers to the trade, with an impressive list of Pub Groups, Hotels, Clubs and Restaurant chains that have used us for many years. With over 11,000 customers, Buzz Catering Supplies has been in operation for over 30 years consistently providing the best quality catering products at prices you can afford.","Restaurants & Bars",50200,3,"Great products. Terrible delivery",""
"www.buzzcateringsupplies.com","Buzz Catering Supplies are a well established company supplying commercial catering equipment and supplies to the entertainment, restaurant and hospitality industry. With a large distribution centre & central offices located in Bishops Stortford, Hertfordshire, and extensive customer services such as a servicing department, 24 hour support hotline, a cash and carry, massive showroom and more, Buzz Catering Supplies truly is the ""one-stop-shop"" for everything catering.

Built through years of good service, top quality products and our ""Lowest Price Promise"", we have been able to grow into one of the largest independent suppliers to the trade, with an impressive list of Pub Groups, Hotels, Clubs and Restaurant chains that have used us for many years. With over 11,000 customers, Buzz Catering Supplies has been in operation for over 30 years consistently providing the best quality catering products at prices you can afford.","Restaurants & Bars",50201,3,"Good price, poor delivery",""
"www.buzzcateringsupplies.com","Buzz Catering Supplies are a well established company supplying commercial catering equipment and supplies to the entertainment, restaurant and hospitality industry. With a large distribution centre & central offices located in Bishops Stortford, Hertfordshire, and extensive customer services such as a servicing department, 24 hour support hotline, a cash and carry, massive showroom and more, Buzz Catering Supplies truly is the ""one-stop-shop"" for everything catering.

Built through years of good service, top quality products and our ""Lowest Price Promise"", we have been able to grow into one of the largest independent suppliers to the trade, with an impressive list of Pub Groups, Hotels, Clubs and Restaurant chains that have used us for many years. With over 11,000 customers, Buzz Catering Supplies has been in operation for over 30 years consistently providing the best quality catering products at prices you can afford.","Restaurants & Bars",50202,3,"Not great",""
"www.buzzcateringsupplies.com","Buzz Catering Supplies are a well established company supplying commercial catering equipment and supplies to the entertainment, restaurant and hospitality industry. With a large distribution centre & central offices located in Bishops Stortford, Hertfordshire, and extensive customer services such as a servicing department, 24 hour support hotline, a cash and carry, massive showroom and more, Buzz Catering Supplies truly is the ""one-stop-shop"" for everything catering.

Built through years of good service, top quality products and our ""Lowest Price Promise"", we have been able to grow into one of the largest independent suppliers to the trade, with an impressive list of Pub Groups, Hotels, Clubs and Restaurant chains that have used us for many years. With over 11,000 customers, Buzz Catering Supplies has been in operation for over 30 years consistently providing the best quality catering products at prices you can afford.","Restaurants & Bars",50203,3,"Poor Customer Service",""
"www.buzzcateringsupplies.com","Buzz Catering Supplies are a well established company supplying commercial catering equipment and supplies to the entertainment, restaurant and hospitality industry. With a large distribution centre & central offices located in Bishops Stortford, Hertfordshire, and extensive customer services such as a servicing department, 24 hour support hotline, a cash and carry, massive showroom and more, Buzz Catering Supplies truly is the ""one-stop-shop"" for everything catering.

Built through years of good service, top quality products and our ""Lowest Price Promise"", we have been able to grow into one of the largest independent suppliers to the trade, with an impressive list of Pub Groups, Hotels, Clubs and Restaurant chains that have used us for many years. With over 11,000 customers, Buzz Catering Supplies has been in operation for over 30 years consistently providing the best quality catering products at prices you can afford.","Restaurants & Bars",50204,3,"The item ordered was reasonably priced…",""
"www.buzzcateringsupplies.com","Buzz Catering Supplies are a well established company supplying commercial catering equipment and supplies to the entertainment, restaurant and hospitality industry. With a large distribution centre & central offices located in Bishops Stortford, Hertfordshire, and extensive customer services such as a servicing department, 24 hour support hotline, a cash and carry, massive showroom and more, Buzz Catering Supplies truly is the ""one-stop-shop"" for everything catering.

Built through years of good service, top quality products and our ""Lowest Price Promise"", we have been able to grow into one of the largest independent suppliers to the trade, with an impressive list of Pub Groups, Hotels, Clubs and Restaurant chains that have used us for many years. With over 11,000 customers, Buzz Catering Supplies has been in operation for over 30 years consistently providing the best quality catering products at prices you can afford.","Restaurants & Bars",50205,3,"Whilst we are pleased with the quality…",""
"www.buzzcateringsupplies.com","Buzz Catering Supplies are a well established company supplying commercial catering equipment and supplies to the entertainment, restaurant and hospitality industry. With a large distribution centre & central offices located in Bishops Stortford, Hertfordshire, and extensive customer services such as a servicing department, 24 hour support hotline, a cash and carry, massive showroom and more, Buzz Catering Supplies truly is the ""one-stop-shop"" for everything catering.

Built through years of good service, top quality products and our ""Lowest Price Promise"", we have been able to grow into one of the largest independent suppliers to the trade, with an impressive list of Pub Groups, Hotels, Clubs and Restaurant chains that have used us for many years. With over 11,000 customers, Buzz Catering Supplies has been in operation for over 30 years consistently providing the best quality catering products at prices you can afford.","Restaurants & Bars",50206,3,"Very poor dispatch/shipping.",""
"www.buzzcateringsupplies.com","Buzz Catering Supplies are a well established company supplying commercial catering equipment and supplies to the entertainment, restaurant and hospitality industry. With a large distribution centre & central offices located in Bishops Stortford, Hertfordshire, and extensive customer services such as a servicing department, 24 hour support hotline, a cash and carry, massive showroom and more, Buzz Catering Supplies truly is the ""one-stop-shop"" for everything catering.

Built through years of good service, top quality products and our ""Lowest Price Promise"", we have been able to grow into one of the largest independent suppliers to the trade, with an impressive list of Pub Groups, Hotels, Clubs and Restaurant chains that have used us for many years. With over 11,000 customers, Buzz Catering Supplies has been in operation for over 30 years consistently providing the best quality catering products at prices you can afford.","Restaurants & Bars",50207,3,"Excellent service provided by Buzz … however!",""
"www.buzzcateringsupplies.com","Buzz Catering Supplies are a well established company supplying commercial catering equipment and supplies to the entertainment, restaurant and hospitality industry. With a large distribution centre & central offices located in Bishops Stortford, Hertfordshire, and extensive customer services such as a servicing department, 24 hour support hotline, a cash and carry, massive showroom and more, Buzz Catering Supplies truly is the ""one-stop-shop"" for everything catering.

Built through years of good service, top quality products and our ""Lowest Price Promise"", we have been able to grow into one of the largest independent suppliers to the trade, with an impressive list of Pub Groups, Hotels, Clubs and Restaurant chains that have used us for many years. With over 11,000 customers, Buzz Catering Supplies has been in operation for over 30 years consistently providing the best quality catering products at prices you can afford.","Restaurants & Bars",50208,3,"Check delivery info carefully. ",""
"www.buzzcateringsupplies.com","Buzz Catering Supplies are a well established company supplying commercial catering equipment and supplies to the entertainment, restaurant and hospitality industry. With a large distribution centre & central offices located in Bishops Stortford, Hertfordshire, and extensive customer services such as a servicing department, 24 hour support hotline, a cash and carry, massive showroom and more, Buzz Catering Supplies truly is the ""one-stop-shop"" for everything catering.

Built through years of good service, top quality products and our ""Lowest Price Promise"", we have been able to grow into one of the largest independent suppliers to the trade, with an impressive list of Pub Groups, Hotels, Clubs and Restaurant chains that have used us for many years. With over 11,000 customers, Buzz Catering Supplies has been in operation for over 30 years consistently providing the best quality catering products at prices you can afford.","Restaurants & Bars",50209,3,"Check on delivery times before purchase",""
"www.buzzcateringsupplies.com","Buzz Catering Supplies are a well established company supplying commercial catering equipment and supplies to the entertainment, restaurant and hospitality industry. With a large distribution centre & central offices located in Bishops Stortford, Hertfordshire, and extensive customer services such as a servicing department, 24 hour support hotline, a cash and carry, massive showroom and more, Buzz Catering Supplies truly is the ""one-stop-shop"" for everything catering.

Built through years of good service, top quality products and our ""Lowest Price Promise"", we have been able to grow into one of the largest independent suppliers to the trade, with an impressive list of Pub Groups, Hotels, Clubs and Restaurant chains that have used us for many years. With over 11,000 customers, Buzz Catering Supplies has been in operation for over 30 years consistently providing the best quality catering products at prices you can afford.","Restaurants & Bars",50210,3,"Cheap but SLOOOOOOOW",""
"www.buzzcateringsupplies.com","Buzz Catering Supplies are a well established company supplying commercial catering equipment and supplies to the entertainment, restaurant and hospitality industry. With a large distribution centre & central offices located in Bishops Stortford, Hertfordshire, and extensive customer services such as a servicing department, 24 hour support hotline, a cash and carry, massive showroom and more, Buzz Catering Supplies truly is the ""one-stop-shop"" for everything catering.

Built through years of good service, top quality products and our ""Lowest Price Promise"", we have been able to grow into one of the largest independent suppliers to the trade, with an impressive list of Pub Groups, Hotels, Clubs and Restaurant chains that have used us for many years. With over 11,000 customers, Buzz Catering Supplies has been in operation for over 30 years consistently providing the best quality catering products at prices you can afford.","Restaurants & Bars",50211,3,"kitchen equipment",""
"www.buzzcateringsupplies.com","Buzz Catering Supplies are a well established company supplying commercial catering equipment and supplies to the entertainment, restaurant and hospitality industry. With a large distribution centre & central offices located in Bishops Stortford, Hertfordshire, and extensive customer services such as a servicing department, 24 hour support hotline, a cash and carry, massive showroom and more, Buzz Catering Supplies truly is the ""one-stop-shop"" for everything catering.

Built through years of good service, top quality products and our ""Lowest Price Promise"", we have been able to grow into one of the largest independent suppliers to the trade, with an impressive list of Pub Groups, Hotels, Clubs and Restaurant chains that have used us for many years. With over 11,000 customers, Buzz Catering Supplies has been in operation for over 30 years consistently providing the best quality catering products at prices you can afford.","Restaurants & Bars",50212,3,"First time buyer and was impressed with…",""
"www.buzzcateringsupplies.com","Buzz Catering Supplies are a well established company supplying commercial catering equipment and supplies to the entertainment, restaurant and hospitality industry. With a large distribution centre & central offices located in Bishops Stortford, Hertfordshire, and extensive customer services such as a servicing department, 24 hour support hotline, a cash and carry, massive showroom and more, Buzz Catering Supplies truly is the ""one-stop-shop"" for everything catering.

Built through years of good service, top quality products and our ""Lowest Price Promise"", we have been able to grow into one of the largest independent suppliers to the trade, with an impressive list of Pub Groups, Hotels, Clubs and Restaurant chains that have used us for many years. With over 11,000 customers, Buzz Catering Supplies has been in operation for over 30 years consistently providing the best quality catering products at prices you can afford.","Restaurants & Bars",50213,2,"go to nisbets instead",""
"www.buzzcateringsupplies.com","Buzz Catering Supplies are a well established company supplying commercial catering equipment and supplies to the entertainment, restaurant and hospitality industry. With a large distribution centre & central offices located in Bishops Stortford, Hertfordshire, and extensive customer services such as a servicing department, 24 hour support hotline, a cash and carry, massive showroom and more, Buzz Catering Supplies truly is the ""one-stop-shop"" for everything catering.

Built through years of good service, top quality products and our ""Lowest Price Promise"", we have been able to grow into one of the largest independent suppliers to the trade, with an impressive list of Pub Groups, Hotels, Clubs and Restaurant chains that have used us for many years. With over 11,000 customers, Buzz Catering Supplies has been in operation for over 30 years consistently providing the best quality catering products at prices you can afford.","Restaurants & Bars",50214,2,"Delivery lacking expectation",""
"www.buzzcateringsupplies.com","Buzz Catering Supplies are a well established company supplying commercial catering equipment and supplies to the entertainment, restaurant and hospitality industry. With a large distribution centre & central offices located in Bishops Stortford, Hertfordshire, and extensive customer services such as a servicing department, 24 hour support hotline, a cash and carry, massive showroom and more, Buzz Catering Supplies truly is the ""one-stop-shop"" for everything catering.

Built through years of good service, top quality products and our ""Lowest Price Promise"", we have been able to grow into one of the largest independent suppliers to the trade, with an impressive list of Pub Groups, Hotels, Clubs and Restaurant chains that have used us for many years. With over 11,000 customers, Buzz Catering Supplies has been in operation for over 30 years consistently providing the best quality catering products at prices you can afford.","Restaurants & Bars",50215,2,"Shipment and delivery details fictitious ",""
"www.buzzcateringsupplies.com","Buzz Catering Supplies are a well established company supplying commercial catering equipment and supplies to the entertainment, restaurant and hospitality industry. With a large distribution centre & central offices located in Bishops Stortford, Hertfordshire, and extensive customer services such as a servicing department, 24 hour support hotline, a cash and carry, massive showroom and more, Buzz Catering Supplies truly is the ""one-stop-shop"" for everything catering.

Built through years of good service, top quality products and our ""Lowest Price Promise"", we have been able to grow into one of the largest independent suppliers to the trade, with an impressive list of Pub Groups, Hotels, Clubs and Restaurant chains that have used us for many years. With over 11,000 customers, Buzz Catering Supplies has been in operation for over 30 years consistently providing the best quality catering products at prices you can afford.","Restaurants & Bars",50216,2,"Delivery 1-3 days wasn't achieved",""
"www.buzzcateringsupplies.com","Buzz Catering Supplies are a well established company supplying commercial catering equipment and supplies to the entertainment, restaurant and hospitality industry. With a large distribution centre & central offices located in Bishops Stortford, Hertfordshire, and extensive customer services such as a servicing department, 24 hour support hotline, a cash and carry, massive showroom and more, Buzz Catering Supplies truly is the ""one-stop-shop"" for everything catering.

Built through years of good service, top quality products and our ""Lowest Price Promise"", we have been able to grow into one of the largest independent suppliers to the trade, with an impressive list of Pub Groups, Hotels, Clubs and Restaurant chains that have used us for many years. With over 11,000 customers, Buzz Catering Supplies has been in operation for over 30 years consistently providing the best quality catering products at prices you can afford.","Restaurants & Bars",50217,2,"We put in a substantial order in at the…",""
"www.buzzcateringsupplies.com","Buzz Catering Supplies are a well established company supplying commercial catering equipment and supplies to the entertainment, restaurant and hospitality industry. With a large distribution centre & central offices located in Bishops Stortford, Hertfordshire, and extensive customer services such as a servicing department, 24 hour support hotline, a cash and carry, massive showroom and more, Buzz Catering Supplies truly is the ""one-stop-shop"" for everything catering.

Built through years of good service, top quality products and our ""Lowest Price Promise"", we have been able to grow into one of the largest independent suppliers to the trade, with an impressive list of Pub Groups, Hotels, Clubs and Restaurant chains that have used us for many years. With over 11,000 customers, Buzz Catering Supplies has been in operation for over 30 years consistently providing the best quality catering products at prices you can afford.","Restaurants & Bars",50218,2,"Delivery slower than they promised",""
"www.buzzcateringsupplies.com","Buzz Catering Supplies are a well established company supplying commercial catering equipment and supplies to the entertainment, restaurant and hospitality industry. With a large distribution centre & central offices located in Bishops Stortford, Hertfordshire, and extensive customer services such as a servicing department, 24 hour support hotline, a cash and carry, massive showroom and more, Buzz Catering Supplies truly is the ""one-stop-shop"" for everything catering.

Built through years of good service, top quality products and our ""Lowest Price Promise"", we have been able to grow into one of the largest independent suppliers to the trade, with an impressive list of Pub Groups, Hotels, Clubs and Restaurant chains that have used us for many years. With over 11,000 customers, Buzz Catering Supplies has been in operation for over 30 years consistently providing the best quality catering products at prices you can afford.","Restaurants & Bars",50219,2,"Keep getting it wrong!",""
"www.buzzcateringsupplies.com","Buzz Catering Supplies are a well established company supplying commercial catering equipment and supplies to the entertainment, restaurant and hospitality industry. With a large distribution centre & central offices located in Bishops Stortford, Hertfordshire, and extensive customer services such as a servicing department, 24 hour support hotline, a cash and carry, massive showroom and more, Buzz Catering Supplies truly is the ""one-stop-shop"" for everything catering.

Built through years of good service, top quality products and our ""Lowest Price Promise"", we have been able to grow into one of the largest independent suppliers to the trade, with an impressive list of Pub Groups, Hotels, Clubs and Restaurant chains that have used us for many years. With over 11,000 customers, Buzz Catering Supplies has been in operation for over 30 years consistently providing the best quality catering products at prices you can afford.","Restaurants & Bars",50220,2,"Send wrong items ",""
"www.buzzcateringsupplies.com","Buzz Catering Supplies are a well established company supplying commercial catering equipment and supplies to the entertainment, restaurant and hospitality industry. With a large distribution centre & central offices located in Bishops Stortford, Hertfordshire, and extensive customer services such as a servicing department, 24 hour support hotline, a cash and carry, massive showroom and more, Buzz Catering Supplies truly is the ""one-stop-shop"" for everything catering.

Built through years of good service, top quality products and our ""Lowest Price Promise"", we have been able to grow into one of the largest independent suppliers to the trade, with an impressive list of Pub Groups, Hotels, Clubs and Restaurant chains that have used us for many years. With over 11,000 customers, Buzz Catering Supplies has been in operation for over 30 years consistently providing the best quality catering products at prices you can afford.","Restaurants & Bars",50221,2,"Misleading Website Description",""
"www.buzzcateringsupplies.com","Buzz Catering Supplies are a well established company supplying commercial catering equipment and supplies to the entertainment, restaurant and hospitality industry. With a large distribution centre & central offices located in Bishops Stortford, Hertfordshire, and extensive customer services such as a servicing department, 24 hour support hotline, a cash and carry, massive showroom and more, Buzz Catering Supplies truly is the ""one-stop-shop"" for everything catering.

Built through years of good service, top quality products and our ""Lowest Price Promise"", we have been able to grow into one of the largest independent suppliers to the trade, with an impressive list of Pub Groups, Hotels, Clubs and Restaurant chains that have used us for many years. With over 11,000 customers, Buzz Catering Supplies has been in operation for over 30 years consistently providing the best quality catering products at prices you can afford.","Restaurants & Bars",50222,2,"Incredibly slow delivery for items…",""
"maithaifood.co.uk","Fresh, authentic Thai food to takeaway in Epsom.","Restaurants & Bars",50253,5,"Tasty",""
"maithaifood.co.uk","Fresh, authentic Thai food to takeaway in Epsom.","Restaurants & Bars",50254,5,"Great Thai meals, can't beat them. ",""
"maithaifood.co.uk","Fresh, authentic Thai food to takeaway in Epsom.","Restaurants & Bars",50255,5,"The food was amazing",""
"maithaifood.co.uk","Fresh, authentic Thai food to takeaway in Epsom.","Restaurants & Bars",50256,5,"Amazing quality tasty food",""
"maithaifood.co.uk","Fresh, authentic Thai food to takeaway in Epsom.","Restaurants & Bars",50257,5,"Excellent food",""
"maithaifood.co.uk","Fresh, authentic Thai food to takeaway in Epsom.","Restaurants & Bars",50258,5,"First time ordering from Mai Thai and…",""
"maithaifood.co.uk","Fresh, authentic Thai food to takeaway in Epsom.","Restaurants & Bars",50259,5,"My wife discovered this gem on…",""
"maithaifood.co.uk","Fresh, authentic Thai food to takeaway in Epsom.","Restaurants & Bars",50260,5,"Woudn't have Thai from anywhere else.",""
"maithaifood.co.uk","Fresh, authentic Thai food to takeaway in Epsom.","Restaurants & Bars",50261,5,"Great customer communication",""
"maithaifood.co.uk","Fresh, authentic Thai food to takeaway in Epsom.","Restaurants & Bars",50262,5,"Yet Another Fantastic Meal",""
"maithaifood.co.uk","Fresh, authentic Thai food to takeaway in Epsom.","Restaurants & Bars",50273,4,"Very authentic and tasty Thai food",""
"maithaifood.co.uk","Fresh, authentic Thai food to takeaway in Epsom.","Restaurants & Bars",50274,4,"Loved the chicken cakes starter",""
"maithaifood.co.uk","Fresh, authentic Thai food to takeaway in Epsom.","Restaurants & Bars",50275,4,"We enjoyed ordering all the options and…",""
"maithaifood.co.uk","Fresh, authentic Thai food to takeaway in Epsom.","Restaurants & Bars",50276,4,"Our first time of eating from Mai Thai",""
"maithaifood.co.uk","Fresh, authentic Thai food to takeaway in Epsom.","Restaurants & Bars",50277,4,"the spring rolls were as usual…",""
"maithaifood.co.uk","Fresh, authentic Thai food to takeaway in Epsom.","Restaurants & Bars",50278,4,"Lovely food",""
"maithaifood.co.uk","Fresh, authentic Thai food to takeaway in Epsom.","Restaurants & Bars",50279,4,"the spring rolls are second to none",""
"maithaifood.co.uk","Fresh, authentic Thai food to takeaway in Epsom.","Restaurants & Bars",50280,4,"the quality is consistently good",""
"maithaifood.co.uk","Fresh, authentic Thai food to takeaway in Epsom.","Restaurants & Bars",50281,4,"This was again a wonderfully cooked…",""
"maithaifood.co.uk","Fresh, authentic Thai food to takeaway in Epsom.","Restaurants & Bars",50282,4,"Beautifully presented and cooked",""
"maithaifood.co.uk","Fresh, authentic Thai food to takeaway in Epsom.","Restaurants & Bars",50283,4,"First class cook, we'll be back.",""
"maithaifood.co.uk","Fresh, authentic Thai food to takeaway in Epsom.","Restaurants & Bars",50284,4,"great way to eat Thai in Epsom",""
"maithaifood.co.uk","Fresh, authentic Thai food to takeaway in Epsom.","Restaurants & Bars",50285,4,"Lovely meal",""
"maithaifood.co.uk","Fresh, authentic Thai food to takeaway in Epsom.","Restaurants & Bars",50286,4,"Authentic taste",""
"maithaifood.co.uk","Fresh, authentic Thai food to takeaway in Epsom.","Restaurants & Bars",50287,4,"Great service, great food.",""
"maithaifood.co.uk","Fresh, authentic Thai food to takeaway in Epsom.","Restaurants & Bars",50288,4,"Enjoyable authentic Thai",""
"maithaifood.co.uk","Fresh, authentic Thai food to takeaway in Epsom.","Restaurants & Bars",50289,4,"The food was very tasty as usual",""
"maithaifood.co.uk","Fresh, authentic Thai food to takeaway in Epsom.","Restaurants & Bars",50290,4,"Great main courses",""
"maithaifood.co.uk","Fresh, authentic Thai food to takeaway in Epsom.","Restaurants & Bars",50291,3,"This was first disappointing meal I’m…",""
"maithaifood.co.uk","Fresh, authentic Thai food to takeaway in Epsom.","Restaurants & Bars",50292,3,"Main course was good but starters were…",""
"www.purpleplumcatering.co.uk","Purple Plum Catering are professional caterers in Norwich, Norfolk. Weddings, Corporate events or intimate dining; we cater for all your requirements.","Restaurants & Bars",50293,5,"We were thrilled to have Chef Julia &…",""
"www.purpleplumcatering.co.uk","Purple Plum Catering are professional caterers in Norwich, Norfolk. Weddings, Corporate events or intimate dining; we cater for all your requirements.","Restaurants & Bars",50294,5,"Excellent catering company!",""
"www.purpleplumcatering.co.uk","Purple Plum Catering are professional caterers in Norwich, Norfolk. Weddings, Corporate events or intimate dining; we cater for all your requirements.","Restaurants & Bars",50295,5,"We loved working with Julia for our wedding! ",""
"www.purpleplumcatering.co.uk","Purple Plum Catering are professional caterers in Norwich, Norfolk. Weddings, Corporate events or intimate dining; we cater for all your requirements.","Restaurants & Bars",50296,5,"Wonderful food!",""
"www.purpleplumcatering.co.uk","Purple Plum Catering are professional caterers in Norwich, Norfolk. Weddings, Corporate events or intimate dining; we cater for all your requirements.","Restaurants & Bars",50297,5,"Delicious dinner and cakes - would definitely recommend !",""
"www.purpleplumcatering.co.uk","Purple Plum Catering are professional caterers in Norwich, Norfolk. Weddings, Corporate events or intimate dining; we cater for all your requirements.","Restaurants & Bars",50298,5,"Hire Purple Plums immediately! 🫶🏼",""
"www.purpleplumcatering.co.uk","Purple Plum Catering are professional caterers in Norwich, Norfolk. Weddings, Corporate events or intimate dining; we cater for all your requirements.","Restaurants & Bars",50299,5,"Delicious food and warm welcome",""
"www.purpleplumcatering.co.uk","Purple Plum Catering are professional caterers in Norwich, Norfolk. Weddings, Corporate events or intimate dining; we cater for all your requirements.","Restaurants & Bars",50300,5,"Pettitstree House, Christmas party Weeknder",""
"www.purpleplumcatering.co.uk","Purple Plum Catering are professional caterers in Norwich, Norfolk. Weddings, Corporate events or intimate dining; we cater for all your requirements.","Restaurants & Bars",50301,5,"Fab caterer for team away day",""
"www.purpleplumcatering.co.uk","Purple Plum Catering are professional caterers in Norwich, Norfolk. Weddings, Corporate events or intimate dining; we cater for all your requirements.","Restaurants & Bars",50302,5,"Fantastic food. Lovely people.",""
"www.purpleplumcatering.co.uk","Purple Plum Catering are professional caterers in Norwich, Norfolk. Weddings, Corporate events or intimate dining; we cater for all your requirements.","Restaurants & Bars",50313,4,"Rustic wedding catering",""
"www.purpleplumcatering.co.uk","Purple Plum Catering are professional caterers in Norwich, Norfolk. Weddings, Corporate events or intimate dining; we cater for all your requirements.","Restaurants & Bars",50314,4,"Professional company that offers good…",""
"www.purpleplumcatering.co.uk","Purple Plum Catering are professional caterers in Norwich, Norfolk. Weddings, Corporate events or intimate dining; we cater for all your requirements.","Restaurants & Bars",50315,2,"My wife chose Purple Plum Catering for…",""
"www.purpleplumcatering.co.uk","Purple Plum Catering are professional caterers in Norwich, Norfolk. Weddings, Corporate events or intimate dining; we cater for all your requirements.","Restaurants & Bars",50316,1,"Disappointing",""
"www.purpleplumcatering.co.uk","Purple Plum Catering are professional caterers in Norwich, Norfolk. Weddings, Corporate events or intimate dining; we cater for all your requirements.","Restaurants & Bars",50317,1,"DO NOT USE! Terrible service on our wedding day",""
"www.purpleplumcatering.co.uk","Purple Plum Catering are professional caterers in Norwich, Norfolk. Weddings, Corporate events or intimate dining; we cater for all your requirements.","Restaurants & Bars",50318,1,"I would NEVER recommend Purple Plum…",""
"www.purpleplumcatering.co.uk","Purple Plum Catering are professional caterers in Norwich, Norfolk. Weddings, Corporate events or intimate dining; we cater for all your requirements.","Restaurants & Bars",50319,1,"If I could leave zero stars I would",""
"www.purpleplumcatering.co.uk","Purple Plum Catering are professional caterers in Norwich, Norfolk. Weddings, Corporate events or intimate dining; we cater for all your requirements.","Restaurants & Bars",50320,1,"I believe this company is going out of Business",""
"www.farmhousepizza-wokingham.co.uk","Farmhouse Pizza, The biggest Pizza in Town. Wide selection of Pizza food delivered to your door.","Restaurants & Bars",50365,5,"Best pizza ever",""
"www.farmhousepizza-wokingham.co.uk","Farmhouse Pizza, The biggest Pizza in Town. Wide selection of Pizza food delivered to your door.","Restaurants & Bars",50366,5,"Delicious food",""
"www.farmhousepizza-wokingham.co.uk","Farmhouse Pizza, The biggest Pizza in Town. Wide selection of Pizza food delivered to your door.","Restaurants & Bars",50367,5,"We ordered the Farm House Special…",""
"www.farmhousepizza-wokingham.co.uk","Farmhouse Pizza, The biggest Pizza in Town. Wide selection of Pizza food delivered to your door.","Restaurants & Bars",50368,5,"The food was very good",""
"www.farmhousepizza-wokingham.co.uk","Farmhouse Pizza, The biggest Pizza in Town. Wide selection of Pizza food delivered to your door.","Restaurants & Bars",50369,5,"Amazing tasty pizzas",""
"www.farmhousepizza-wokingham.co.uk","Farmhouse Pizza, The biggest Pizza in Town. Wide selection of Pizza food delivered to your door.","Restaurants & Bars",50370,5,"Fast delivery and lovely food",""
"www.farmhousepizza-wokingham.co.uk","Farmhouse Pizza, The biggest Pizza in Town. Wide selection of Pizza food delivered to your door.","Restaurants & Bars",50371,5,"Great pizza",""
"www.farmhousepizza-wokingham.co.uk","Farmhouse Pizza, The biggest Pizza in Town. Wide selection of Pizza food delivered to your door.","Restaurants & Bars",50372,5,"Great Pizza",""
"www.farmhousepizza-wokingham.co.uk","Farmhouse Pizza, The biggest Pizza in Town. Wide selection of Pizza food delivered to your door.","Restaurants & Bars",50373,5,"Lovely staff and lovely food x",""
"www.farmhousepizza-wokingham.co.uk","Farmhouse Pizza, The biggest Pizza in Town. Wide selection of Pizza food delivered to your door.","Restaurants & Bars",50374,5,"Lovely food and people",""
"www.farmhousepizza-wokingham.co.uk","Farmhouse Pizza, The biggest Pizza in Town. Wide selection of Pizza food delivered to your door.","Restaurants & Bars",50376,3,"was undercooked..",""
"www.farmhousepizza-wokingham.co.uk","Farmhouse Pizza, The biggest Pizza in Town. Wide selection of Pizza food delivered to your door.","Restaurants & Bars",50377,3,"Usually ok",""
"www.farmhousepizza-wokingham.co.uk","Farmhouse Pizza, The biggest Pizza in Town. Wide selection of Pizza food delivered to your door.","Restaurants & Bars",50378,2,"Regular customer with Farm but last few…",""
"www.farmhousepizza-wokingham.co.uk","Farmhouse Pizza, The biggest Pizza in Town. Wide selection of Pizza food delivered to your door.","Restaurants & Bars",50379,2,"Rubbish",""
"www.farmhousepizza-wokingham.co.uk","Farmhouse Pizza, The biggest Pizza in Town. Wide selection of Pizza food delivered to your door.","Restaurants & Bars",50380,2,"First time ordering from Farmhouse…",""
"www.farmhousepizza-wokingham.co.uk","Farmhouse Pizza, The biggest Pizza in Town. Wide selection of Pizza food delivered to your door.","Restaurants & Bars",50381,1,"This was possibly the worst pizza I…",""
"www.farmhousepizza-wokingham.co.uk","Farmhouse Pizza, The biggest Pizza in Town. Wide selection of Pizza food delivered to your door.","Restaurants & Bars",50382,1,"Very poor quality pizza i suggest never…",""
"www.farmhousepizza-wokingham.co.uk","Farmhouse Pizza, The biggest Pizza in Town. Wide selection of Pizza food delivered to your door.","Restaurants & Bars",50383,1,"Rude and unprofessional.",""
"www.farmhousepizza-wokingham.co.uk","Farmhouse Pizza, The biggest Pizza in Town. Wide selection of Pizza food delivered to your door.","Restaurants & Bars",50384,1,"PLEASE do not order from this place",""
"www.farmhousepizza-wokingham.co.uk","Farmhouse Pizza, The biggest Pizza in Town. Wide selection of Pizza food delivered to your door.","Restaurants & Bars",50385,1,"grease grease and just more grease",""
"www.farmhousepizza-wokingham.co.uk","Farmhouse Pizza, The biggest Pizza in Town. Wide selection of Pizza food delivered to your door.","Restaurants & Bars",50386,1,"RUDE",""
"www.farmhousepizza-wokingham.co.uk","Farmhouse Pizza, The biggest Pizza in Town. Wide selection of Pizza food delivered to your door.","Restaurants & Bars",50387,1,"I used farmhouse Pizza in Reading…",""
"www.harvester.co.uk","Harvester, the home of great tasting, freshly prepared food.","Restaurants & Bars",50401,5,"Lovely food, absoloutely amazing waitress, Angela! ",""
"www.harvester.co.uk","Harvester, the home of great tasting, freshly prepared food.","Restaurants & Bars",50402,5,"Harvester White Hart Hockliffe",""
"www.harvester.co.uk","Harvester, the home of great tasting, freshly prepared food.","Restaurants & Bars",50403,5,"Harvester Hornchurch",""
"www.harvester.co.uk","Harvester, the home of great tasting, freshly prepared food.","Restaurants & Bars",50404,5,"Wow! Fantastic Dinner",""
"www.harvester.co.uk","Harvester, the home of great tasting, freshly prepared food.","Restaurants & Bars",50405,5,"Visited Harvester Talbot Green today",""
"www.harvester.co.uk","Harvester, the home of great tasting, freshly prepared food.","Restaurants & Bars",50406,5,"Meal at Amesbury Archer Harvester",""
"www.harvester.co.uk","Harvester, the home of great tasting, freshly prepared food.","Restaurants & Bars",50407,5,"Just had a great meal from the festive…",""
"www.harvester.co.uk","Harvester, the home of great tasting, freshly prepared food.","Restaurants & Bars",50408,5,"Thank you harvester for a lovely…",""
"www.harvester.co.uk","Harvester, the home of great tasting, freshly prepared food.","Restaurants & Bars",50409,5,"Harvester Shorehouse Southend on sea ",""
"www.harvester.co.uk","Harvester, the home of great tasting, freshly prepared food.","Restaurants & Bars",50410,5,"Afternoon Harvester ",""
"www.harvester.co.uk","Harvester, the home of great tasting, freshly prepared food.","Restaurants & Bars",50421,4,"Staff couldn't have been more helpful",""
"www.harvester.co.uk","Harvester, the home of great tasting, freshly prepared food.","Restaurants & Bars",50422,4,"Pavillions Peterborough …",""
"www.harvester.co.uk","Harvester, the home of great tasting, freshly prepared food.","Restaurants & Bars",50423,4,"Better than last visit but not what it was.",""
"www.harvester.co.uk","Harvester, the home of great tasting, freshly prepared food.","Restaurants & Bars",50424,4,"Lovely service very friendly staff and…",""
"www.harvester.co.uk","Harvester, the home of great tasting, freshly prepared food.","Restaurants & Bars",50425,4,"Harvester Amesbury is a lovely place to…",""
"www.harvester.co.uk","Harvester, the home of great tasting, freshly prepared food.","Restaurants & Bars",50426,4,"Daughter booked a table for my 60th…",""
"www.harvester.co.uk","Harvester, the home of great tasting, freshly prepared food.","Restaurants & Bars",50427,4,"Staines",""
"www.harvester.co.uk","Harvester, the home of great tasting, freshly prepared food.","Restaurants & Bars",50428,4,"The waitress called Helen went out of…",""
"www.harvester.co.uk","Harvester, the home of great tasting, freshly prepared food.","Restaurants & Bars",50429,4,"The Navigation Enfield ",""
"www.harvester.co.uk","Harvester, the home of great tasting, freshly prepared food.","Restaurants & Bars",50430,4,"Harvester Carmarthen good quality food.",""
"www.harvester.co.uk","Harvester, the home of great tasting, freshly prepared food.","Restaurants & Bars",50431,4,"Vegan traveller ",""
"www.harvester.co.uk","Harvester, the home of great tasting, freshly prepared food.","Restaurants & Bars",50432,4,"Harvester Plough Chelmsford.",""
"www.harvester.co.uk","Harvester, the home of great tasting, freshly prepared food.","Restaurants & Bars",50433,4,"Our experience",""
"www.harvester.co.uk","Harvester, the home of great tasting, freshly prepared food.","Restaurants & Bars",50434,4,"A superstar waiter in James…",""
"www.harvester.co.uk","Harvester, the home of great tasting, freshly prepared food.","Restaurants & Bars",50435,4,"Harvester in Merthyr Tydfil…",""
"www.harvester.co.uk","Harvester, the home of great tasting, freshly prepared food.","Restaurants & Bars",50436,4," Harvester in Gowerton",""
"www.harvester.co.uk","Harvester, the home of great tasting, freshly prepared food.","Restaurants & Bars",50437,4,"Fantastic service and 19 Crimes wine! ",""
"www.harvester.co.uk","Harvester, the home of great tasting, freshly prepared food.","Restaurants & Bars",50438,4,"Regularly go to harvester Carmarthen…",""
"www.harvester.co.uk","Harvester, the home of great tasting, freshly prepared food.","Restaurants & Bars",50439,4,"Lovely service, friendly staff. Mediterranean tart 👎",""
"www.harvester.co.uk","Harvester, the home of great tasting, freshly prepared food.","Restaurants & Bars",50440,4,"Beaten Track Shrewsbury…",""
"www.harvester.co.uk","Harvester, the home of great tasting, freshly prepared food.","Restaurants & Bars",50441,3,"Double check the kids menu charges..not defined ",""
"www.harvester.co.uk","Harvester, the home of great tasting, freshly prepared food.","Restaurants & Bars",50442,3,"Dirty surroundings and tables but service was pleasant",""
"www.harvester.co.uk","Harvester, the home of great tasting, freshly prepared food.","Restaurants & Bars",50443,3,"Too good to go",""
"www.harvester.co.uk","Harvester, the home of great tasting, freshly prepared food.","Restaurants & Bars",50444,3,"Pricey for average food",""
"www.harvester.co.uk","Harvester, the home of great tasting, freshly prepared food.","Restaurants & Bars",50445,3,"Ran out of breaded mushrooms",""
"www.harvester.co.uk","Harvester, the home of great tasting, freshly prepared food.","Restaurants & Bars",50446,3,"We have been going to the Harvester for…",""
"www.harvester.co.uk","Harvester, the home of great tasting, freshly prepared food.","Restaurants & Bars",50447,3,"visited the harvester at chichester for…breakfast",""
"www.harvester.co.uk","Harvester, the home of great tasting, freshly prepared food.","Restaurants & Bars",50448,3,"We visited the spyglass in Weymouth for…",""
"www.harvester.co.uk","Harvester, the home of great tasting, freshly prepared food.","Restaurants & Bars",50449,3,"Recently visited my local harvester in…",""
"www.harvester.co.uk","Harvester, the home of great tasting, freshly prepared food.","Restaurants & Bars",50450,3,"Harvester Shrewsbury",""
"www.harvester.co.uk","Harvester, the home of great tasting, freshly prepared food.","Restaurants & Bars",50451,3,"Mixed emotions on this one",""
"www.harvester.co.uk","Harvester, the home of great tasting, freshly prepared food.","Restaurants & Bars",50452,3,"The George Morden",""
"www.harvester.co.uk","Harvester, the home of great tasting, freshly prepared food.","Restaurants & Bars",50453,3,"Not the best experience you expect from Harvester ",""
"www.harvester.co.uk","Harvester, the home of great tasting, freshly prepared food.","Restaurants & Bars",50454,3,"Timberdine disappointed",""
"www.harvester.co.uk","Harvester, the home of great tasting, freshly prepared food.","Restaurants & Bars",50455,3,"Overal we had a lovely meal but unable…",""
"www.harvester.co.uk","Harvester, the home of great tasting, freshly prepared food.","Restaurants & Bars",50456,3,"Food was cooked perfectly shame about the floor staff",""
"www.harvester.co.uk","Harvester, the home of great tasting, freshly prepared food.","Restaurants & Bars",50457,3,"Food only average",""
"www.harvester.co.uk","Harvester, the home of great tasting, freshly prepared food.","Restaurants & Bars",50458,3,"What a shame",""
"www.harvester.co.uk","Harvester, the home of great tasting, freshly prepared food.","Restaurants & Bars",50459,3,"Pressure to TIP!",""
"www.harvester.co.uk","Harvester, the home of great tasting, freshly prepared food.","Restaurants & Bars",50460,3,"Food was fresh hot and tasty.",""
"www.harvester.co.uk","Harvester, the home of great tasting, freshly prepared food.","Restaurants & Bars",50461,2,"Harvester Lincoln ",""
"www.harvester.co.uk","Harvester, the home of great tasting, freshly prepared food.","Restaurants & Bars",50462,2,"The Arden Oak…Harvester in Birmingham",""
"www.harvester.co.uk","Harvester, the home of great tasting, freshly prepared food.","Restaurants & Bars",50463,2,"CHRISTMAS DAY, A DISAPPOINTNENT.",""
"www.harvester.co.uk","Harvester, the home of great tasting, freshly prepared food.","Restaurants & Bars",50464,2,"Taunton Harvester on Boxing…",""
"www.harvester.co.uk","Harvester, the home of great tasting, freshly prepared food.","Restaurants & Bars",50465,2,"Terrible service. Meal took 3 hours",""
"www.harvester.co.uk","Harvester, the home of great tasting, freshly prepared food.","Restaurants & Bars",50466,2,"Not great. ",""
"www.harvester.co.uk","Harvester, the home of great tasting, freshly prepared food.","Restaurants & Bars",50467,2,"I really have NO idea how you stay In…",""
"www.harvester.co.uk","Harvester, the home of great tasting, freshly prepared food.","Restaurants & Bars",50468,2,"Christmas meal.  ",""
"www.harvester.co.uk","Harvester, the home of great tasting, freshly prepared food.","Restaurants & Bars",50469,2,"Slow service ",""
"www.harvester.co.uk","Harvester, the home of great tasting, freshly prepared food.","Restaurants & Bars",50470,2,"errrr... Whats that ",""
"wagamama.co.uk","Wagamama is a British restaurant chain, serving Asian food based on Japanese cuisine.","Restaurants & Bars",50501,5,"Wagamama Lakeside, Essex",""
"wagamama.co.uk","Wagamama is a British restaurant chain, serving Asian food based on Japanese cuisine.","Restaurants & Bars",50502,5,"Edinburgh has an Amazing Team",""
"wagamama.co.uk","Wagamama is a British restaurant chain, serving Asian food based on Japanese cuisine.","Restaurants & Bars",50503,5,"Wagamama Reading Berks",""
"wagamama.co.uk","Wagamama is a British restaurant chain, serving Asian food based on Japanese cuisine.","Restaurants & Bars",50504,5,"Lovely experience",""
"wagamama.co.uk","Wagamama is a British restaurant chain, serving Asian food based on Japanese cuisine.","Restaurants & Bars",50505,5,"A wonderful eating out experience ",""
"wagamama.co.uk","Wagamama is a British restaurant chain, serving Asian food based on Japanese cuisine.","Restaurants & Bars",50506,5,"Myself and my wife went for a meal to…",""
"wagamama.co.uk","Wagamama is a British restaurant chain, serving Asian food based on Japanese cuisine.","Restaurants & Bars",50507,5,"I was having bad day",""
"wagamama.co.uk","Wagamama is a British restaurant chain, serving Asian food based on Japanese cuisine.","Restaurants & Bars",50508,5,"Wolverhampton Bentley bridge ",""
"wagamama.co.uk","Wagamama is a British restaurant chain, serving Asian food based on Japanese cuisine.","Restaurants & Bars",50509,5,"The BEST ramen I've had in years",""
"wagamama.co.uk","Wagamama is a British restaurant chain, serving Asian food based on Japanese cuisine.","Restaurants & Bars",50510,5,"Wagamama, Bentley Bridge, Wolverhampton",""
"wagamama.co.uk","Wagamama is a British restaurant chain, serving Asian food based on Japanese cuisine.","Restaurants & Bars",50521,4,"Great value and good quality food",""
"wagamama.co.uk","Wagamama is a British restaurant chain, serving Asian food based on Japanese cuisine.","Restaurants & Bars",50522,4,"Very tasty food !",""
"wagamama.co.uk","Wagamama is a British restaurant chain, serving Asian food based on Japanese cuisine.","Restaurants & Bars",50523,4,"Great food as always",""
"wagamama.co.uk","Wagamama is a British restaurant chain, serving Asian food based on Japanese cuisine.","Restaurants & Bars",50524,4,"We've always really enjoy a Wagamama's…",""
"wagamama.co.uk","Wagamama is a British restaurant chain, serving Asian food based on Japanese cuisine.","Restaurants & Bars",50525,4,"Liverpool one January sales shopping and meal",""
"wagamama.co.uk","Wagamama is a British restaurant chain, serving Asian food based on Japanese cuisine.","Restaurants & Bars",50526,4,"Ordered from Wagama Edinburgh on 12th…",""
"wagamama.co.uk","Wagamama is a British restaurant chain, serving Asian food based on Japanese cuisine.","Restaurants & Bars",50527,4,"Superb service and Quality - Newcastle",""
"wagamama.co.uk","Wagamama is a British restaurant chain, serving Asian food based on Japanese cuisine.","Restaurants & Bars",50528,4,"Went with my family to your brent cross…",""
"wagamama.co.uk","Wagamama is a British restaurant chain, serving Asian food based on Japanese cuisine.","Restaurants & Bars",50529,4,"Great service and atmosphere",""
"wagamama.co.uk","Wagamama is a British restaurant chain, serving Asian food based on Japanese cuisine.","Restaurants & Bars",50530,4,"Been going to Wagamama more than 10…",""
"wagamama.co.uk","Wagamama is a British restaurant chain, serving Asian food based on Japanese cuisine.","Restaurants & Bars",50531,4,"Good food and good service",""
"wagamama.co.uk","Wagamama is a British restaurant chain, serving Asian food based on Japanese cuisine.","Restaurants & Bars",50532,4,"Fresh and delicious branch",""
"wagamama.co.uk","Wagamama is a British restaurant chain, serving Asian food based on Japanese cuisine.","Restaurants & Bars",50533,4,"Okay food but overpriced",""
"wagamama.co.uk","Wagamama is a British restaurant chain, serving Asian food based on Japanese cuisine.","Restaurants & Bars",50534,4,"Friday is our treat day at Wagamamas",""
"wagamama.co.uk","Wagamama is a British restaurant chain, serving Asian food based on Japanese cuisine.","Restaurants & Bars",50535,4,"GOOD CHAIN; TOILET MADNESS",""
"wagamama.co.uk","Wagamama is a British restaurant chain, serving Asian food based on Japanese cuisine.","Restaurants & Bars",50536,4,"I like wagamama",""
"wagamama.co.uk","Wagamama is a British restaurant chain, serving Asian food based on Japanese cuisine.","Restaurants & Bars",50537,4,"The food wasnt as nice today",""
"wagamama.co.uk","Wagamama is a British restaurant chain, serving Asian food based on Japanese cuisine.","Restaurants & Bars",50538,4,"Amazing food",""
"wagamama.co.uk","Wagamama is a British restaurant chain, serving Asian food based on Japanese cuisine.","Restaurants & Bars",50539,3,"Love the decor/food bleh",""
"wagamama.co.uk","Wagamama is a British restaurant chain, serving Asian food based on Japanese cuisine.","Restaurants & Bars",50540,3,"Croydon Resturant",""
"wagamama.co.uk","Wagamama is a British restaurant chain, serving Asian food based on Japanese cuisine.","Restaurants & Bars",50541,3,"Disappointed with Payment Process ",""
"wagamama.co.uk","Wagamama is a British restaurant chain, serving Asian food based on Japanese cuisine.","Restaurants & Bars",50542,3,"Freezing. Eat Fast, Leave Fast. Don't Tip?",""
"wagamama.co.uk","Wagamama is a British restaurant chain, serving Asian food based on Japanese cuisine.","Restaurants & Bars",50543,3,"Inedible Thai beef Salad",""
"wagamama.co.uk","Wagamama is a British restaurant chain, serving Asian food based on Japanese cuisine.","Restaurants & Bars",50544,3,"Food is good depending on which branch",""
"wagamama.co.uk","Wagamama is a British restaurant chain, serving Asian food based on Japanese cuisine.","Restaurants & Bars",50545,3,"Good staff. Good was lacking.",""
"wagamama.co.uk","Wagamama is a British restaurant chain, serving Asian food based on Japanese cuisine.","Restaurants & Bars",50546,3,"Sustainability issue - black plastic containers",""
"wagamama.co.uk","Wagamama is a British restaurant chain, serving Asian food based on Japanese cuisine.","Restaurants & Bars",50547,3,"The reason I didn't leave a tip........",""
"wagamama.co.uk","Wagamama is a British restaurant chain, serving Asian food based on Japanese cuisine.","Restaurants & Bars",50548,3,"Good food, slow service.",""
"wagamama.co.uk","Wagamama is a British restaurant chain, serving Asian food based on Japanese cuisine.","Restaurants & Bars",50549,3,"Mixed feelings",""
"wagamama.co.uk","Wagamama is a British restaurant chain, serving Asian food based on Japanese cuisine.","Restaurants & Bars",50550,3,"WENT TO REIGATE WAGAMMA",""
"wagamama.co.uk","Wagamama is a British restaurant chain, serving Asian food based on Japanese cuisine.","Restaurants & Bars",50551,3,"Disappointed",""
"wagamama.co.uk","Wagamama is a British restaurant chain, serving Asian food based on Japanese cuisine.","Restaurants & Bars",50552,3,"Not worth the hype",""
"wagamama.co.uk","Wagamama is a British restaurant chain, serving Asian food based on Japanese cuisine.","Restaurants & Bars",50553,3,"It was alright but I wouldn't come here…",""
"wagamama.co.uk","Wagamama is a British restaurant chain, serving Asian food based on Japanese cuisine.","Restaurants & Bars",50554,3,"They were was ignoring us",""
"wagamama.co.uk","Wagamama is a British restaurant chain, serving Asian food based on Japanese cuisine.","Restaurants & Bars",50555,3,"Good flavor but overcooked noodles",""
"wagamama.co.uk","Wagamama is a British restaurant chain, serving Asian food based on Japanese cuisine.","Restaurants & Bars",50556,3,"The service was good and the food was…",""
"wagamama.co.uk","Wagamama is a British restaurant chain, serving Asian food based on Japanese cuisine.","Restaurants & Bars",50557,2,"service was poor",""
"wagamama.co.uk","Wagamama is a British restaurant chain, serving Asian food based on Japanese cuisine.","Restaurants & Bars",50558,2,"We love Waga food but not at cribbs causeway ",""
"wagamama.co.uk","Wagamama is a British restaurant chain, serving Asian food based on Japanese cuisine.","Restaurants & Bars",50559,2,"Hard to find something not spicy…",""
"wagamama.co.uk","Wagamama is a British restaurant chain, serving Asian food based on Japanese cuisine.","Restaurants & Bars",50560,2,"Wagamama has the dodgy practice of not…",""
"wagamama.co.uk","Wagamama is a British restaurant chain, serving Asian food based on Japanese cuisine.","Restaurants & Bars",50561,2,"Staff not bothered",""
"wagamama.co.uk","Wagamama is a British restaurant chain, serving Asian food based on Japanese cuisine.","Restaurants & Bars",50562,2,"Went to Wagamama in PUTNEY HIGH ST the…",""
"wagamama.co.uk","Wagamama is a British restaurant chain, serving Asian food based on Japanese cuisine.","Restaurants & Bars",50563,2,"Poor",""
"wagamama.co.uk","Wagamama is a British restaurant chain, serving Asian food based on Japanese cuisine.","Restaurants & Bars",50564,2,"Don't buy the stir-fry sauce ",""
"wagamama.co.uk","Wagamama is a British restaurant chain, serving Asian food based on Japanese cuisine.","Restaurants & Bars",50565,2,"Food was great when they finally…",""
"wagamama.co.uk","Wagamama is a British restaurant chain, serving Asian food based on Japanese cuisine.","Restaurants & Bars",50566,2,"Downhill experience ",""
"www.drinkstuff.com","We’re Drinkstuff, an online retailer of bar, glassware, tableware and catering equipment here to help both home and business customers. With over 20,000 unique and inspiring products from top brands, you can be sure to find exactly what you need.","Restaurants & Bars",50597,5,"Just - WOW! Laundry Dispensers! ",""
"www.drinkstuff.com","We’re Drinkstuff, an online retailer of bar, glassware, tableware and catering equipment here to help both home and business customers. With over 20,000 unique and inspiring products from top brands, you can be sure to find exactly what you need.","Restaurants & Bars",50598,5,"Great bowls and outstanding customer…",""
"www.drinkstuff.com","We’re Drinkstuff, an online retailer of bar, glassware, tableware and catering equipment here to help both home and business customers. With over 20,000 unique and inspiring products from top brands, you can be sure to find exactly what you need.","Restaurants & Bars",50599,5,"First class company",""
"www.drinkstuff.com","We’re Drinkstuff, an online retailer of bar, glassware, tableware and catering equipment here to help both home and business customers. With over 20,000 unique and inspiring products from top brands, you can be sure to find exactly what you need.","Restaurants & Bars",50600,5,"Brilliant ",""
"www.drinkstuff.com","We’re Drinkstuff, an online retailer of bar, glassware, tableware and catering equipment here to help both home and business customers. With over 20,000 unique and inspiring products from top brands, you can be sure to find exactly what you need.","Restaurants & Bars",50601,5,"No problems at all",""
"www.drinkstuff.com","We’re Drinkstuff, an online retailer of bar, glassware, tableware and catering equipment here to help both home and business customers. With over 20,000 unique and inspiring products from top brands, you can be sure to find exactly what you need.","Restaurants & Bars",50602,5,"Great service and order was delivered…",""
"www.drinkstuff.com","We’re Drinkstuff, an online retailer of bar, glassware, tableware and catering equipment here to help both home and business customers. With over 20,000 unique and inspiring products from top brands, you can be sure to find exactly what you need.","Restaurants & Bars",50603,5,"Good value glasses",""
"www.drinkstuff.com","We’re Drinkstuff, an online retailer of bar, glassware, tableware and catering equipment here to help both home and business customers. With over 20,000 unique and inspiring products from top brands, you can be sure to find exactly what you need.","Restaurants & Bars",50604,5,"No hassle replacement of item damaged…",""
"www.drinkstuff.com","We’re Drinkstuff, an online retailer of bar, glassware, tableware and catering equipment here to help both home and business customers. With over 20,000 unique and inspiring products from top brands, you can be sure to find exactly what you need.","Restaurants & Bars",50605,5,"Very efficient ",""
"www.drinkstuff.com","We’re Drinkstuff, an online retailer of bar, glassware, tableware and catering equipment here to help both home and business customers. With over 20,000 unique and inspiring products from top brands, you can be sure to find exactly what you need.","Restaurants & Bars",50606,5,"Yay.",""
"www.drinkstuff.com","We’re Drinkstuff, an online retailer of bar, glassware, tableware and catering equipment here to help both home and business customers. With over 20,000 unique and inspiring products from top brands, you can be sure to find exactly what you need.","Restaurants & Bars",50617,4,"Wine glasses and bar equipment",""
"www.drinkstuff.com","We’re Drinkstuff, an online retailer of bar, glassware, tableware and catering equipment here to help both home and business customers. With over 20,000 unique and inspiring products from top brands, you can be sure to find exactly what you need.","Restaurants & Bars",50618,4,"Great prices and quality.",""
"www.drinkstuff.com","We’re Drinkstuff, an online retailer of bar, glassware, tableware and catering equipment here to help both home and business customers. With over 20,000 unique and inspiring products from top brands, you can be sure to find exactly what you need.","Restaurants & Bars",50619,4,"Poor packaging = bent product / Great after service",""
"www.drinkstuff.com","We’re Drinkstuff, an online retailer of bar, glassware, tableware and catering equipment here to help both home and business customers. With over 20,000 unique and inspiring products from top brands, you can be sure to find exactly what you need.","Restaurants & Bars",50620,4,"Company were very helpful",""
"www.drinkstuff.com","We’re Drinkstuff, an online retailer of bar, glassware, tableware and catering equipment here to help both home and business customers. With over 20,000 unique and inspiring products from top brands, you can be sure to find exactly what you need.","Restaurants & Bars",50621,4,"Always pleased",""
"www.drinkstuff.com","We’re Drinkstuff, an online retailer of bar, glassware, tableware and catering equipment here to help both home and business customers. With over 20,000 unique and inspiring products from top brands, you can be sure to find exactly what you need.","Restaurants & Bars",50622,4,"back when I was working as a bartender",""
"www.drinkstuff.com","We’re Drinkstuff, an online retailer of bar, glassware, tableware and catering equipment here to help both home and business customers. With over 20,000 unique and inspiring products from top brands, you can be sure to find exactly what you need.","Restaurants & Bars",50623,4,"Easy website to use",""
"www.drinkstuff.com","We’re Drinkstuff, an online retailer of bar, glassware, tableware and catering equipment here to help both home and business customers. With over 20,000 unique and inspiring products from top brands, you can be sure to find exactly what you need.","Restaurants & Bars",50624,4,"A company you can trust!",""
"www.drinkstuff.com","We’re Drinkstuff, an online retailer of bar, glassware, tableware and catering equipment here to help both home and business customers. With over 20,000 unique and inspiring products from top brands, you can be sure to find exactly what you need.","Restaurants & Bars",50625,4,"Always good products and service",""
"www.drinkstuff.com","We’re Drinkstuff, an online retailer of bar, glassware, tableware and catering equipment here to help both home and business customers. With over 20,000 unique and inspiring products from top brands, you can be sure to find exactly what you need.","Restaurants & Bars",50626,4,"Product good, small delivery/communication issue",""
"www.drinkstuff.com","We’re Drinkstuff, an online retailer of bar, glassware, tableware and catering equipment here to help both home and business customers. With over 20,000 unique and inspiring products from top brands, you can be sure to find exactly what you need.","Restaurants & Bars",50627,4,"Quality products",""
"www.drinkstuff.com","We’re Drinkstuff, an online retailer of bar, glassware, tableware and catering equipment here to help both home and business customers. With over 20,000 unique and inspiring products from top brands, you can be sure to find exactly what you need.","Restaurants & Bars",50628,4,"The products delivered were great but I…",""
"www.drinkstuff.com","We’re Drinkstuff, an online retailer of bar, glassware, tableware and catering equipment here to help both home and business customers. With over 20,000 unique and inspiring products from top brands, you can be sure to find exactly what you need.","Restaurants & Bars",50629,4,"Good service",""
"www.drinkstuff.com","We’re Drinkstuff, an online retailer of bar, glassware, tableware and catering equipment here to help both home and business customers. With over 20,000 unique and inspiring products from top brands, you can be sure to find exactly what you need.","Restaurants & Bars",50630,4,"Cappuccino cup",""
"www.drinkstuff.com","We’re Drinkstuff, an online retailer of bar, glassware, tableware and catering equipment here to help both home and business customers. With over 20,000 unique and inspiring products from top brands, you can be sure to find exactly what you need.","Restaurants & Bars",50631,4,"Brandy warmer and glass",""
"www.drinkstuff.com","We’re Drinkstuff, an online retailer of bar, glassware, tableware and catering equipment here to help both home and business customers. With over 20,000 unique and inspiring products from top brands, you can be sure to find exactly what you need.","Restaurants & Bars",50632,4,"Glasses were perfect for purpose loved…",""
"www.drinkstuff.com","We’re Drinkstuff, an online retailer of bar, glassware, tableware and catering equipment here to help both home and business customers. With over 20,000 unique and inspiring products from top brands, you can be sure to find exactly what you need.","Restaurants & Bars",50633,4,"Disappointed as item suggested it was a set.",""
"www.drinkstuff.com","We’re Drinkstuff, an online retailer of bar, glassware, tableware and catering equipment here to help both home and business customers. With over 20,000 unique and inspiring products from top brands, you can be sure to find exactly what you need.","Restaurants & Bars",50634,4,"UPDATE to Review: Beware cheap plastic Martini glasses",""
"www.drinkstuff.com","We’re Drinkstuff, an online retailer of bar, glassware, tableware and catering equipment here to help both home and business customers. With over 20,000 unique and inspiring products from top brands, you can be sure to find exactly what you need.","Restaurants & Bars",50635,4,"Order not fulfilled",""
"www.drinkstuff.com","We’re Drinkstuff, an online retailer of bar, glassware, tableware and catering equipment here to help both home and business customers. With over 20,000 unique and inspiring products from top brands, you can be sure to find exactly what you need.","Restaurants & Bars",50636,4,"Nice item but not fit for purpose",""
"www.drinkstuff.com","We’re Drinkstuff, an online retailer of bar, glassware, tableware and catering equipment here to help both home and business customers. With over 20,000 unique and inspiring products from top brands, you can be sure to find exactly what you need.","Restaurants & Bars",50637,3,"Underwhelming",""
"www.drinkstuff.com","We’re Drinkstuff, an online retailer of bar, glassware, tableware and catering equipment here to help both home and business customers. With over 20,000 unique and inspiring products from top brands, you can be sure to find exactly what you need.","Restaurants & Bars",50638,3,"Your product is absolutely perfect",""
"www.drinkstuff.com","We’re Drinkstuff, an online retailer of bar, glassware, tableware and catering equipment here to help both home and business customers. With over 20,000 unique and inspiring products from top brands, you can be sure to find exactly what you need.","Restaurants & Bars",50639,3,"Fast shipping, excessive packaging",""
"www.drinkstuff.com","We’re Drinkstuff, an online retailer of bar, glassware, tableware and catering equipment here to help both home and business customers. With over 20,000 unique and inspiring products from top brands, you can be sure to find exactly what you need.","Restaurants & Bars",50640,3,"Delivery and after service great but my cups melted…",""
"www.drinkstuff.com","We’re Drinkstuff, an online retailer of bar, glassware, tableware and catering equipment here to help both home and business customers. With over 20,000 unique and inspiring products from top brands, you can be sure to find exactly what you need.","Restaurants & Bars",50641,3,"Not as advertised",""
"www.drinkstuff.com","We’re Drinkstuff, an online retailer of bar, glassware, tableware and catering equipment here to help both home and business customers. With over 20,000 unique and inspiring products from top brands, you can be sure to find exactly what you need.","Restaurants & Bars",50642,3,"My first delivery didn’t make it only…",""
"www.drinkstuff.com","We’re Drinkstuff, an online retailer of bar, glassware, tableware and catering equipment here to help both home and business customers. With over 20,000 unique and inspiring products from top brands, you can be sure to find exactly what you need.","Restaurants & Bars",50643,3,"Unfortunate delays on glassware",""
"www.drinkstuff.com","We’re Drinkstuff, an online retailer of bar, glassware, tableware and catering equipment here to help both home and business customers. With over 20,000 unique and inspiring products from top brands, you can be sure to find exactly what you need.","Restaurants & Bars",50644,3,"The packaging was poor",""
"www.drinkstuff.com","We’re Drinkstuff, an online retailer of bar, glassware, tableware and catering equipment here to help both home and business customers. With over 20,000 unique and inspiring products from top brands, you can be sure to find exactly what you need.","Restaurants & Bars",50645,3,"Love the glasses but I ordered a box of…",""
"www.drinkstuff.com","We’re Drinkstuff, an online retailer of bar, glassware, tableware and catering equipment here to help both home and business customers. With over 20,000 unique and inspiring products from top brands, you can be sure to find exactly what you need.","Restaurants & Bars",50646,3,"The recyclable little goblets that I…",""
"www.drinkstuff.com","We’re Drinkstuff, an online retailer of bar, glassware, tableware and catering equipment here to help both home and business customers. With over 20,000 unique and inspiring products from top brands, you can be sure to find exactly what you need.","Restaurants & Bars",50647,3,"Item had a few blemishes",""
"www.drinkstuff.com","We’re Drinkstuff, an online retailer of bar, glassware, tableware and catering equipment here to help both home and business customers. With over 20,000 unique and inspiring products from top brands, you can be sure to find exactly what you need.","Restaurants & Bars",50648,3,"Review hounds.",""
"www.drinkstuff.com","We’re Drinkstuff, an online retailer of bar, glassware, tableware and catering equipment here to help both home and business customers. With over 20,000 unique and inspiring products from top brands, you can be sure to find exactly what you need.","Restaurants & Bars",50649,3,"I wasn't happy that the parcel was…",""
"www.drinkstuff.com","We’re Drinkstuff, an online retailer of bar, glassware, tableware and catering equipment here to help both home and business customers. With over 20,000 unique and inspiring products from top brands, you can be sure to find exactly what you need.","Restaurants & Bars",50650,3,"DPD are not reliable or fit for purpose!…",""
"www.drinkstuff.com","We’re Drinkstuff, an online retailer of bar, glassware, tableware and catering equipment here to help both home and business customers. With over 20,000 unique and inspiring products from top brands, you can be sure to find exactly what you need.","Restaurants & Bars",50651,3,"Good and bad",""
"www.drinkstuff.com","We’re Drinkstuff, an online retailer of bar, glassware, tableware and catering equipment here to help both home and business customers. With over 20,000 unique and inspiring products from top brands, you can be sure to find exactly what you need.","Restaurants & Bars",50652,3,"I placed my order on 29/8 the…",""
"www.drinkstuff.com","We’re Drinkstuff, an online retailer of bar, glassware, tableware and catering equipment here to help both home and business customers. With over 20,000 unique and inspiring products from top brands, you can be sure to find exactly what you need.","Restaurants & Bars",50653,3,"change your courier",""
"www.drinkstuff.com","We’re Drinkstuff, an online retailer of bar, glassware, tableware and catering equipment here to help both home and business customers. With over 20,000 unique and inspiring products from top brands, you can be sure to find exactly what you need.","Restaurants & Bars",50654,3,"Great product but dropped two stars due…",""
"www.drinkstuff.com","We’re Drinkstuff, an online retailer of bar, glassware, tableware and catering equipment here to help both home and business customers. With over 20,000 unique and inspiring products from top brands, you can be sure to find exactly what you need.","Restaurants & Bars",50655,3,"Feel like plastic glasses",""
"www.drinkstuff.com","We’re Drinkstuff, an online retailer of bar, glassware, tableware and catering equipment here to help both home and business customers. With over 20,000 unique and inspiring products from top brands, you can be sure to find exactly what you need.","Restaurants & Bars",50656,3,"Ordered and paid for bonzer silver…",""
"www.drinkstuff.com","We’re Drinkstuff, an online retailer of bar, glassware, tableware and catering equipment here to help both home and business customers. With over 20,000 unique and inspiring products from top brands, you can be sure to find exactly what you need.","Restaurants & Bars",50657,2,"Only 5 glasses turned up in a pack of…",""
"www.drinkstuff.com","We’re Drinkstuff, an online retailer of bar, glassware, tableware and catering equipment here to help both home and business customers. With over 20,000 unique and inspiring products from top brands, you can be sure to find exactly what you need.","Restaurants & Bars",50658,2,"Haven't received the items yet so can't…",""
"www.drinkstuff.com","We’re Drinkstuff, an online retailer of bar, glassware, tableware and catering equipment here to help both home and business customers. With over 20,000 unique and inspiring products from top brands, you can be sure to find exactly what you need.","Restaurants & Bars",50659,2,"Good quality products, poor customer service experience",""
"www.drinkstuff.com","We’re Drinkstuff, an online retailer of bar, glassware, tableware and catering equipment here to help both home and business customers. With over 20,000 unique and inspiring products from top brands, you can be sure to find exactly what you need.","Restaurants & Bars",50660,2,"Not advised of out of stock items which according to packing slip were present.",""
"www.drinkstuff.com","We’re Drinkstuff, an online retailer of bar, glassware, tableware and catering equipment here to help both home and business customers. With over 20,000 unique and inspiring products from top brands, you can be sure to find exactly what you need.","Restaurants & Bars",50661,2,"Shipping + refund issues",""
"www.drinkstuff.com","We’re Drinkstuff, an online retailer of bar, glassware, tableware and catering equipment here to help both home and business customers. With over 20,000 unique and inspiring products from top brands, you can be sure to find exactly what you need.","Restaurants & Bars",50662,2,"goods damaged on receipt",""
"www.drinkstuff.com","We’re Drinkstuff, an online retailer of bar, glassware, tableware and catering equipment here to help both home and business customers. With over 20,000 unique and inspiring products from top brands, you can be sure to find exactly what you need.","Restaurants & Bars",50663,2,"Shocking ! Still waiting!",""
"www.drinkstuff.com","We’re Drinkstuff, an online retailer of bar, glassware, tableware and catering equipment here to help both home and business customers. With over 20,000 unique and inspiring products from top brands, you can be sure to find exactly what you need.","Restaurants & Bars",50664,2,"Not the most straightforward order ever...",""
"www.drinkstuff.com","We’re Drinkstuff, an online retailer of bar, glassware, tableware and catering equipment here to help both home and business customers. With over 20,000 unique and inspiring products from top brands, you can be sure to find exactly what you need.","Restaurants & Bars",50665,2,"Staff training",""
"www.drinkstuff.com","We’re Drinkstuff, an online retailer of bar, glassware, tableware and catering equipment here to help both home and business customers. With over 20,000 unique and inspiring products from top brands, you can be sure to find exactly what you need.","Restaurants & Bars",50666,2,"I received a broken mason jar and a…",""
"jts.co.uk","True Origin Foods works directly with a network of smallholder farmers and producers in the global south to source the finest ethical foods.
","Restaurants & Bars",50697,5,"We love True Origin...",""
"jts.co.uk","True Origin Foods works directly with a network of smallholder farmers and producers in the global south to source the finest ethical foods.
","Restaurants & Bars",50698,5,"Easy ordering and speedy delivery ",""
"jts.co.uk","True Origin Foods works directly with a network of smallholder farmers and producers in the global south to source the finest ethical foods.
","Restaurants & Bars",50699,5,"Satisfied Customer. Ordering was easy and the order arrived…",""
"jts.co.uk","True Origin Foods works directly with a network of smallholder farmers and producers in the global south to source the finest ethical foods.
","Restaurants & Bars",50700,5,"True Origin are a great company ",""
"jts.co.uk","True Origin Foods works directly with a network of smallholder farmers and producers in the global south to source the finest ethical foods.
","Restaurants & Bars",50701,5,"Can't fault this company",""
"jts.co.uk","True Origin Foods works directly with a network of smallholder farmers and producers in the global south to source the finest ethical foods.
","Restaurants & Bars",50702,5,"Good work!",""
"jts.co.uk","True Origin Foods works directly with a network of smallholder farmers and producers in the global south to source the finest ethical foods.
","Restaurants & Bars",50703,5,"Traidcraft is back",""
"jts.co.uk","True Origin Foods works directly with a network of smallholder farmers and producers in the global south to source the finest ethical foods.
","Restaurants & Bars",50704,5,"Always quick and safe delivery",""
"jts.co.uk","True Origin Foods works directly with a network of smallholder farmers and producers in the global south to source the finest ethical foods.
","Restaurants & Bars",50705,5,"I love this company",""
"jts.co.uk","True Origin Foods works directly with a network of smallholder farmers and producers in the global south to source the finest ethical foods.
","Restaurants & Bars",50706,5,"Great communication",""
"jts.co.uk","True Origin Foods works directly with a network of smallholder farmers and producers in the global south to source the finest ethical foods.
","Restaurants & Bars",50716,4,"Order fulfilled promptly & efficiently",""
"jts.co.uk","True Origin Foods works directly with a network of smallholder farmers and producers in the global south to source the finest ethical foods.
","Restaurants & Bars",50717,4,"Good products promptly sent.",""
"jts.co.uk","True Origin Foods works directly with a network of smallholder farmers and producers in the global south to source the finest ethical foods.
","Restaurants & Bars",50718,4,"Great to have a source of fairly traded products in the absence of Traidcraft.",""
"jts.co.uk","True Origin Foods works directly with a network of smallholder farmers and producers in the global south to source the finest ethical foods.
","Restaurants & Bars",50719,4,"Mostly",""
"jts.co.uk","True Origin Foods works directly with a network of smallholder farmers and producers in the global south to source the finest ethical foods.
","Restaurants & Bars",50720,4,"Great food and service",""
"jts.co.uk","True Origin Foods works directly with a network of smallholder farmers and producers in the global south to source the finest ethical foods.
","Restaurants & Bars",50721,4,"No problems with placing order and delivery!",""
"jts.co.uk","True Origin Foods works directly with a network of smallholder farmers and producers in the global south to source the finest ethical foods.
","Restaurants & Bars",50722,4,"Good products, but packaging could be improved",""
"jts.co.uk","True Origin Foods works directly with a network of smallholder farmers and producers in the global south to source the finest ethical foods.
","Restaurants & Bars",50723,4,"Improve Communication",""
"jts.co.uk","True Origin Foods works directly with a network of smallholder farmers and producers in the global south to source the finest ethical foods.
","Restaurants & Bars",50724,4,"Prompt service",""
"jts.co.uk","True Origin Foods works directly with a network of smallholder farmers and producers in the global south to source the finest ethical foods.
","Restaurants & Bars",50725,4,"First delivery of my recent order went…",""
"jts.co.uk","True Origin Foods works directly with a network of smallholder farmers and producers in the global south to source the finest ethical foods.
","Restaurants & Bars",50726,4,"Fair Trade goods",""
"jts.co.uk","True Origin Foods works directly with a network of smallholder farmers and producers in the global south to source the finest ethical foods.
","Restaurants & Bars",50727,4,"Good customer service",""
"jts.co.uk","True Origin Foods works directly with a network of smallholder farmers and producers in the global south to source the finest ethical foods.
","Restaurants & Bars",50728,4,"Very fair prices and package arrived…",""
"jts.co.uk","True Origin Foods works directly with a network of smallholder farmers and producers in the global south to source the finest ethical foods.
","Restaurants & Bars",50729,4,"Fiar trade and delicious",""
"jts.co.uk","True Origin Foods works directly with a network of smallholder farmers and producers in the global south to source the finest ethical foods.
","Restaurants & Bars",50730,4,"The rice is wonderful but I wasn't very…",""
"jts.co.uk","True Origin Foods works directly with a network of smallholder farmers and producers in the global south to source the finest ethical foods.
","Restaurants & Bars",50731,4,"Good fair trade products delivered to your door",""
"jts.co.uk","True Origin Foods works directly with a network of smallholder farmers and producers in the global south to source the finest ethical foods.
","Restaurants & Bars",50732,4,"Great company",""
"jts.co.uk","True Origin Foods works directly with a network of smallholder farmers and producers in the global south to source the finest ethical foods.
","Restaurants & Bars",50733,4,"The website was very clear and easy to use",""
"jts.co.uk","True Origin Foods works directly with a network of smallholder farmers and producers in the global south to source the finest ethical foods.
","Restaurants & Bars",50734,4,"Thank you for the tea",""
"jts.co.uk","True Origin Foods works directly with a network of smallholder farmers and producers in the global south to source the finest ethical foods.
","Restaurants & Bars",50735,4,"The products are excellent but delivery…",""
"jts.co.uk","True Origin Foods works directly with a network of smallholder farmers and producers in the global south to source the finest ethical foods.
","Restaurants & Bars",50736,3,"OVER PACKAGED!!…",""
"jts.co.uk","True Origin Foods works directly with a network of smallholder farmers and producers in the global south to source the finest ethical foods.
","Restaurants & Bars",50737,3,"Parcel was delivered quite quickly with…",""
"jts.co.uk","True Origin Foods works directly with a network of smallholder farmers and producers in the global south to source the finest ethical foods.
","Restaurants & Bars",50738,3,"The order took 12 days to come",""
"jts.co.uk","True Origin Foods works directly with a network of smallholder farmers and producers in the global south to source the finest ethical foods.
","Restaurants & Bars",50739,3,"Tasty rice, unfortunate foreign object.",""
"jts.co.uk","True Origin Foods works directly with a network of smallholder farmers and producers in the global south to source the finest ethical foods.
","Restaurants & Bars",50740,3,"Correct products delivered OK",""
"jts.co.uk","True Origin Foods works directly with a network of smallholder farmers and producers in the global south to source the finest ethical foods.
","Restaurants & Bars",50741,3,"£50 trial stall",""
"jts.co.uk","True Origin Foods works directly with a network of smallholder farmers and producers in the global south to source the finest ethical foods.
","Restaurants & Bars",50742,3,"My order was taken over the telephone",""
"jts.co.uk","True Origin Foods works directly with a network of smallholder farmers and producers in the global south to source the finest ethical foods.
","Restaurants & Bars",50743,3,"Good Quality, Good service",""
"jts.co.uk","True Origin Foods works directly with a network of smallholder farmers and producers in the global south to source the finest ethical foods.
","Restaurants & Bars",50744,3,"Malawi Rice",""
"jts.co.uk","True Origin Foods works directly with a network of smallholder farmers and producers in the global south to source the finest ethical foods.
","Restaurants & Bars",50745,3,"Cant comment as delivery failed despite…",""
"jts.co.uk","True Origin Foods works directly with a network of smallholder farmers and producers in the global south to source the finest ethical foods.
","Restaurants & Bars",50746,3,"It took so long to come since I ordered.",""
"jts.co.uk","True Origin Foods works directly with a network of smallholder farmers and producers in the global south to source the finest ethical foods.
","Restaurants & Bars",50747,2,"The quality with my recent purchase not good",""
"jts.co.uk","True Origin Foods works directly with a network of smallholder farmers and producers in the global south to source the finest ethical foods.
","Restaurants & Bars",50748,2,"Ordered on 17th May and 2 weeks later…",""
"www.reinosdetaifas.com","Single Variety extra virgin olive oils from Spain. Enjoy eating healthy and tasty food with Reinos de Taifas.","Restaurants & Bars",50749,5,"Good experience",""
"www.reinosdetaifas.com","Single Variety extra virgin olive oils from Spain. Enjoy eating healthy and tasty food with Reinos de Taifas.","Restaurants & Bars",50750,5,"Very nice flavour",""
"www.reinosdetaifas.com","Single Variety extra virgin olive oils from Spain. Enjoy eating healthy and tasty food with Reinos de Taifas.","Restaurants & Bars",50751,5,"Did not try all 3 varieties ",""
"www.reinosdetaifas.com","Single Variety extra virgin olive oils from Spain. Enjoy eating healthy and tasty food with Reinos de Taifas.","Restaurants & Bars",50752,5,"A TASTE OF SPAIN IN YOUR TABLE IN UK ",""
"www.reinosdetaifas.com","Single Variety extra virgin olive oils from Spain. Enjoy eating healthy and tasty food with Reinos de Taifas.","Restaurants & Bars",50753,5,"Great Picual Olive oil at great Bulk prices.",""
"www.reinosdetaifas.com","Single Variety extra virgin olive oils from Spain. Enjoy eating healthy and tasty food with Reinos de Taifas.","Restaurants & Bars",50754,5,"Great olive oil!",""
"www.reinosdetaifas.com","Single Variety extra virgin olive oils from Spain. Enjoy eating healthy and tasty food with Reinos de Taifas.","Restaurants & Bars",50755,5,"Delicious and excellent!",""
"www.reinosdetaifas.com","Single Variety extra virgin olive oils from Spain. Enjoy eating healthy and tasty food with Reinos de Taifas.","Restaurants & Bars",50756,5,"Great product and customer service",""
"www.reinosdetaifas.com","Single Variety extra virgin olive oils from Spain. Enjoy eating healthy and tasty food with Reinos de Taifas.","Restaurants & Bars",50757,5,"GOOD PRODUCT AND GOOD CUSTOMER SERVICE",""
"www.reinosdetaifas.com","Single Variety extra virgin olive oils from Spain. Enjoy eating healthy and tasty food with Reinos de Taifas.","Restaurants & Bars",50758,5,"A really good purchase!",""
"www.reinosdetaifas.com","Single Variety extra virgin olive oils from Spain. Enjoy eating healthy and tasty food with Reinos de Taifas.","Restaurants & Bars",50769,4,"Very nice service and Juan is friendly…",""
"www.reinosdetaifas.com","Single Variety extra virgin olive oils from Spain. Enjoy eating healthy and tasty food with Reinos de Taifas.","Restaurants & Bars",50770,4,"I have not received the products yet",""
"www.reinosdetaifas.com","Single Variety extra virgin olive oils from Spain. Enjoy eating healthy and tasty food with Reinos de Taifas.","Restaurants & Bars",50771,4,"We really like the ability to purchase…",""
"www.reinosdetaifas.com","Single Variety extra virgin olive oils from Spain. Enjoy eating healthy and tasty food with Reinos de Taifas.","Restaurants & Bars",50772,4,"Spanish essence",""
"www.reinosdetaifas.com","Single Variety extra virgin olive oils from Spain. Enjoy eating healthy and tasty food with Reinos de Taifas.","Restaurants & Bars",50773,4,"Good service to Denmark",""
"www.reinosdetaifas.com","Single Variety extra virgin olive oils from Spain. Enjoy eating healthy and tasty food with Reinos de Taifas.","Restaurants & Bars",50774,4,"Great customer service",""
"www.reinosdetaifas.com","Single Variety extra virgin olive oils from Spain. Enjoy eating healthy and tasty food with Reinos de Taifas.","Restaurants & Bars",50775,3,"very good and quick service",""
"www.reinosdetaifas.com","Single Variety extra virgin olive oils from Spain. Enjoy eating healthy and tasty food with Reinos de Taifas.","Restaurants & Bars",50776,1,"Oil is not fresh from November 2023",""
"www.tandoorilounge.com","Located in the heart of Hornchurch, Tandoori Lounge holds a prominent position in the High Street amongst some of the biggest high street names. The very obvious distinction being that Tandoori Lounge is Hornchurch’s one and only authentic Punjabi restaurant, offering the delightful flavours of the Punjab, combined with the very traditional spices of Indian cuisine.

A big statement by a small family-run restaurant, that aims to provide its customers a genuinely authentic cuisine, matched with a professional yet informal customer experience. With a combination of modern lines and very vivacious curves, the restaurant serves up a unique dining experience, only surpassed by it's array of mouth watering dishes.","Restaurants & Bars",50777,5,"The food is always excellent and Sukh…",""
"www.tandoorilounge.com","Located in the heart of Hornchurch, Tandoori Lounge holds a prominent position in the High Street amongst some of the biggest high street names. The very obvious distinction being that Tandoori Lounge is Hornchurch’s one and only authentic Punjabi restaurant, offering the delightful flavours of the Punjab, combined with the very traditional spices of Indian cuisine.

A big statement by a small family-run restaurant, that aims to provide its customers a genuinely authentic cuisine, matched with a professional yet informal customer experience. With a combination of modern lines and very vivacious curves, the restaurant serves up a unique dining experience, only surpassed by it's array of mouth watering dishes.","Restaurants & Bars",50778,5,"Great authentic Panjabi food ",""
"www.tandoorilounge.com","Located in the heart of Hornchurch, Tandoori Lounge holds a prominent position in the High Street amongst some of the biggest high street names. The very obvious distinction being that Tandoori Lounge is Hornchurch’s one and only authentic Punjabi restaurant, offering the delightful flavours of the Punjab, combined with the very traditional spices of Indian cuisine.

A big statement by a small family-run restaurant, that aims to provide its customers a genuinely authentic cuisine, matched with a professional yet informal customer experience. With a combination of modern lines and very vivacious curves, the restaurant serves up a unique dining experience, only surpassed by it's array of mouth watering dishes.","Restaurants & Bars",50779,5,"A Splendid Establishment",""
"www.tandoorilounge.com","Located in the heart of Hornchurch, Tandoori Lounge holds a prominent position in the High Street amongst some of the biggest high street names. The very obvious distinction being that Tandoori Lounge is Hornchurch’s one and only authentic Punjabi restaurant, offering the delightful flavours of the Punjab, combined with the very traditional spices of Indian cuisine.

A big statement by a small family-run restaurant, that aims to provide its customers a genuinely authentic cuisine, matched with a professional yet informal customer experience. With a combination of modern lines and very vivacious curves, the restaurant serves up a unique dining experience, only surpassed by it's array of mouth watering dishes.","Restaurants & Bars",50780,5,"A Very Pleasant New Year’s Eve!",""
"www.tandoorilounge.com","Located in the heart of Hornchurch, Tandoori Lounge holds a prominent position in the High Street amongst some of the biggest high street names. The very obvious distinction being that Tandoori Lounge is Hornchurch’s one and only authentic Punjabi restaurant, offering the delightful flavours of the Punjab, combined with the very traditional spices of Indian cuisine.

A big statement by a small family-run restaurant, that aims to provide its customers a genuinely authentic cuisine, matched with a professional yet informal customer experience. With a combination of modern lines and very vivacious curves, the restaurant serves up a unique dining experience, only surpassed by it's array of mouth watering dishes.","Restaurants & Bars",50781,5,"Visited yesterday with my partner and…",""
"www.tandoorilounge.com","Located in the heart of Hornchurch, Tandoori Lounge holds a prominent position in the High Street amongst some of the biggest high street names. The very obvious distinction being that Tandoori Lounge is Hornchurch’s one and only authentic Punjabi restaurant, offering the delightful flavours of the Punjab, combined with the very traditional spices of Indian cuisine.

A big statement by a small family-run restaurant, that aims to provide its customers a genuinely authentic cuisine, matched with a professional yet informal customer experience. With a combination of modern lines and very vivacious curves, the restaurant serves up a unique dining experience, only surpassed by it's array of mouth watering dishes.","Restaurants & Bars",50782,5,"Went there for a charity quiz night",""
"www.tandoorilounge.com","Located in the heart of Hornchurch, Tandoori Lounge holds a prominent position in the High Street amongst some of the biggest high street names. The very obvious distinction being that Tandoori Lounge is Hornchurch’s one and only authentic Punjabi restaurant, offering the delightful flavours of the Punjab, combined with the very traditional spices of Indian cuisine.

A big statement by a small family-run restaurant, that aims to provide its customers a genuinely authentic cuisine, matched with a professional yet informal customer experience. With a combination of modern lines and very vivacious curves, the restaurant serves up a unique dining experience, only surpassed by it's array of mouth watering dishes.","Restaurants & Bars",50783,5,"Amazing food and great hospitality…",""
"www.tandoorilounge.com","Located in the heart of Hornchurch, Tandoori Lounge holds a prominent position in the High Street amongst some of the biggest high street names. The very obvious distinction being that Tandoori Lounge is Hornchurch’s one and only authentic Punjabi restaurant, offering the delightful flavours of the Punjab, combined with the very traditional spices of Indian cuisine.

A big statement by a small family-run restaurant, that aims to provide its customers a genuinely authentic cuisine, matched with a professional yet informal customer experience. With a combination of modern lines and very vivacious curves, the restaurant serves up a unique dining experience, only surpassed by it's array of mouth watering dishes.","Restaurants & Bars",50784,5,"Fantastic food thanks",""
"www.tandoorilounge.com","Located in the heart of Hornchurch, Tandoori Lounge holds a prominent position in the High Street amongst some of the biggest high street names. The very obvious distinction being that Tandoori Lounge is Hornchurch’s one and only authentic Punjabi restaurant, offering the delightful flavours of the Punjab, combined with the very traditional spices of Indian cuisine.

A big statement by a small family-run restaurant, that aims to provide its customers a genuinely authentic cuisine, matched with a professional yet informal customer experience. With a combination of modern lines and very vivacious curves, the restaurant serves up a unique dining experience, only surpassed by it's array of mouth watering dishes.","Restaurants & Bars",50785,4,"Eight of us went to tandoori lounge…",""
"www.tandoorilounge.com","Located in the heart of Hornchurch, Tandoori Lounge holds a prominent position in the High Street amongst some of the biggest high street names. The very obvious distinction being that Tandoori Lounge is Hornchurch’s one and only authentic Punjabi restaurant, offering the delightful flavours of the Punjab, combined with the very traditional spices of Indian cuisine.

A big statement by a small family-run restaurant, that aims to provide its customers a genuinely authentic cuisine, matched with a professional yet informal customer experience. With a combination of modern lines and very vivacious curves, the restaurant serves up a unique dining experience, only surpassed by it's array of mouth watering dishes.","Restaurants & Bars",50786,1,"Wrong Customer Service!",""
"www.tandoorilounge.com","Located in the heart of Hornchurch, Tandoori Lounge holds a prominent position in the High Street amongst some of the biggest high street names. The very obvious distinction being that Tandoori Lounge is Hornchurch’s one and only authentic Punjabi restaurant, offering the delightful flavours of the Punjab, combined with the very traditional spices of Indian cuisine.

A big statement by a small family-run restaurant, that aims to provide its customers a genuinely authentic cuisine, matched with a professional yet informal customer experience. With a combination of modern lines and very vivacious curves, the restaurant serves up a unique dining experience, only surpassed by it's array of mouth watering dishes.","Restaurants & Bars",50787,1,"Avoid this restaurant at all costs",""
"piesbypost.com","Turner's award-winning pies. Based in West Sussex since 1933, our award-winning products are baked daily, from scratch using only the finest ingredients. Freshly baked pies, nationwide, directly to your door with Pies by Post.","Restaurants & Bars",50788,5,"Bought as a Christmas gift for family",""
"piesbypost.com","Turner's award-winning pies. Based in West Sussex since 1933, our award-winning products are baked daily, from scratch using only the finest ingredients. Freshly baked pies, nationwide, directly to your door with Pies by Post.","Restaurants & Bars",50789,5,"I ordered the Boxing Day packs for my…",""
"piesbypost.com","Turner's award-winning pies. Based in West Sussex since 1933, our award-winning products are baked daily, from scratch using only the finest ingredients. Freshly baked pies, nationwide, directly to your door with Pies by Post.","Restaurants & Bars",50790,5,"The very best pies",""
"piesbypost.com","Turner's award-winning pies. Based in West Sussex since 1933, our award-winning products are baked daily, from scratch using only the finest ingredients. Freshly baked pies, nationwide, directly to your door with Pies by Post.","Restaurants & Bars",50791,5,"Delicious pies, great service",""
"piesbypost.com","Turner's award-winning pies. Based in West Sussex since 1933, our award-winning products are baked daily, from scratch using only the finest ingredients. Freshly baked pies, nationwide, directly to your door with Pies by Post.","Restaurants & Bars",50792,5,"Best Pie's ",""
"piesbypost.com","Turner's award-winning pies. Based in West Sussex since 1933, our award-winning products are baked daily, from scratch using only the finest ingredients. Freshly baked pies, nationwide, directly to your door with Pies by Post.","Restaurants & Bars",50793,5,"Excellent pies and service ",""
"piesbypost.com","Turner's award-winning pies. Based in West Sussex since 1933, our award-winning products are baked daily, from scratch using only the finest ingredients. Freshly baked pies, nationwide, directly to your door with Pies by Post.","Restaurants & Bars",50794,5,"Best pastry I’ve tasted in years ",""
"piesbypost.com","Turner's award-winning pies. Based in West Sussex since 1933, our award-winning products are baked daily, from scratch using only the finest ingredients. Freshly baked pies, nationwide, directly to your door with Pies by Post.","Restaurants & Bars",50795,5,"Amazing Pies",""
"piesbypost.com","Turner's award-winning pies. Based in West Sussex since 1933, our award-winning products are baked daily, from scratch using only the finest ingredients. Freshly baked pies, nationwide, directly to your door with Pies by Post.","Restaurants & Bars",50796,5,"Excellent service",""
"piesbypost.com","Turner's award-winning pies. Based in West Sussex since 1933, our award-winning products are baked daily, from scratch using only the finest ingredients. Freshly baked pies, nationwide, directly to your door with Pies by Post.","Restaurants & Bars",50797,5,"Excellent!!",""
"piesbypost.com","Turner's award-winning pies. Based in West Sussex since 1933, our award-winning products are baked daily, from scratch using only the finest ingredients. Freshly baked pies, nationwide, directly to your door with Pies by Post.","Restaurants & Bars",50808,4,"Delicious pies by post! ",""
"piesbypost.com","Turner's award-winning pies. Based in West Sussex since 1933, our award-winning products are baked daily, from scratch using only the finest ingredients. Freshly baked pies, nationwide, directly to your door with Pies by Post.","Restaurants & Bars",50809,4,"Christmas Gift Pack Pies ",""
"piesbypost.com","Turner's award-winning pies. Based in West Sussex since 1933, our award-winning products are baked daily, from scratch using only the finest ingredients. Freshly baked pies, nationwide, directly to your door with Pies by Post.","Restaurants & Bars",50810,4,"my rating would have been a 5 but the…",""
"piesbypost.com","Turner's award-winning pies. Based in West Sussex since 1933, our award-winning products are baked daily, from scratch using only the finest ingredients. Freshly baked pies, nationwide, directly to your door with Pies by Post.","Restaurants & Bars",50811,4,"The pies arrived well packaged and with…",""
"piesbypost.com","Turner's award-winning pies. Based in West Sussex since 1933, our award-winning products are baked daily, from scratch using only the finest ingredients. Freshly baked pies, nationwide, directly to your door with Pies by Post.","Restaurants & Bars",50812,4,"An extra Christmas gift",""
"piesbypost.com","Turner's award-winning pies. Based in West Sussex since 1933, our award-winning products are baked daily, from scratch using only the finest ingredients. Freshly baked pies, nationwide, directly to your door with Pies by Post.","Restaurants & Bars",50813,4,"The delivery was clear and easy",""
"piesbypost.com","Turner's award-winning pies. Based in West Sussex since 1933, our award-winning products are baked daily, from scratch using only the finest ingredients. Freshly baked pies, nationwide, directly to your door with Pies by Post.","Restaurants & Bars",50814,4,"Service and quality",""
"piesbypost.com","Turner's award-winning pies. Based in West Sussex since 1933, our award-winning products are baked daily, from scratch using only the finest ingredients. Freshly baked pies, nationwide, directly to your door with Pies by Post.","Restaurants & Bars",50815,4,"Excellent and timely",""
"piesbypost.com","Turner's award-winning pies. Based in West Sussex since 1933, our award-winning products are baked daily, from scratch using only the finest ingredients. Freshly baked pies, nationwide, directly to your door with Pies by Post.","Restaurants & Bars",50816,4,"Best Pies On Line ",""
"piesbypost.com","Turner's award-winning pies. Based in West Sussex since 1933, our award-winning products are baked daily, from scratch using only the finest ingredients. Freshly baked pies, nationwide, directly to your door with Pies by Post.","Restaurants & Bars",50817,4,"Ordered the vegan one",""
"piesbypost.com","Turner's award-winning pies. Based in West Sussex since 1933, our award-winning products are baked daily, from scratch using only the finest ingredients. Freshly baked pies, nationwide, directly to your door with Pies by Post.","Restaurants & Bars",50818,4,"Even more pie filling!",""
"piesbypost.com","Turner's award-winning pies. Based in West Sussex since 1933, our award-winning products are baked daily, from scratch using only the finest ingredients. Freshly baked pies, nationwide, directly to your door with Pies by Post.","Restaurants & Bars",50819,4,"We have tried a variety of ready made pies and always come back to Turners.",""
"piesbypost.com","Turner's award-winning pies. Based in West Sussex since 1933, our award-winning products are baked daily, from scratch using only the finest ingredients. Freshly baked pies, nationwide, directly to your door with Pies by Post.","Restaurants & Bars",50820,4,"My order was missedplace and therefore…",""
"piesbypost.com","Turner's award-winning pies. Based in West Sussex since 1933, our award-winning products are baked daily, from scratch using only the finest ingredients. Freshly baked pies, nationwide, directly to your door with Pies by Post.","Restaurants & Bars",50821,4,"Got there in the end",""
"piesbypost.com","Turner's award-winning pies. Based in West Sussex since 1933, our award-winning products are baked daily, from scratch using only the finest ingredients. Freshly baked pies, nationwide, directly to your door with Pies by Post.","Restaurants & Bars",50822,4,"Great quality and service. ",""
"piesbypost.com","Turner's award-winning pies. Based in West Sussex since 1933, our award-winning products are baked daily, from scratch using only the finest ingredients. Freshly baked pies, nationwide, directly to your door with Pies by Post.","Restaurants & Bars",50823,4,"Dessert pies/quiches FABare to…",""
"piesbypost.com","Turner's award-winning pies. Based in West Sussex since 1933, our award-winning products are baked daily, from scratch using only the finest ingredients. Freshly baked pies, nationwide, directly to your door with Pies by Post.","Restaurants & Bars",50824,4,"I’ve ordered pies four times now",""
"piesbypost.com","Turner's award-winning pies. Based in West Sussex since 1933, our award-winning products are baked daily, from scratch using only the finest ingredients. Freshly baked pies, nationwide, directly to your door with Pies by Post.","Restaurants & Bars",50825,4,"Well worth the wait",""
"piesbypost.com","Turner's award-winning pies. Based in West Sussex since 1933, our award-winning products are baked daily, from scratch using only the finest ingredients. Freshly baked pies, nationwide, directly to your door with Pies by Post.","Restaurants & Bars",50826,4,"The pies are lovely.",""
"piesbypost.com","Turner's award-winning pies. Based in West Sussex since 1933, our award-winning products are baked daily, from scratch using only the finest ingredients. Freshly baked pies, nationwide, directly to your door with Pies by Post.","Restaurants & Bars",50827,4,"This was our first pie order.The first…",""
"piesbypost.com","Turner's award-winning pies. Based in West Sussex since 1933, our award-winning products are baked daily, from scratch using only the finest ingredients. Freshly baked pies, nationwide, directly to your door with Pies by Post.","Restaurants & Bars",50828,3,"Good service and delivery",""
"piesbypost.com","Turner's award-winning pies. Based in West Sussex since 1933, our award-winning products are baked daily, from scratch using only the finest ingredients. Freshly baked pies, nationwide, directly to your door with Pies by Post.","Restaurants & Bars",50829,3,"The packaging was good and you…",""
"piesbypost.com","Turner's award-winning pies. Based in West Sussex since 1933, our award-winning products are baked daily, from scratch using only the finest ingredients. Freshly baked pies, nationwide, directly to your door with Pies by Post.","Restaurants & Bars",50830,3,"Overall disappointed",""
"piesbypost.com","Turner's award-winning pies. Based in West Sussex since 1933, our award-winning products are baked daily, from scratch using only the finest ingredients. Freshly baked pies, nationwide, directly to your door with Pies by Post.","Restaurants & Bars",50831,3,"Not as good as expected",""
"piesbypost.com","Turner's award-winning pies. Based in West Sussex since 1933, our award-winning products are baked daily, from scratch using only the finest ingredients. Freshly baked pies, nationwide, directly to your door with Pies by Post.","Restaurants & Bars",50832,3,"Pies arrived on time and yes they were…",""
"piesbypost.com","Turner's award-winning pies. Based in West Sussex since 1933, our award-winning products are baked daily, from scratch using only the finest ingredients. Freshly baked pies, nationwide, directly to your door with Pies by Post.","Restaurants & Bars",50833,3,"Oh dear - not what we expected",""
"piesbypost.com","Turner's award-winning pies. Based in West Sussex since 1933, our award-winning products are baked daily, from scratch using only the finest ingredients. Freshly baked pies, nationwide, directly to your door with Pies by Post.","Restaurants & Bars",50834,3,"Pies were ok",""
"piesbypost.com","Turner's award-winning pies. Based in West Sussex since 1933, our award-winning products are baked daily, from scratch using only the finest ingredients. Freshly baked pies, nationwide, directly to your door with Pies by Post.","Restaurants & Bars",50835,3,"Quiches very small",""
"piesbypost.com","Turner's award-winning pies. Based in West Sussex since 1933, our award-winning products are baked daily, from scratch using only the finest ingredients. Freshly baked pies, nationwide, directly to your door with Pies by Post.","Restaurants & Bars",50836,3,"The pies are the best I’ve tasted but…",""
"piesbypost.com","Turner's award-winning pies. Based in West Sussex since 1933, our award-winning products are baked daily, from scratch using only the finest ingredients. Freshly baked pies, nationwide, directly to your door with Pies by Post.","Restaurants & Bars",50837,3,"Hit and miss experience ",""
"piesbypost.com","Turner's award-winning pies. Based in West Sussex since 1933, our award-winning products are baked daily, from scratch using only the finest ingredients. Freshly baked pies, nationwide, directly to your door with Pies by Post.","Restaurants & Bars",50838,3,"Delivery well organised",""
"piesbypost.com","Turner's award-winning pies. Based in West Sussex since 1933, our award-winning products are baked daily, from scratch using only the finest ingredients. Freshly baked pies, nationwide, directly to your door with Pies by Post.","Restaurants & Bars",50839,3,"Ordered a pie pack for home delivery on…",""
"piesbypost.com","Turner's award-winning pies. Based in West Sussex since 1933, our award-winning products are baked daily, from scratch using only the finest ingredients. Freshly baked pies, nationwide, directly to your door with Pies by Post.","Restaurants & Bars",50840,3,"delayed customer service",""
"piesbypost.com","Turner's award-winning pies. Based in West Sussex since 1933, our award-winning products are baked daily, from scratch using only the finest ingredients. Freshly baked pies, nationwide, directly to your door with Pies by Post.","Restaurants & Bars",50841,3,"Steak pasties and a plate mince pie…",""
"piesbypost.com","Turner's award-winning pies. Based in West Sussex since 1933, our award-winning products are baked daily, from scratch using only the finest ingredients. Freshly baked pies, nationwide, directly to your door with Pies by Post.","Restaurants & Bars",50842,3,"Not for us",""
"piesbypost.com","Turner's award-winning pies. Based in West Sussex since 1933, our award-winning products are baked daily, from scratch using only the finest ingredients. Freshly baked pies, nationwide, directly to your door with Pies by Post.","Restaurants & Bars",50843,3,"Good but worried",""
"piesbypost.com","Turner's award-winning pies. Based in West Sussex since 1933, our award-winning products are baked daily, from scratch using only the finest ingredients. Freshly baked pies, nationwide, directly to your door with Pies by Post.","Restaurants & Bars",50844,3,"Pies are still as good as ever but have…",""
"piesbypost.com","Turner's award-winning pies. Based in West Sussex since 1933, our award-winning products are baked daily, from scratch using only the finest ingredients. Freshly baked pies, nationwide, directly to your door with Pies by Post.","Restaurants & Bars",50845,3,"Cannot rely on a date.",""
"piesbypost.com","Turner's award-winning pies. Based in West Sussex since 1933, our award-winning products are baked daily, from scratch using only the finest ingredients. Freshly baked pies, nationwide, directly to your door with Pies by Post.","Restaurants & Bars",50846,3,"Delivery is a farce - pasties not very good",""
"piesbypost.com","Turner's award-winning pies. Based in West Sussex since 1933, our award-winning products are baked daily, from scratch using only the finest ingredients. Freshly baked pies, nationwide, directly to your door with Pies by Post.","Restaurants & Bars",50847,2,"Beware of Ink on Boxes",""
"piesbypost.com","Turner's award-winning pies. Based in West Sussex since 1933, our award-winning products are baked daily, from scratch using only the finest ingredients. Freshly baked pies, nationwide, directly to your door with Pies by Post.","Restaurants & Bars",50848,2,"Pies didn’t arrive and no way to get in touch with courier or Turners after 5pm on a Friday",""
"piesbypost.com","Turner's award-winning pies. Based in West Sussex since 1933, our award-winning products are baked daily, from scratch using only the finest ingredients. Freshly baked pies, nationwide, directly to your door with Pies by Post.","Restaurants & Bars",50849,2,"Mince beef pies were disapointing",""
"piesbypost.com","Turner's award-winning pies. Based in West Sussex since 1933, our award-winning products are baked daily, from scratch using only the finest ingredients. Freshly baked pies, nationwide, directly to your door with Pies by Post.","Restaurants & Bars",50850,2,"The pies/quiches arrived in good order…",""
"piesbypost.com","Turner's award-winning pies. Based in West Sussex since 1933, our award-winning products are baked daily, from scratch using only the finest ingredients. Freshly baked pies, nationwide, directly to your door with Pies by Post.","Restaurants & Bars",50851,2,"Disappointing ☹️",""
"piesbypost.com","Turner's award-winning pies. Based in West Sussex since 1933, our award-winning products are baked daily, from scratch using only the finest ingredients. Freshly baked pies, nationwide, directly to your door with Pies by Post.","Restaurants & Bars",50852,2,"I was looking for decent pie's and saw…",""
"piesbypost.com","Turner's award-winning pies. Based in West Sussex since 1933, our award-winning products are baked daily, from scratch using only the finest ingredients. Freshly baked pies, nationwide, directly to your door with Pies by Post.","Restaurants & Bars",50853,2,"Cheese & onion pasties poor",""
"piesbypost.com","Turner's award-winning pies. Based in West Sussex since 1933, our award-winning products are baked daily, from scratch using only the finest ingredients. Freshly baked pies, nationwide, directly to your door with Pies by Post.","Restaurants & Bars",50854,2,"Tried but wouldn't buy again",""
"piesbypost.com","Turner's award-winning pies. Based in West Sussex since 1933, our award-winning products are baked daily, from scratch using only the finest ingredients. Freshly baked pies, nationwide, directly to your door with Pies by Post.","Restaurants & Bars",50855,2,"You need to simplify your ordering frustrating …",""
"piesbypost.com","Turner's award-winning pies. Based in West Sussex since 1933, our award-winning products are baked daily, from scratch using only the finest ingredients. Freshly baked pies, nationwide, directly to your door with Pies by Post.","Restaurants & Bars",50856,2,"Not a tasty pie",""
"coffeecups.co.uk","Custom printed or plain crockery for every area of the hospitality industry, corporate sector and retail.
No minimum order quantities and huge stock levels.
Bespoke screen-printed logos, all hand-applied and fired in our on-site workshop and kilns.","Restaurants & Bars",50887,5,"Everything was perfect!!",""
"coffeecups.co.uk","Custom printed or plain crockery for every area of the hospitality industry, corporate sector and retail.
No minimum order quantities and huge stock levels.
Bespoke screen-printed logos, all hand-applied and fired in our on-site workshop and kilns.","Restaurants & Bars",50888,5,"Great quality and customer service",""
"coffeecups.co.uk","Custom printed or plain crockery for every area of the hospitality industry, corporate sector and retail.
No minimum order quantities and huge stock levels.
Bespoke screen-printed logos, all hand-applied and fired in our on-site workshop and kilns.","Restaurants & Bars",50889,5,"Great customer service",""
"coffeecups.co.uk","Custom printed or plain crockery for every area of the hospitality industry, corporate sector and retail.
No minimum order quantities and huge stock levels.
Bespoke screen-printed logos, all hand-applied and fired in our on-site workshop and kilns.","Restaurants & Bars",50890,5,"Good Products and Really Lovely People",""
"coffeecups.co.uk","Custom printed or plain crockery for every area of the hospitality industry, corporate sector and retail.
No minimum order quantities and huge stock levels.
Bespoke screen-printed logos, all hand-applied and fired in our on-site workshop and kilns.","Restaurants & Bars",50891,5,"5 * and some! ",""
"coffeecups.co.uk","Custom printed or plain crockery for every area of the hospitality industry, corporate sector and retail.
No minimum order quantities and huge stock levels.
Bespoke screen-printed logos, all hand-applied and fired in our on-site workshop and kilns.","Restaurants & Bars",50892,5,"Excellent service",""
"coffeecups.co.uk","Custom printed or plain crockery for every area of the hospitality industry, corporate sector and retail.
No minimum order quantities and huge stock levels.
Bespoke screen-printed logos, all hand-applied and fired in our on-site workshop and kilns.","Restaurants & Bars",50893,5,"Attractive & well made",""
"coffeecups.co.uk","Custom printed or plain crockery for every area of the hospitality industry, corporate sector and retail.
No minimum order quantities and huge stock levels.
Bespoke screen-printed logos, all hand-applied and fired in our on-site workshop and kilns.","Restaurants & Bars",50894,5,"A great service ",""
"coffeecups.co.uk","Custom printed or plain crockery for every area of the hospitality industry, corporate sector and retail.
No minimum order quantities and huge stock levels.
Bespoke screen-printed logos, all hand-applied and fired in our on-site workshop and kilns.","Restaurants & Bars",50895,5,"Wanted a tall glass for Christmas…",""
"coffeecups.co.uk","Custom printed or plain crockery for every area of the hospitality industry, corporate sector and retail.
No minimum order quantities and huge stock levels.
Bespoke screen-printed logos, all hand-applied and fired in our on-site workshop and kilns.","Restaurants & Bars",50896,5,"Easy to order and quick",""
"coffeecups.co.uk","Custom printed or plain crockery for every area of the hospitality industry, corporate sector and retail.
No minimum order quantities and huge stock levels.
Bespoke screen-printed logos, all hand-applied and fired in our on-site workshop and kilns.","Restaurants & Bars",50907,4,"Good Quality Product",""
"coffeecups.co.uk","Custom printed or plain crockery for every area of the hospitality industry, corporate sector and retail.
No minimum order quantities and huge stock levels.
Bespoke screen-printed logos, all hand-applied and fired in our on-site workshop and kilns.","Restaurants & Bars",50908,4,"Bought X2 mugs exactly as described",""
"coffeecups.co.uk","Custom printed or plain crockery for every area of the hospitality industry, corporate sector and retail.
No minimum order quantities and huge stock levels.
Bespoke screen-printed logos, all hand-applied and fired in our on-site workshop and kilns.","Restaurants & Bars",50909,4,"Company fine. Delivery expensive",""
"coffeecups.co.uk","Custom printed or plain crockery for every area of the hospitality industry, corporate sector and retail.
No minimum order quantities and huge stock levels.
Bespoke screen-printed logos, all hand-applied and fired in our on-site workshop and kilns.","Restaurants & Bars",50910,4,"Perhaps slightly over packaged for my order",""
"coffeecups.co.uk","Custom printed or plain crockery for every area of the hospitality industry, corporate sector and retail.
No minimum order quantities and huge stock levels.
Bespoke screen-printed logos, all hand-applied and fired in our on-site workshop and kilns.","Restaurants & Bars",50911,4,"Great little espresso cups snd saucers…",""
"coffeecups.co.uk","Custom printed or plain crockery for every area of the hospitality industry, corporate sector and retail.
No minimum order quantities and huge stock levels.
Bespoke screen-printed logos, all hand-applied and fired in our on-site workshop and kilns.","Restaurants & Bars",50912,4,"Just what I wanted .",""
"coffeecups.co.uk","Custom printed or plain crockery for every area of the hospitality industry, corporate sector and retail.
No minimum order quantities and huge stock levels.
Bespoke screen-printed logos, all hand-applied and fired in our on-site workshop and kilns.","Restaurants & Bars",50913,4,"Coffee mugs",""
"coffeecups.co.uk","Custom printed or plain crockery for every area of the hospitality industry, corporate sector and retail.
No minimum order quantities and huge stock levels.
Bespoke screen-printed logos, all hand-applied and fired in our on-site workshop and kilns.","Restaurants & Bars",50914,4,"The cups that I bought are up to my…",""
"coffeecups.co.uk","Custom printed or plain crockery for every area of the hospitality industry, corporate sector and retail.
No minimum order quantities and huge stock levels.
Bespoke screen-printed logos, all hand-applied and fired in our on-site workshop and kilns.","Restaurants & Bars",50915,4,"Nice quality cups of good size",""
"coffeecups.co.uk","Custom printed or plain crockery for every area of the hospitality industry, corporate sector and retail.
No minimum order quantities and huge stock levels.
Bespoke screen-printed logos, all hand-applied and fired in our on-site workshop and kilns.","Restaurants & Bars",50916,4,"As usual",""
"coffeecups.co.uk","Custom printed or plain crockery for every area of the hospitality industry, corporate sector and retail.
No minimum order quantities and huge stock levels.
Bespoke screen-printed logos, all hand-applied and fired in our on-site workshop and kilns.","Restaurants & Bars",50917,4,"Excellent product good price compared…",""
"coffeecups.co.uk","Custom printed or plain crockery for every area of the hospitality industry, corporate sector and retail.
No minimum order quantities and huge stock levels.
Bespoke screen-printed logos, all hand-applied and fired in our on-site workshop and kilns.","Restaurants & Bars",50918,4,"Great service and very well packaged.",""
"coffeecups.co.uk","Custom printed or plain crockery for every area of the hospitality industry, corporate sector and retail.
No minimum order quantities and huge stock levels.
Bespoke screen-printed logos, all hand-applied and fired in our on-site workshop and kilns.","Restaurants & Bars",50919,4,"Pleased with cups",""
"coffeecups.co.uk","Custom printed or plain crockery for every area of the hospitality industry, corporate sector and retail.
No minimum order quantities and huge stock levels.
Bespoke screen-printed logos, all hand-applied and fired in our on-site workshop and kilns.","Restaurants & Bars",50920,4,"very nice quality",""
"coffeecups.co.uk","Custom printed or plain crockery for every area of the hospitality industry, corporate sector and retail.
No minimum order quantities and huge stock levels.
Bespoke screen-printed logos, all hand-applied and fired in our on-site workshop and kilns.","Restaurants & Bars",50921,4,"Quick delivery",""
"coffeecups.co.uk","Custom printed or plain crockery for every area of the hospitality industry, corporate sector and retail.
No minimum order quantities and huge stock levels.
Bespoke screen-printed logos, all hand-applied and fired in our on-site workshop and kilns.","Restaurants & Bars",50922,4,"Good range",""
"coffeecups.co.uk","Custom printed or plain crockery for every area of the hospitality industry, corporate sector and retail.
No minimum order quantities and huge stock levels.
Bespoke screen-printed logos, all hand-applied and fired in our on-site workshop and kilns.","Restaurants & Bars",50923,4,"Love the place, love the coffee and the ambiance!",""
"coffeecups.co.uk","Custom printed or plain crockery for every area of the hospitality industry, corporate sector and retail.
No minimum order quantities and huge stock levels.
Bespoke screen-printed logos, all hand-applied and fired in our on-site workshop and kilns.","Restaurants & Bars",50924,4,"Great Crockery",""
"coffeecups.co.uk","Custom printed or plain crockery for every area of the hospitality industry, corporate sector and retail.
No minimum order quantities and huge stock levels.
Bespoke screen-printed logos, all hand-applied and fired in our on-site workshop and kilns.","Restaurants & Bars",50925,4,"Reliable, friendly and responsive service",""
"coffeecups.co.uk","Custom printed or plain crockery for every area of the hospitality industry, corporate sector and retail.
No minimum order quantities and huge stock levels.
Bespoke screen-printed logos, all hand-applied and fired in our on-site workshop and kilns.","Restaurants & Bars",50926,3,"Good products",""
"coffeecups.co.uk","Custom printed or plain crockery for every area of the hospitality industry, corporate sector and retail.
No minimum order quantities and huge stock levels.
Bespoke screen-printed logos, all hand-applied and fired in our on-site workshop and kilns.","Restaurants & Bars",50927,3,"Excellent Emma ",""
"coffeecups.co.uk","Custom printed or plain crockery for every area of the hospitality industry, corporate sector and retail.
No minimum order quantities and huge stock levels.
Bespoke screen-printed logos, all hand-applied and fired in our on-site workshop and kilns.","Restaurants & Bars",50928,3,"Disappointed with quality",""
"coffeecups.co.uk","Custom printed or plain crockery for every area of the hospitality industry, corporate sector and retail.
No minimum order quantities and huge stock levels.
Bespoke screen-printed logos, all hand-applied and fired in our on-site workshop and kilns.","Restaurants & Bars",50929,3,"Chip on the base",""
"coffeecups.co.uk","Custom printed or plain crockery for every area of the hospitality industry, corporate sector and retail.
No minimum order quantities and huge stock levels.
Bespoke screen-printed logos, all hand-applied and fired in our on-site workshop and kilns.","Restaurants & Bars",50930,3,"Delivery too long",""
"coffeecups.co.uk","Custom printed or plain crockery for every area of the hospitality industry, corporate sector and retail.
No minimum order quantities and huge stock levels.
Bespoke screen-printed logos, all hand-applied and fired in our on-site workshop and kilns.","Restaurants & Bars",50931,3,"Not impressed",""
"coffeecups.co.uk","Custom printed or plain crockery for every area of the hospitality industry, corporate sector and retail.
No minimum order quantities and huge stock levels.
Bespoke screen-printed logos, all hand-applied and fired in our on-site workshop and kilns.","Restaurants & Bars",50932,3,"Received chipped bowl",""
"coffeecups.co.uk","Custom printed or plain crockery for every area of the hospitality industry, corporate sector and retail.
No minimum order quantities and huge stock levels.
Bespoke screen-printed logos, all hand-applied and fired in our on-site workshop and kilns.","Restaurants & Bars",50933,3,"Refunds no problem",""
"coffeecups.co.uk","Custom printed or plain crockery for every area of the hospitality industry, corporate sector and retail.
No minimum order quantities and huge stock levels.
Bespoke screen-printed logos, all hand-applied and fired in our on-site workshop and kilns.","Restaurants & Bars",50934,3,"Cups are nice for the price although…",""
"coffeecups.co.uk","Custom printed or plain crockery for every area of the hospitality industry, corporate sector and retail.
No minimum order quantities and huge stock levels.
Bespoke screen-printed logos, all hand-applied and fired in our on-site workshop and kilns.","Restaurants & Bars",50935,3,"Cappucino cups are very thick and heavy!",""
"coffeecups.co.uk","Custom printed or plain crockery for every area of the hospitality industry, corporate sector and retail.
No minimum order quantities and huge stock levels.
Bespoke screen-printed logos, all hand-applied and fired in our on-site workshop and kilns.","Restaurants & Bars",50936,3,"Good quality but delivery could be…",""
"coffeecups.co.uk","Custom printed or plain crockery for every area of the hospitality industry, corporate sector and retail.
No minimum order quantities and huge stock levels.
Bespoke screen-printed logos, all hand-applied and fired in our on-site workshop and kilns.","Restaurants & Bars",50937,2,"It’s too late I ordered for 10 days and…",""
"coffeecups.co.uk","Custom printed or plain crockery for every area of the hospitality industry, corporate sector and retail.
No minimum order quantities and huge stock levels.
Bespoke screen-printed logos, all hand-applied and fired in our on-site workshop and kilns.","Restaurants & Bars",50938,2,"Unfortunately they use Evri",""
"coffeecups.co.uk","Custom printed or plain crockery for every area of the hospitality industry, corporate sector and retail.
No minimum order quantities and huge stock levels.
Bespoke screen-printed logos, all hand-applied and fired in our on-site workshop and kilns.","Restaurants & Bars",50939,1,"Christmas cups destroyed ",""
"coffeecups.co.uk","Custom printed or plain crockery for every area of the hospitality industry, corporate sector and retail.
No minimum order quantities and huge stock levels.
Bespoke screen-printed logos, all hand-applied and fired in our on-site workshop and kilns.","Restaurants & Bars",50940,1,"We were not satisfied with the 6”…",""
"coffeecups.co.uk","Custom printed or plain crockery for every area of the hospitality industry, corporate sector and retail.
No minimum order quantities and huge stock levels.
Bespoke screen-printed logos, all hand-applied and fired in our on-site workshop and kilns.","Restaurants & Bars",50941,1,"Order not arrived",""
"coffeecups.co.uk","Custom printed or plain crockery for every area of the hospitality industry, corporate sector and retail.
No minimum order quantities and huge stock levels.
Bespoke screen-printed logos, all hand-applied and fired in our on-site workshop and kilns.","Restaurants & Bars",50942,1,"Disappointing",""
"coffeecups.co.uk","Custom printed or plain crockery for every area of the hospitality industry, corporate sector and retail.
No minimum order quantities and huge stock levels.
Bespoke screen-printed logos, all hand-applied and fired in our on-site workshop and kilns.","Restaurants & Bars",50943,1,"Product hasn’t arrived",""
"coffeecups.co.uk","Custom printed or plain crockery for every area of the hospitality industry, corporate sector and retail.
No minimum order quantities and huge stock levels.
Bespoke screen-printed logos, all hand-applied and fired in our on-site workshop and kilns.","Restaurants & Bars",50944,1,"Still waiting!",""
"coffeecups.co.uk","Custom printed or plain crockery for every area of the hospitality industry, corporate sector and retail.
No minimum order quantities and huge stock levels.
Bespoke screen-printed logos, all hand-applied and fired in our on-site workshop and kilns.","Restaurants & Bars",50945,1,"Where is my package?",""
"coffeecups.co.uk","Custom printed or plain crockery for every area of the hospitality industry, corporate sector and retail.
No minimum order quantities and huge stock levels.
Bespoke screen-printed logos, all hand-applied and fired in our on-site workshop and kilns.","Restaurants & Bars",50946,1,"Had credit account removed after they…",""
"www.nisbets.co.uk","Nisbets is Europe's leading supplier of catering equipment, boasting over 40 years’ experience serving the catering industry. With our next-day delivery promise and an extensive product range that includes over 33,000 items ranging from chef clothing, knives, and utensils to cooking machines and refrigeration units, we are the top choice for hundreds of thousands of customers worldwide. At Nisbets we pride ourselves on providing top-quality products at competitive prices, ensuring that businesses can find everything they need to run a successful kitchen. Our knowledgeable customer service team is always on hand to offer advice and support, making the shopping experience seamless and stress-free. Whether you're a small café or a large restaurant chain, we have the expertise and resources to meet your catering equipment needs.","Restaurants & Bars",50950,5,"Consistently excellent service",""
"www.nisbets.co.uk","Nisbets is Europe's leading supplier of catering equipment, boasting over 40 years’ experience serving the catering industry. With our next-day delivery promise and an extensive product range that includes over 33,000 items ranging from chef clothing, knives, and utensils to cooking machines and refrigeration units, we are the top choice for hundreds of thousands of customers worldwide. At Nisbets we pride ourselves on providing top-quality products at competitive prices, ensuring that businesses can find everything they need to run a successful kitchen. Our knowledgeable customer service team is always on hand to offer advice and support, making the shopping experience seamless and stress-free. Whether you're a small café or a large restaurant chain, we have the expertise and resources to meet your catering equipment needs.","Restaurants & Bars",50951,5,"Great personal service ",""
"www.nisbets.co.uk","Nisbets is Europe's leading supplier of catering equipment, boasting over 40 years’ experience serving the catering industry. With our next-day delivery promise and an extensive product range that includes over 33,000 items ranging from chef clothing, knives, and utensils to cooking machines and refrigeration units, we are the top choice for hundreds of thousands of customers worldwide. At Nisbets we pride ourselves on providing top-quality products at competitive prices, ensuring that businesses can find everything they need to run a successful kitchen. Our knowledgeable customer service team is always on hand to offer advice and support, making the shopping experience seamless and stress-free. Whether you're a small café or a large restaurant chain, we have the expertise and resources to meet your catering equipment needs.","Restaurants & Bars",50952,5,"Replaced a Faulty burner head",""
"www.nisbets.co.uk","Nisbets is Europe's leading supplier of catering equipment, boasting over 40 years’ experience serving the catering industry. With our next-day delivery promise and an extensive product range that includes over 33,000 items ranging from chef clothing, knives, and utensils to cooking machines and refrigeration units, we are the top choice for hundreds of thousands of customers worldwide. At Nisbets we pride ourselves on providing top-quality products at competitive prices, ensuring that businesses can find everything they need to run a successful kitchen. Our knowledgeable customer service team is always on hand to offer advice and support, making the shopping experience seamless and stress-free. Whether you're a small café or a large restaurant chain, we have the expertise and resources to meet your catering equipment needs.","Restaurants & Bars",50953,5,"First class from order to delivery",""
"www.nisbets.co.uk","Nisbets is Europe's leading supplier of catering equipment, boasting over 40 years’ experience serving the catering industry. With our next-day delivery promise and an extensive product range that includes over 33,000 items ranging from chef clothing, knives, and utensils to cooking machines and refrigeration units, we are the top choice for hundreds of thousands of customers worldwide. At Nisbets we pride ourselves on providing top-quality products at competitive prices, ensuring that businesses can find everything they need to run a successful kitchen. Our knowledgeable customer service team is always on hand to offer advice and support, making the shopping experience seamless and stress-free. Whether you're a small café or a large restaurant chain, we have the expertise and resources to meet your catering equipment needs.","Restaurants & Bars",50954,5,"Fantastic customer service ",""
"www.nisbets.co.uk","Nisbets is Europe's leading supplier of catering equipment, boasting over 40 years’ experience serving the catering industry. With our next-day delivery promise and an extensive product range that includes over 33,000 items ranging from chef clothing, knives, and utensils to cooking machines and refrigeration units, we are the top choice for hundreds of thousands of customers worldwide. At Nisbets we pride ourselves on providing top-quality products at competitive prices, ensuring that businesses can find everything they need to run a successful kitchen. Our knowledgeable customer service team is always on hand to offer advice and support, making the shopping experience seamless and stress-free. Whether you're a small café or a large restaurant chain, we have the expertise and resources to meet your catering equipment needs.","Restaurants & Bars",50955,5,"Great customer service and delivery…",""
"www.nisbets.co.uk","Nisbets is Europe's leading supplier of catering equipment, boasting over 40 years’ experience serving the catering industry. With our next-day delivery promise and an extensive product range that includes over 33,000 items ranging from chef clothing, knives, and utensils to cooking machines and refrigeration units, we are the top choice for hundreds of thousands of customers worldwide. At Nisbets we pride ourselves on providing top-quality products at competitive prices, ensuring that businesses can find everything they need to run a successful kitchen. Our knowledgeable customer service team is always on hand to offer advice and support, making the shopping experience seamless and stress-free. Whether you're a small café or a large restaurant chain, we have the expertise and resources to meet your catering equipment needs.","Restaurants & Bars",50956,5,"Great service",""
"www.nisbets.co.uk","Nisbets is Europe's leading supplier of catering equipment, boasting over 40 years’ experience serving the catering industry. With our next-day delivery promise and an extensive product range that includes over 33,000 items ranging from chef clothing, knives, and utensils to cooking machines and refrigeration units, we are the top choice for hundreds of thousands of customers worldwide. At Nisbets we pride ourselves on providing top-quality products at competitive prices, ensuring that businesses can find everything they need to run a successful kitchen. Our knowledgeable customer service team is always on hand to offer advice and support, making the shopping experience seamless and stress-free. Whether you're a small café or a large restaurant chain, we have the expertise and resources to meet your catering equipment needs.","Restaurants & Bars",50957,5,"Ordered a black toaster got a red one.…",""
"www.nisbets.co.uk","Nisbets is Europe's leading supplier of catering equipment, boasting over 40 years’ experience serving the catering industry. With our next-day delivery promise and an extensive product range that includes over 33,000 items ranging from chef clothing, knives, and utensils to cooking machines and refrigeration units, we are the top choice for hundreds of thousands of customers worldwide. At Nisbets we pride ourselves on providing top-quality products at competitive prices, ensuring that businesses can find everything they need to run a successful kitchen. Our knowledgeable customer service team is always on hand to offer advice and support, making the shopping experience seamless and stress-free. Whether you're a small café or a large restaurant chain, we have the expertise and resources to meet your catering equipment needs.","Restaurants & Bars",50958,5,"Recommend Nisbets for sure",""
"www.nisbets.co.uk","Nisbets is Europe's leading supplier of catering equipment, boasting over 40 years’ experience serving the catering industry. With our next-day delivery promise and an extensive product range that includes over 33,000 items ranging from chef clothing, knives, and utensils to cooking machines and refrigeration units, we are the top choice for hundreds of thousands of customers worldwide. At Nisbets we pride ourselves on providing top-quality products at competitive prices, ensuring that businesses can find everything they need to run a successful kitchen. Our knowledgeable customer service team is always on hand to offer advice and support, making the shopping experience seamless and stress-free. Whether you're a small café or a large restaurant chain, we have the expertise and resources to meet your catering equipment needs.","Restaurants & Bars",50959,5,"5 stars",""
"www.nisbets.co.uk","Nisbets is Europe's leading supplier of catering equipment, boasting over 40 years’ experience serving the catering industry. With our next-day delivery promise and an extensive product range that includes over 33,000 items ranging from chef clothing, knives, and utensils to cooking machines and refrigeration units, we are the top choice for hundreds of thousands of customers worldwide. At Nisbets we pride ourselves on providing top-quality products at competitive prices, ensuring that businesses can find everything they need to run a successful kitchen. Our knowledgeable customer service team is always on hand to offer advice and support, making the shopping experience seamless and stress-free. Whether you're a small café or a large restaurant chain, we have the expertise and resources to meet your catering equipment needs.","Restaurants & Bars",50970,4,"Good customer service",""
"www.nisbets.co.uk","Nisbets is Europe's leading supplier of catering equipment, boasting over 40 years’ experience serving the catering industry. With our next-day delivery promise and an extensive product range that includes over 33,000 items ranging from chef clothing, knives, and utensils to cooking machines and refrigeration units, we are the top choice for hundreds of thousands of customers worldwide. At Nisbets we pride ourselves on providing top-quality products at competitive prices, ensuring that businesses can find everything they need to run a successful kitchen. Our knowledgeable customer service team is always on hand to offer advice and support, making the shopping experience seamless and stress-free. Whether you're a small café or a large restaurant chain, we have the expertise and resources to meet your catering equipment needs.","Restaurants & Bars",50971,4,"Help needed",""
"www.nisbets.co.uk","Nisbets is Europe's leading supplier of catering equipment, boasting over 40 years’ experience serving the catering industry. With our next-day delivery promise and an extensive product range that includes over 33,000 items ranging from chef clothing, knives, and utensils to cooking machines and refrigeration units, we are the top choice for hundreds of thousands of customers worldwide. At Nisbets we pride ourselves on providing top-quality products at competitive prices, ensuring that businesses can find everything they need to run a successful kitchen. Our knowledgeable customer service team is always on hand to offer advice and support, making the shopping experience seamless and stress-free. Whether you're a small café or a large restaurant chain, we have the expertise and resources to meet your catering equipment needs.","Restaurants & Bars",50972,4,"Bulk of order went well, but one part materially delayed. Now resolved.",""
"www.nisbets.co.uk","Nisbets is Europe's leading supplier of catering equipment, boasting over 40 years’ experience serving the catering industry. With our next-day delivery promise and an extensive product range that includes over 33,000 items ranging from chef clothing, knives, and utensils to cooking machines and refrigeration units, we are the top choice for hundreds of thousands of customers worldwide. At Nisbets we pride ourselves on providing top-quality products at competitive prices, ensuring that businesses can find everything they need to run a successful kitchen. Our knowledgeable customer service team is always on hand to offer advice and support, making the shopping experience seamless and stress-free. Whether you're a small café or a large restaurant chain, we have the expertise and resources to meet your catering equipment needs.","Restaurants & Bars",50973,4,"Almost excellent service",""
"www.nisbets.co.uk","Nisbets is Europe's leading supplier of catering equipment, boasting over 40 years’ experience serving the catering industry. With our next-day delivery promise and an extensive product range that includes over 33,000 items ranging from chef clothing, knives, and utensils to cooking machines and refrigeration units, we are the top choice for hundreds of thousands of customers worldwide. At Nisbets we pride ourselves on providing top-quality products at competitive prices, ensuring that businesses can find everything they need to run a successful kitchen. Our knowledgeable customer service team is always on hand to offer advice and support, making the shopping experience seamless and stress-free. Whether you're a small café or a large restaurant chain, we have the expertise and resources to meet your catering equipment needs.","Restaurants & Bars",50974,4,"Great range of things I need",""
"www.nisbets.co.uk","Nisbets is Europe's leading supplier of catering equipment, boasting over 40 years’ experience serving the catering industry. With our next-day delivery promise and an extensive product range that includes over 33,000 items ranging from chef clothing, knives, and utensils to cooking machines and refrigeration units, we are the top choice for hundreds of thousands of customers worldwide. At Nisbets we pride ourselves on providing top-quality products at competitive prices, ensuring that businesses can find everything they need to run a successful kitchen. Our knowledgeable customer service team is always on hand to offer advice and support, making the shopping experience seamless and stress-free. Whether you're a small café or a large restaurant chain, we have the expertise and resources to meet your catering equipment needs.","Restaurants & Bars",50975,4,"We ordered 96 pint glasses and 96 half…",""
"www.nisbets.co.uk","Nisbets is Europe's leading supplier of catering equipment, boasting over 40 years’ experience serving the catering industry. With our next-day delivery promise and an extensive product range that includes over 33,000 items ranging from chef clothing, knives, and utensils to cooking machines and refrigeration units, we are the top choice for hundreds of thousands of customers worldwide. At Nisbets we pride ourselves on providing top-quality products at competitive prices, ensuring that businesses can find everything they need to run a successful kitchen. Our knowledgeable customer service team is always on hand to offer advice and support, making the shopping experience seamless and stress-free. Whether you're a small café or a large restaurant chain, we have the expertise and resources to meet your catering equipment needs.","Restaurants & Bars",50976,4,"Really easy ordering",""
"www.nisbets.co.uk","Nisbets is Europe's leading supplier of catering equipment, boasting over 40 years’ experience serving the catering industry. With our next-day delivery promise and an extensive product range that includes over 33,000 items ranging from chef clothing, knives, and utensils to cooking machines and refrigeration units, we are the top choice for hundreds of thousands of customers worldwide. At Nisbets we pride ourselves on providing top-quality products at competitive prices, ensuring that businesses can find everything they need to run a successful kitchen. Our knowledgeable customer service team is always on hand to offer advice and support, making the shopping experience seamless and stress-free. Whether you're a small café or a large restaurant chain, we have the expertise and resources to meet your catering equipment needs.","Restaurants & Bars",50977,4,"It was okay ",""
"www.nisbets.co.uk","Nisbets is Europe's leading supplier of catering equipment, boasting over 40 years’ experience serving the catering industry. With our next-day delivery promise and an extensive product range that includes over 33,000 items ranging from chef clothing, knives, and utensils to cooking machines and refrigeration units, we are the top choice for hundreds of thousands of customers worldwide. At Nisbets we pride ourselves on providing top-quality products at competitive prices, ensuring that businesses can find everything they need to run a successful kitchen. Our knowledgeable customer service team is always on hand to offer advice and support, making the shopping experience seamless and stress-free. Whether you're a small café or a large restaurant chain, we have the expertise and resources to meet your catering equipment needs.","Restaurants & Bars",50978,4,"Happy with quality",""
"www.nisbets.co.uk","Nisbets is Europe's leading supplier of catering equipment, boasting over 40 years’ experience serving the catering industry. With our next-day delivery promise and an extensive product range that includes over 33,000 items ranging from chef clothing, knives, and utensils to cooking machines and refrigeration units, we are the top choice for hundreds of thousands of customers worldwide. At Nisbets we pride ourselves on providing top-quality products at competitive prices, ensuring that businesses can find everything they need to run a successful kitchen. Our knowledgeable customer service team is always on hand to offer advice and support, making the shopping experience seamless and stress-free. Whether you're a small café or a large restaurant chain, we have the expertise and resources to meet your catering equipment needs.","Restaurants & Bars",50979,4,"Great service ",""
"www.nisbets.co.uk","Nisbets is Europe's leading supplier of catering equipment, boasting over 40 years’ experience serving the catering industry. With our next-day delivery promise and an extensive product range that includes over 33,000 items ranging from chef clothing, knives, and utensils to cooking machines and refrigeration units, we are the top choice for hundreds of thousands of customers worldwide. At Nisbets we pride ourselves on providing top-quality products at competitive prices, ensuring that businesses can find everything they need to run a successful kitchen. Our knowledgeable customer service team is always on hand to offer advice and support, making the shopping experience seamless and stress-free. Whether you're a small café or a large restaurant chain, we have the expertise and resources to meet your catering equipment needs.","Restaurants & Bars",50980,4,"Fuss free and efficient",""
"www.nisbets.co.uk","Nisbets is Europe's leading supplier of catering equipment, boasting over 40 years’ experience serving the catering industry. With our next-day delivery promise and an extensive product range that includes over 33,000 items ranging from chef clothing, knives, and utensils to cooking machines and refrigeration units, we are the top choice for hundreds of thousands of customers worldwide. At Nisbets we pride ourselves on providing top-quality products at competitive prices, ensuring that businesses can find everything they need to run a successful kitchen. Our knowledgeable customer service team is always on hand to offer advice and support, making the shopping experience seamless and stress-free. Whether you're a small café or a large restaurant chain, we have the expertise and resources to meet your catering equipment needs.","Restaurants & Bars",50981,4,"GOOD COMPANY, FRUSTRATING DELIVERY.",""
"www.nisbets.co.uk","Nisbets is Europe's leading supplier of catering equipment, boasting over 40 years’ experience serving the catering industry. With our next-day delivery promise and an extensive product range that includes over 33,000 items ranging from chef clothing, knives, and utensils to cooking machines and refrigeration units, we are the top choice for hundreds of thousands of customers worldwide. At Nisbets we pride ourselves on providing top-quality products at competitive prices, ensuring that businesses can find everything they need to run a successful kitchen. Our knowledgeable customer service team is always on hand to offer advice and support, making the shopping experience seamless and stress-free. Whether you're a small café or a large restaurant chain, we have the expertise and resources to meet your catering equipment needs.","Restaurants & Bars",50982,4,"Nice Staff, Good Products",""
"www.nisbets.co.uk","Nisbets is Europe's leading supplier of catering equipment, boasting over 40 years’ experience serving the catering industry. With our next-day delivery promise and an extensive product range that includes over 33,000 items ranging from chef clothing, knives, and utensils to cooking machines and refrigeration units, we are the top choice for hundreds of thousands of customers worldwide. At Nisbets we pride ourselves on providing top-quality products at competitive prices, ensuring that businesses can find everything they need to run a successful kitchen. Our knowledgeable customer service team is always on hand to offer advice and support, making the shopping experience seamless and stress-free. Whether you're a small café or a large restaurant chain, we have the expertise and resources to meet your catering equipment needs.","Restaurants & Bars",50983,4,"I ordered a cheap £6 frying thermometer…",""
"www.nisbets.co.uk","Nisbets is Europe's leading supplier of catering equipment, boasting over 40 years’ experience serving the catering industry. With our next-day delivery promise and an extensive product range that includes over 33,000 items ranging from chef clothing, knives, and utensils to cooking machines and refrigeration units, we are the top choice for hundreds of thousands of customers worldwide. At Nisbets we pride ourselves on providing top-quality products at competitive prices, ensuring that businesses can find everything they need to run a successful kitchen. Our knowledgeable customer service team is always on hand to offer advice and support, making the shopping experience seamless and stress-free. Whether you're a small café or a large restaurant chain, we have the expertise and resources to meet your catering equipment needs.","Restaurants & Bars",50984,4,"Small delivery came in two packets",""
"www.nisbets.co.uk","Nisbets is Europe's leading supplier of catering equipment, boasting over 40 years’ experience serving the catering industry. With our next-day delivery promise and an extensive product range that includes over 33,000 items ranging from chef clothing, knives, and utensils to cooking machines and refrigeration units, we are the top choice for hundreds of thousands of customers worldwide. At Nisbets we pride ourselves on providing top-quality products at competitive prices, ensuring that businesses can find everything they need to run a successful kitchen. Our knowledgeable customer service team is always on hand to offer advice and support, making the shopping experience seamless and stress-free. Whether you're a small café or a large restaurant chain, we have the expertise and resources to meet your catering equipment needs.","Restaurants & Bars",50985,4,"My rating would've been 5 stars had the…",""
"www.nisbets.co.uk","Nisbets is Europe's leading supplier of catering equipment, boasting over 40 years’ experience serving the catering industry. With our next-day delivery promise and an extensive product range that includes over 33,000 items ranging from chef clothing, knives, and utensils to cooking machines and refrigeration units, we are the top choice for hundreds of thousands of customers worldwide. At Nisbets we pride ourselves on providing top-quality products at competitive prices, ensuring that businesses can find everything they need to run a successful kitchen. Our knowledgeable customer service team is always on hand to offer advice and support, making the shopping experience seamless and stress-free. Whether you're a small café or a large restaurant chain, we have the expertise and resources to meet your catering equipment needs.","Restaurants & Bars",50986,4,"On time delivery",""
"www.nisbets.co.uk","Nisbets is Europe's leading supplier of catering equipment, boasting over 40 years’ experience serving the catering industry. With our next-day delivery promise and an extensive product range that includes over 33,000 items ranging from chef clothing, knives, and utensils to cooking machines and refrigeration units, we are the top choice for hundreds of thousands of customers worldwide. At Nisbets we pride ourselves on providing top-quality products at competitive prices, ensuring that businesses can find everything they need to run a successful kitchen. Our knowledgeable customer service team is always on hand to offer advice and support, making the shopping experience seamless and stress-free. Whether you're a small café or a large restaurant chain, we have the expertise and resources to meet your catering equipment needs.","Restaurants & Bars",50987,4,"Centrefeed roll",""
"www.nisbets.co.uk","Nisbets is Europe's leading supplier of catering equipment, boasting over 40 years’ experience serving the catering industry. With our next-day delivery promise and an extensive product range that includes over 33,000 items ranging from chef clothing, knives, and utensils to cooking machines and refrigeration units, we are the top choice for hundreds of thousands of customers worldwide. At Nisbets we pride ourselves on providing top-quality products at competitive prices, ensuring that businesses can find everything they need to run a successful kitchen. Our knowledgeable customer service team is always on hand to offer advice and support, making the shopping experience seamless and stress-free. Whether you're a small café or a large restaurant chain, we have the expertise and resources to meet your catering equipment needs.","Restaurants & Bars",50988,4,"Prompt delivery and good prices",""
"www.nisbets.co.uk","Nisbets is Europe's leading supplier of catering equipment, boasting over 40 years’ experience serving the catering industry. With our next-day delivery promise and an extensive product range that includes over 33,000 items ranging from chef clothing, knives, and utensils to cooking machines and refrigeration units, we are the top choice for hundreds of thousands of customers worldwide. At Nisbets we pride ourselves on providing top-quality products at competitive prices, ensuring that businesses can find everything they need to run a successful kitchen. Our knowledgeable customer service team is always on hand to offer advice and support, making the shopping experience seamless and stress-free. Whether you're a small café or a large restaurant chain, we have the expertise and resources to meet your catering equipment needs.","Restaurants & Bars",50989,4,"Delivery was on time and guys were very…",""
"www.nisbets.co.uk","Nisbets is Europe's leading supplier of catering equipment, boasting over 40 years’ experience serving the catering industry. With our next-day delivery promise and an extensive product range that includes over 33,000 items ranging from chef clothing, knives, and utensils to cooking machines and refrigeration units, we are the top choice for hundreds of thousands of customers worldwide. At Nisbets we pride ourselves on providing top-quality products at competitive prices, ensuring that businesses can find everything they need to run a successful kitchen. Our knowledgeable customer service team is always on hand to offer advice and support, making the shopping experience seamless and stress-free. Whether you're a small café or a large restaurant chain, we have the expertise and resources to meet your catering equipment needs.","Restaurants & Bars",50990,3,"Delayed Delivery",""
"www.nisbets.co.uk","Nisbets is Europe's leading supplier of catering equipment, boasting over 40 years’ experience serving the catering industry. With our next-day delivery promise and an extensive product range that includes over 33,000 items ranging from chef clothing, knives, and utensils to cooking machines and refrigeration units, we are the top choice for hundreds of thousands of customers worldwide. At Nisbets we pride ourselves on providing top-quality products at competitive prices, ensuring that businesses can find everything they need to run a successful kitchen. Our knowledgeable customer service team is always on hand to offer advice and support, making the shopping experience seamless and stress-free. Whether you're a small café or a large restaurant chain, we have the expertise and resources to meet your catering equipment needs.","Restaurants & Bars",50991,3,"Okay experience generally",""
"www.nisbets.co.uk","Nisbets is Europe's leading supplier of catering equipment, boasting over 40 years’ experience serving the catering industry. With our next-day delivery promise and an extensive product range that includes over 33,000 items ranging from chef clothing, knives, and utensils to cooking machines and refrigeration units, we are the top choice for hundreds of thousands of customers worldwide. At Nisbets we pride ourselves on providing top-quality products at competitive prices, ensuring that businesses can find everything they need to run a successful kitchen. Our knowledgeable customer service team is always on hand to offer advice and support, making the shopping experience seamless and stress-free. Whether you're a small café or a large restaurant chain, we have the expertise and resources to meet your catering equipment needs.","Restaurants & Bars",50992,3,"slow response to issues",""
"www.nisbets.co.uk","Nisbets is Europe's leading supplier of catering equipment, boasting over 40 years’ experience serving the catering industry. With our next-day delivery promise and an extensive product range that includes over 33,000 items ranging from chef clothing, knives, and utensils to cooking machines and refrigeration units, we are the top choice for hundreds of thousands of customers worldwide. At Nisbets we pride ourselves on providing top-quality products at competitive prices, ensuring that businesses can find everything they need to run a successful kitchen. Our knowledgeable customer service team is always on hand to offer advice and support, making the shopping experience seamless and stress-free. Whether you're a small café or a large restaurant chain, we have the expertise and resources to meet your catering equipment needs.","Restaurants & Bars",50993,3,"Too long to wait ",""
"www.nisbets.co.uk","Nisbets is Europe's leading supplier of catering equipment, boasting over 40 years’ experience serving the catering industry. With our next-day delivery promise and an extensive product range that includes over 33,000 items ranging from chef clothing, knives, and utensils to cooking machines and refrigeration units, we are the top choice for hundreds of thousands of customers worldwide. At Nisbets we pride ourselves on providing top-quality products at competitive prices, ensuring that businesses can find everything they need to run a successful kitchen. Our knowledgeable customer service team is always on hand to offer advice and support, making the shopping experience seamless and stress-free. Whether you're a small café or a large restaurant chain, we have the expertise and resources to meet your catering equipment needs.","Restaurants & Bars",50994,3,"One item missing from order",""
"www.nisbets.co.uk","Nisbets is Europe's leading supplier of catering equipment, boasting over 40 years’ experience serving the catering industry. With our next-day delivery promise and an extensive product range that includes over 33,000 items ranging from chef clothing, knives, and utensils to cooking machines and refrigeration units, we are the top choice for hundreds of thousands of customers worldwide. At Nisbets we pride ourselves on providing top-quality products at competitive prices, ensuring that businesses can find everything they need to run a successful kitchen. Our knowledgeable customer service team is always on hand to offer advice and support, making the shopping experience seamless and stress-free. Whether you're a small café or a large restaurant chain, we have the expertise and resources to meet your catering equipment needs.","Restaurants & Bars",50995,3,"Ordered new cutlary on 2nd Dec for our…",""
"www.nisbets.co.uk","Nisbets is Europe's leading supplier of catering equipment, boasting over 40 years’ experience serving the catering industry. With our next-day delivery promise and an extensive product range that includes over 33,000 items ranging from chef clothing, knives, and utensils to cooking machines and refrigeration units, we are the top choice for hundreds of thousands of customers worldwide. At Nisbets we pride ourselves on providing top-quality products at competitive prices, ensuring that businesses can find everything they need to run a successful kitchen. Our knowledgeable customer service team is always on hand to offer advice and support, making the shopping experience seamless and stress-free. Whether you're a small café or a large restaurant chain, we have the expertise and resources to meet your catering equipment needs.","Restaurants & Bars",50996,3,"Good but an irritation",""
"www.nisbets.co.uk","Nisbets is Europe's leading supplier of catering equipment, boasting over 40 years’ experience serving the catering industry. With our next-day delivery promise and an extensive product range that includes over 33,000 items ranging from chef clothing, knives, and utensils to cooking machines and refrigeration units, we are the top choice for hundreds of thousands of customers worldwide. At Nisbets we pride ourselves on providing top-quality products at competitive prices, ensuring that businesses can find everything they need to run a successful kitchen. Our knowledgeable customer service team is always on hand to offer advice and support, making the shopping experience seamless and stress-free. Whether you're a small café or a large restaurant chain, we have the expertise and resources to meet your catering equipment needs.","Restaurants & Bars",50997,3,"Excellent service but disappointed regards delvery cost.",""
"www.nisbets.co.uk","Nisbets is Europe's leading supplier of catering equipment, boasting over 40 years’ experience serving the catering industry. With our next-day delivery promise and an extensive product range that includes over 33,000 items ranging from chef clothing, knives, and utensils to cooking machines and refrigeration units, we are the top choice for hundreds of thousands of customers worldwide. At Nisbets we pride ourselves on providing top-quality products at competitive prices, ensuring that businesses can find everything they need to run a successful kitchen. Our knowledgeable customer service team is always on hand to offer advice and support, making the shopping experience seamless and stress-free. Whether you're a small café or a large restaurant chain, we have the expertise and resources to meet your catering equipment needs.","Restaurants & Bars",50998,3,"Website doesn't match the product",""
"www.nisbets.co.uk","Nisbets is Europe's leading supplier of catering equipment, boasting over 40 years’ experience serving the catering industry. With our next-day delivery promise and an extensive product range that includes over 33,000 items ranging from chef clothing, knives, and utensils to cooking machines and refrigeration units, we are the top choice for hundreds of thousands of customers worldwide. At Nisbets we pride ourselves on providing top-quality products at competitive prices, ensuring that businesses can find everything they need to run a successful kitchen. Our knowledgeable customer service team is always on hand to offer advice and support, making the shopping experience seamless and stress-free. Whether you're a small café or a large restaurant chain, we have the expertise and resources to meet your catering equipment needs.","Restaurants & Bars",50999,3,"Straightforward Ordering, awkward delivery!",""
"www.nisbets.co.uk","Nisbets is Europe's leading supplier of catering equipment, boasting over 40 years’ experience serving the catering industry. With our next-day delivery promise and an extensive product range that includes over 33,000 items ranging from chef clothing, knives, and utensils to cooking machines and refrigeration units, we are the top choice for hundreds of thousands of customers worldwide. At Nisbets we pride ourselves on providing top-quality products at competitive prices, ensuring that businesses can find everything they need to run a successful kitchen. Our knowledgeable customer service team is always on hand to offer advice and support, making the shopping experience seamless and stress-free. Whether you're a small café or a large restaurant chain, we have the expertise and resources to meet your catering equipment needs.","Restaurants & Bars",51000,3,"Ordering straightforward but.....",""
"www.nisbets.co.uk","Nisbets is Europe's leading supplier of catering equipment, boasting over 40 years’ experience serving the catering industry. With our next-day delivery promise and an extensive product range that includes over 33,000 items ranging from chef clothing, knives, and utensils to cooking machines and refrigeration units, we are the top choice for hundreds of thousands of customers worldwide. At Nisbets we pride ourselves on providing top-quality products at competitive prices, ensuring that businesses can find everything they need to run a successful kitchen. Our knowledgeable customer service team is always on hand to offer advice and support, making the shopping experience seamless and stress-free. Whether you're a small café or a large restaurant chain, we have the expertise and resources to meet your catering equipment needs.","Restaurants & Bars",51001,3,"Still awaiting main item",""
"www.nisbets.co.uk","Nisbets is Europe's leading supplier of catering equipment, boasting over 40 years’ experience serving the catering industry. With our next-day delivery promise and an extensive product range that includes over 33,000 items ranging from chef clothing, knives, and utensils to cooking machines and refrigeration units, we are the top choice for hundreds of thousands of customers worldwide. At Nisbets we pride ourselves on providing top-quality products at competitive prices, ensuring that businesses can find everything they need to run a successful kitchen. Our knowledgeable customer service team is always on hand to offer advice and support, making the shopping experience seamless and stress-free. Whether you're a small café or a large restaurant chain, we have the expertise and resources to meet your catering equipment needs.","Restaurants & Bars",51002,3,"Nisbets service very good as normal.",""
"www.nisbets.co.uk","Nisbets is Europe's leading supplier of catering equipment, boasting over 40 years’ experience serving the catering industry. With our next-day delivery promise and an extensive product range that includes over 33,000 items ranging from chef clothing, knives, and utensils to cooking machines and refrigeration units, we are the top choice for hundreds of thousands of customers worldwide. At Nisbets we pride ourselves on providing top-quality products at competitive prices, ensuring that businesses can find everything they need to run a successful kitchen. Our knowledgeable customer service team is always on hand to offer advice and support, making the shopping experience seamless and stress-free. Whether you're a small café or a large restaurant chain, we have the expertise and resources to meet your catering equipment needs.","Restaurants & Bars",51003,3,"Only part order",""
"www.nisbets.co.uk","Nisbets is Europe's leading supplier of catering equipment, boasting over 40 years’ experience serving the catering industry. With our next-day delivery promise and an extensive product range that includes over 33,000 items ranging from chef clothing, knives, and utensils to cooking machines and refrigeration units, we are the top choice for hundreds of thousands of customers worldwide. At Nisbets we pride ourselves on providing top-quality products at competitive prices, ensuring that businesses can find everything they need to run a successful kitchen. Our knowledgeable customer service team is always on hand to offer advice and support, making the shopping experience seamless and stress-free. Whether you're a small café or a large restaurant chain, we have the expertise and resources to meet your catering equipment needs.","Restaurants & Bars",51004,3,"STOP USING PARCELFORCE",""
"www.nisbets.co.uk","Nisbets is Europe's leading supplier of catering equipment, boasting over 40 years’ experience serving the catering industry. With our next-day delivery promise and an extensive product range that includes over 33,000 items ranging from chef clothing, knives, and utensils to cooking machines and refrigeration units, we are the top choice for hundreds of thousands of customers worldwide. At Nisbets we pride ourselves on providing top-quality products at competitive prices, ensuring that businesses can find everything they need to run a successful kitchen. Our knowledgeable customer service team is always on hand to offer advice and support, making the shopping experience seamless and stress-free. Whether you're a small café or a large restaurant chain, we have the expertise and resources to meet your catering equipment needs.","Restaurants & Bars",51005,3,"Good - apart from the packaging",""
"www.nisbets.co.uk","Nisbets is Europe's leading supplier of catering equipment, boasting over 40 years’ experience serving the catering industry. With our next-day delivery promise and an extensive product range that includes over 33,000 items ranging from chef clothing, knives, and utensils to cooking machines and refrigeration units, we are the top choice for hundreds of thousands of customers worldwide. At Nisbets we pride ourselves on providing top-quality products at competitive prices, ensuring that businesses can find everything they need to run a successful kitchen. Our knowledgeable customer service team is always on hand to offer advice and support, making the shopping experience seamless and stress-free. Whether you're a small café or a large restaurant chain, we have the expertise and resources to meet your catering equipment needs.","Restaurants & Bars",51006,3,"Polar display fridge ",""
"www.nisbets.co.uk","Nisbets is Europe's leading supplier of catering equipment, boasting over 40 years’ experience serving the catering industry. With our next-day delivery promise and an extensive product range that includes over 33,000 items ranging from chef clothing, knives, and utensils to cooking machines and refrigeration units, we are the top choice for hundreds of thousands of customers worldwide. At Nisbets we pride ourselves on providing top-quality products at competitive prices, ensuring that businesses can find everything they need to run a successful kitchen. Our knowledgeable customer service team is always on hand to offer advice and support, making the shopping experience seamless and stress-free. Whether you're a small café or a large restaurant chain, we have the expertise and resources to meet your catering equipment needs.","Restaurants & Bars",51007,3," Check product is what you want",""
"www.nisbets.co.uk","Nisbets is Europe's leading supplier of catering equipment, boasting over 40 years’ experience serving the catering industry. With our next-day delivery promise and an extensive product range that includes over 33,000 items ranging from chef clothing, knives, and utensils to cooking machines and refrigeration units, we are the top choice for hundreds of thousands of customers worldwide. At Nisbets we pride ourselves on providing top-quality products at competitive prices, ensuring that businesses can find everything they need to run a successful kitchen. Our knowledgeable customer service team is always on hand to offer advice and support, making the shopping experience seamless and stress-free. Whether you're a small café or a large restaurant chain, we have the expertise and resources to meet your catering equipment needs.","Restaurants & Bars",51008,3,"Late delivery ",""
"www.nisbets.co.uk","Nisbets is Europe's leading supplier of catering equipment, boasting over 40 years’ experience serving the catering industry. With our next-day delivery promise and an extensive product range that includes over 33,000 items ranging from chef clothing, knives, and utensils to cooking machines and refrigeration units, we are the top choice for hundreds of thousands of customers worldwide. At Nisbets we pride ourselves on providing top-quality products at competitive prices, ensuring that businesses can find everything they need to run a successful kitchen. Our knowledgeable customer service team is always on hand to offer advice and support, making the shopping experience seamless and stress-free. Whether you're a small café or a large restaurant chain, we have the expertise and resources to meet your catering equipment needs.","Restaurants & Bars",51009,3,"First fridge delivered was unpacked to…",""
"www.nisbets.co.uk","Nisbets is Europe's leading supplier of catering equipment, boasting over 40 years’ experience serving the catering industry. With our next-day delivery promise and an extensive product range that includes over 33,000 items ranging from chef clothing, knives, and utensils to cooking machines and refrigeration units, we are the top choice for hundreds of thousands of customers worldwide. At Nisbets we pride ourselves on providing top-quality products at competitive prices, ensuring that businesses can find everything they need to run a successful kitchen. Our knowledgeable customer service team is always on hand to offer advice and support, making the shopping experience seamless and stress-free. Whether you're a small café or a large restaurant chain, we have the expertise and resources to meet your catering equipment needs.","Restaurants & Bars",51010,2,"Paid £10 extra to get the product…",""
"www.nisbets.co.uk","Nisbets is Europe's leading supplier of catering equipment, boasting over 40 years’ experience serving the catering industry. With our next-day delivery promise and an extensive product range that includes over 33,000 items ranging from chef clothing, knives, and utensils to cooking machines and refrigeration units, we are the top choice for hundreds of thousands of customers worldwide. At Nisbets we pride ourselves on providing top-quality products at competitive prices, ensuring that businesses can find everything they need to run a successful kitchen. Our knowledgeable customer service team is always on hand to offer advice and support, making the shopping experience seamless and stress-free. Whether you're a small café or a large restaurant chain, we have the expertise and resources to meet your catering equipment needs.","Restaurants & Bars",51011,2,"Bad courier",""
"www.nisbets.co.uk","Nisbets is Europe's leading supplier of catering equipment, boasting over 40 years’ experience serving the catering industry. With our next-day delivery promise and an extensive product range that includes over 33,000 items ranging from chef clothing, knives, and utensils to cooking machines and refrigeration units, we are the top choice for hundreds of thousands of customers worldwide. At Nisbets we pride ourselves on providing top-quality products at competitive prices, ensuring that businesses can find everything they need to run a successful kitchen. Our knowledgeable customer service team is always on hand to offer advice and support, making the shopping experience seamless and stress-free. Whether you're a small café or a large restaurant chain, we have the expertise and resources to meet your catering equipment needs.","Restaurants & Bars",51012,2,"The order was not delivered as stated…",""
"www.nisbets.co.uk","Nisbets is Europe's leading supplier of catering equipment, boasting over 40 years’ experience serving the catering industry. With our next-day delivery promise and an extensive product range that includes over 33,000 items ranging from chef clothing, knives, and utensils to cooking machines and refrigeration units, we are the top choice for hundreds of thousands of customers worldwide. At Nisbets we pride ourselves on providing top-quality products at competitive prices, ensuring that businesses can find everything they need to run a successful kitchen. Our knowledgeable customer service team is always on hand to offer advice and support, making the shopping experience seamless and stress-free. Whether you're a small café or a large restaurant chain, we have the expertise and resources to meet your catering equipment needs.","Restaurants & Bars",51013,2,"The item was not as described",""
"www.nisbets.co.uk","Nisbets is Europe's leading supplier of catering equipment, boasting over 40 years’ experience serving the catering industry. With our next-day delivery promise and an extensive product range that includes over 33,000 items ranging from chef clothing, knives, and utensils to cooking machines and refrigeration units, we are the top choice for hundreds of thousands of customers worldwide. At Nisbets we pride ourselves on providing top-quality products at competitive prices, ensuring that businesses can find everything they need to run a successful kitchen. Our knowledgeable customer service team is always on hand to offer advice and support, making the shopping experience seamless and stress-free. Whether you're a small café or a large restaurant chain, we have the expertise and resources to meet your catering equipment needs.","Restaurants & Bars",51014,2,"Nancy - Kilner Jars…",""
"www.nisbets.co.uk","Nisbets is Europe's leading supplier of catering equipment, boasting over 40 years’ experience serving the catering industry. With our next-day delivery promise and an extensive product range that includes over 33,000 items ranging from chef clothing, knives, and utensils to cooking machines and refrigeration units, we are the top choice for hundreds of thousands of customers worldwide. At Nisbets we pride ourselves on providing top-quality products at competitive prices, ensuring that businesses can find everything they need to run a successful kitchen. Our knowledgeable customer service team is always on hand to offer advice and support, making the shopping experience seamless and stress-free. Whether you're a small café or a large restaurant chain, we have the expertise and resources to meet your catering equipment needs.","Restaurants & Bars",51015,2,"So much regret for using these guys",""
"www.nisbets.co.uk","Nisbets is Europe's leading supplier of catering equipment, boasting over 40 years’ experience serving the catering industry. With our next-day delivery promise and an extensive product range that includes over 33,000 items ranging from chef clothing, knives, and utensils to cooking machines and refrigeration units, we are the top choice for hundreds of thousands of customers worldwide. At Nisbets we pride ourselves on providing top-quality products at competitive prices, ensuring that businesses can find everything they need to run a successful kitchen. Our knowledgeable customer service team is always on hand to offer advice and support, making the shopping experience seamless and stress-free. Whether you're a small café or a large restaurant chain, we have the expertise and resources to meet your catering equipment needs.","Restaurants & Bars",51016,2,"The ordering and delivery were great as…",""
"www.nisbets.co.uk","Nisbets is Europe's leading supplier of catering equipment, boasting over 40 years’ experience serving the catering industry. With our next-day delivery promise and an extensive product range that includes over 33,000 items ranging from chef clothing, knives, and utensils to cooking machines and refrigeration units, we are the top choice for hundreds of thousands of customers worldwide. At Nisbets we pride ourselves on providing top-quality products at competitive prices, ensuring that businesses can find everything they need to run a successful kitchen. Our knowledgeable customer service team is always on hand to offer advice and support, making the shopping experience seamless and stress-free. Whether you're a small café or a large restaurant chain, we have the expertise and resources to meet your catering equipment needs.","Restaurants & Bars",51017,2,"Wash powder Order…",""
"www.nisbets.co.uk","Nisbets is Europe's leading supplier of catering equipment, boasting over 40 years’ experience serving the catering industry. With our next-day delivery promise and an extensive product range that includes over 33,000 items ranging from chef clothing, knives, and utensils to cooking machines and refrigeration units, we are the top choice for hundreds of thousands of customers worldwide. At Nisbets we pride ourselves on providing top-quality products at competitive prices, ensuring that businesses can find everything they need to run a successful kitchen. Our knowledgeable customer service team is always on hand to offer advice and support, making the shopping experience seamless and stress-free. Whether you're a small café or a large restaurant chain, we have the expertise and resources to meet your catering equipment needs.","Restaurants & Bars",51018,2,"Delayed Delivery",""
"www.nisbets.co.uk","Nisbets is Europe's leading supplier of catering equipment, boasting over 40 years’ experience serving the catering industry. With our next-day delivery promise and an extensive product range that includes over 33,000 items ranging from chef clothing, knives, and utensils to cooking machines and refrigeration units, we are the top choice for hundreds of thousands of customers worldwide. At Nisbets we pride ourselves on providing top-quality products at competitive prices, ensuring that businesses can find everything they need to run a successful kitchen. Our knowledgeable customer service team is always on hand to offer advice and support, making the shopping experience seamless and stress-free. Whether you're a small café or a large restaurant chain, we have the expertise and resources to meet your catering equipment needs.","Restaurants & Bars",51019,2,"Website failed with a ghost order",""
"www.tobycarvery.co.uk","Toby Carvery, where every day feels like the best ever Sunday","Restaurants & Bars",51050,5,"Friendly atmosphere, tasty food",""
"www.tobycarvery.co.uk","Toby Carvery, where every day feels like the best ever Sunday","Restaurants & Bars",51051,5,"Toby Carvery Hinton",""
"www.tobycarvery.co.uk","Toby Carvery, where every day feels like the best ever Sunday","Restaurants & Bars",51052,5,"Xmas dinner at Tobys ",""
"www.tobycarvery.co.uk","Toby Carvery, where every day feels like the best ever Sunday","Restaurants & Bars",51053,5,"Really lovely food as always definitely…",""
"www.tobycarvery.co.uk","Toby Carvery, where every day feels like the best ever Sunday","Restaurants & Bars",51054,5,"great food and experience ",""
"www.tobycarvery.co.uk","Toby Carvery, where every day feels like the best ever Sunday","Restaurants & Bars",51055,5,"I dont normally use carveries but I was…",""
"www.tobycarvery.co.uk","Toby Carvery, where every day feels like the best ever Sunday","Restaurants & Bars",51056,5,"liam was our server",""
"www.tobycarvery.co.uk","Toby Carvery, where every day feels like the best ever Sunday","Restaurants & Bars",51057,5,"Steve from toby cavery in streetly…",""
"www.tobycarvery.co.uk","Toby Carvery, where every day feels like the best ever Sunday","Restaurants & Bars",51058,5,"A proper classic Sunday lunch .",""
"www.tobycarvery.co.uk","Toby Carvery, where every day feels like the best ever Sunday","Restaurants & Bars",51059,5,"Hampton Toby Carvery - Highly recommend ",""
"www.tobycarvery.co.uk","Toby Carvery, where every day feels like the best ever Sunday","Restaurants & Bars",51070,4,"Good service from Lynn",""
"www.tobycarvery.co.uk","Toby Carvery, where every day feels like the best ever Sunday","Restaurants & Bars",51071,4,"overnight stay",""
"www.tobycarvery.co.uk","Toby Carvery, where every day feels like the best ever Sunday","Restaurants & Bars",51072,4,"Sunday roast ",""
"www.tobycarvery.co.uk","Toby Carvery, where every day feels like the best ever Sunday","Restaurants & Bars",51073,4,"Miss leading menu",""
"www.tobycarvery.co.uk","Toby Carvery, where every day feels like the best ever Sunday","Restaurants & Bars",51074,4," Voucher disappeared from app                                                                                                                        My voucher has disappeared from my phone",""
"www.tobycarvery.co.uk","Toby Carvery, where every day feels like the best ever Sunday","Restaurants & Bars",51075,4,"Took advantage of the special midweek…",""
"www.tobycarvery.co.uk","Toby Carvery, where every day feels like the best ever Sunday","Restaurants & Bars",51076,4,"The food was great due to the variety…",""
"www.tobycarvery.co.uk","Toby Carvery, where every day feels like the best ever Sunday","Restaurants & Bars",51077,4,"The carvery was quite nice apart from…",""
"www.tobycarvery.co.uk","Toby Carvery, where every day feels like the best ever Sunday","Restaurants & Bars",51078,4,"Great food",""
"www.tobycarvery.co.uk","Toby Carvery, where every day feels like the best ever Sunday","Restaurants & Bars",51079,4,"First time visiting Peterborough store",""
"www.tobycarvery.co.uk","Toby Carvery, where every day feels like the best ever Sunday","Restaurants & Bars",51080,4,"The Eagle, Snaresbrook.",""
"www.tobycarvery.co.uk","Toby Carvery, where every day feels like the best ever Sunday","Restaurants & Bars",51081,4,"Toby carvery Denby Dale road Wakefield Went for lunch…",""
"www.tobycarvery.co.uk","Toby Carvery, where every day feels like the best ever Sunday","Restaurants & Bars",51082,4,"Messy food areas",""
"www.tobycarvery.co.uk","Toby Carvery, where every day feels like the best ever Sunday","Restaurants & Bars",51083,4,"Had a lovely meal tonight at Buckhurst…",""
"www.tobycarvery.co.uk","Toby Carvery, where every day feels like the best ever Sunday","Restaurants & Bars",51084,4,"HINTON, CHRISTCHURCH DORSET",""
"www.tobycarvery.co.uk","Toby Carvery, where every day feels like the best ever Sunday","Restaurants & Bars",51085,4,"A  good weekday roast  (Toby Carvery SS1 3AD (Thorpe Bay Essex…",""
"www.tobycarvery.co.uk","Toby Carvery, where every day feels like the best ever Sunday","Restaurants & Bars",51086,4,"First time visiting this establishment…",""
"www.tobycarvery.co.uk","Toby Carvery, where every day feels like the best ever Sunday","Restaurants & Bars",51087,4,"The Toby Carvery at Braintree is…",""
"www.tobycarvery.co.uk","Toby Carvery, where every day feels like the best ever Sunday","Restaurants & Bars",51088,4," Great service",""
"www.tobycarvery.co.uk","Toby Carvery, where every day feels like the best ever Sunday","Restaurants & Bars",51089,4,"Hotter roast at Toby Carvery in Maidstone",""
"www.tobycarvery.co.uk","Toby Carvery, where every day feels like the best ever Sunday","Restaurants & Bars",51090,3,"Wasn't impressed with food luke warm…",""
"www.tobycarvery.co.uk","Toby Carvery, where every day feels like the best ever Sunday","Restaurants & Bars",51091,3,"Visited here last weekend with visiting…",""
"www.tobycarvery.co.uk","Toby Carvery, where every day feels like the best ever Sunday","Restaurants & Bars",51092,3,"They run a special offer in the week…",""
"www.tobycarvery.co.uk","Toby Carvery, where every day feels like the best ever Sunday","Restaurants & Bars",51093,3,"Dear Toby Carvery",""
"www.tobycarvery.co.uk","Toby Carvery, where every day feels like the best ever Sunday","Restaurants & Bars",51094,3,"Was very disappointed with the Sunday…",""
"www.tobycarvery.co.uk","Toby Carvery, where every day feels like the best ever Sunday","Restaurants & Bars",51095,3,"We visit Toby carveries regularly and…",""
"www.tobycarvery.co.uk","Toby Carvery, where every day feels like the best ever Sunday","Restaurants & Bars",51096,3,"Not a good meal today at Whitchurch",""
"www.tobycarvery.co.uk","Toby Carvery, where every day feels like the best ever Sunday","Restaurants & Bars",51097,3,"Carvery is the best, customer service shocking",""
"www.tobycarvery.co.uk","Toby Carvery, where every day feels like the best ever Sunday","Restaurants & Bars",51098,3,"The Wilsons Knowle.",""
"www.tobycarvery.co.uk","Toby Carvery, where every day feels like the best ever Sunday","Restaurants & Bars",51099,3,"Wot no eggs??",""
"www.tobycarvery.co.uk","Toby Carvery, where every day feels like the best ever Sunday","Restaurants & Bars",51100,3,"Ate here whist staying at Travelodge…",""
"www.tobycarvery.co.uk","Toby Carvery, where every day feels like the best ever Sunday","Restaurants & Bars",51101,3,"Visited newly refurbished Toby in…",""
"www.tobycarvery.co.uk","Toby Carvery, where every day feels like the best ever Sunday","Restaurants & Bars",51102,3,"Ongoing issues",""
"www.tobycarvery.co.uk","Toby Carvery, where every day feels like the best ever Sunday","Restaurants & Bars",51103,3,"Mean meat portion",""
"www.tobycarvery.co.uk","Toby Carvery, where every day feels like the best ever Sunday","Restaurants & Bars",51104,3,"floor waitress very good and helpful",""
"www.tobycarvery.co.uk","Toby Carvery, where every day feels like the best ever Sunday","Restaurants & Bars",51105,3,"Whitewebbs carvery",""
"www.tobycarvery.co.uk","Toby Carvery, where every day feels like the best ever Sunday","Restaurants & Bars",51106,3,"Not worth the wait!",""
"www.tobycarvery.co.uk","Toby Carvery, where every day feels like the best ever Sunday","Restaurants & Bars",51107,3,"A poor lunch",""
"www.tobycarvery.co.uk","Toby Carvery, where every day feels like the best ever Sunday","Restaurants & Bars",51108,3,"No payment .. No Cutlery ",""
"www.tobycarvery.co.uk","Toby Carvery, where every day feels like the best ever Sunday","Restaurants & Bars",51109,3,"Distracted staff.",""
"www.tobycarvery.co.uk","Toby Carvery, where every day feels like the best ever Sunday","Restaurants & Bars",51110,2,"Went here this afternoon and it was…",""
"www.tobycarvery.co.uk","Toby Carvery, where every day feels like the best ever Sunday","Restaurants & Bars",51111,2,"I think it’s a joke the tiny bit of…",""
"www.tobycarvery.co.uk","Toby Carvery, where every day feels like the best ever Sunday","Restaurants & Bars",51112,2,"Very poor experience, would not go again ",""
"www.tobycarvery.co.uk","Toby Carvery, where every day feels like the best ever Sunday","Restaurants & Bars",51113,2,"Small carvings of meat, disappointing ",""
"www.tobycarvery.co.uk","Toby Carvery, where every day feels like the best ever Sunday","Restaurants & Bars",51114,2,"Very disappointing tonight..",""
"www.tobycarvery.co.uk","Toby Carvery, where every day feels like the best ever Sunday","Restaurants & Bars",51115,2,"Cocket Hat Aberdeen",""
"www.tobycarvery.co.uk","Toby Carvery, where every day feels like the best ever Sunday","Restaurants & Bars",51116,2,"A regular at Toby normally lovely staff…",""
"www.tobycarvery.co.uk","Toby Carvery, where every day feels like the best ever Sunday","Restaurants & Bars",51117,2,"Beckenham branch tried to refuse entry…",""
"www.tobycarvery.co.uk","Toby Carvery, where every day feels like the best ever Sunday","Restaurants & Bars",51118,2,"Food mostly",""
"www.tobycarvery.co.uk","Toby Carvery, where every day feels like the best ever Sunday","Restaurants & Bars",51119,2,"Parson and clerk streetly,the last…",""
"planthood.co.uk","Healthy plant-based meal kits, prepared by chefs and delivered to your doorstep.","Restaurants & Bars",51150,5,"So far, so delicious!",""
"planthood.co.uk","Healthy plant-based meal kits, prepared by chefs and delivered to your doorstep.","Restaurants & Bars",51151,5,"Highly Recommended!",""
"planthood.co.uk","Healthy plant-based meal kits, prepared by chefs and delivered to your doorstep.","Restaurants & Bars",51152,5,"So impressed - give it a go",""
"planthood.co.uk","Healthy plant-based meal kits, prepared by chefs and delivered to your doorstep.","Restaurants & Bars",51153,5,"Healthy food that feels like a treat",""
"planthood.co.uk","Healthy plant-based meal kits, prepared by chefs and delivered to your doorstep.","Restaurants & Bars",51154,5,"I am a busy working Mum of two young…",""
"planthood.co.uk","Healthy plant-based meal kits, prepared by chefs and delivered to your doorstep.","Restaurants & Bars",51155,5,"Pleasantly surprised by the quality ",""
"planthood.co.uk","Healthy plant-based meal kits, prepared by chefs and delivered to your doorstep.","Restaurants & Bars",51156,5,"Planthood - so good!",""
"planthood.co.uk","Healthy plant-based meal kits, prepared by chefs and delivered to your doorstep.","Restaurants & Bars",51157,5,"Easy and delicious ",""
"planthood.co.uk","Healthy plant-based meal kits, prepared by chefs and delivered to your doorstep.","Restaurants & Bars",51158,5,"Cannot fault Planthood",""
"planthood.co.uk","Healthy plant-based meal kits, prepared by chefs and delivered to your doorstep.","Restaurants & Bars",51159,5,"100% recommend",""
"planthood.co.uk","Healthy plant-based meal kits, prepared by chefs and delivered to your doorstep.","Restaurants & Bars",51170,4,"Delicious, filling and nutritious",""
"planthood.co.uk","Healthy plant-based meal kits, prepared by chefs and delivered to your doorstep.","Restaurants & Bars",51171,4,"Great time-saving healthy vegan meals!",""
"planthood.co.uk","Healthy plant-based meal kits, prepared by chefs and delivered to your doorstep.","Restaurants & Bars",51172,4,"Filled to the brim with greatness! ",""
"planthood.co.uk","Healthy plant-based meal kits, prepared by chefs and delivered to your doorstep.","Restaurants & Bars",51173,4,"The meal choices are great recipes",""
"planthood.co.uk","Healthy plant-based meal kits, prepared by chefs and delivered to your doorstep.","Restaurants & Bars",51174,4,"I opted to try Planthood as an easy…",""
"planthood.co.uk","Healthy plant-based meal kits, prepared by chefs and delivered to your doorstep.","Restaurants & Bars",51175,4,"Helpful service for vegans",""
"planthood.co.uk","Healthy plant-based meal kits, prepared by chefs and delivered to your doorstep.","Restaurants & Bars",51176,4,"Great tasty and healthy food.",""
"planthood.co.uk","Healthy plant-based meal kits, prepared by chefs and delivered to your doorstep.","Restaurants & Bars",51177,4,"It's so quick and easy and tasty",""
"planthood.co.uk","Healthy plant-based meal kits, prepared by chefs and delivered to your doorstep.","Restaurants & Bars",51178,4,"Thoroughly enjoyed by all the family",""
"planthood.co.uk","Healthy plant-based meal kits, prepared by chefs and delivered to your doorstep.","Restaurants & Bars",51179,4,"Healthy meals that are tasty and easy to prepare",""
"planthood.co.uk","Healthy plant-based meal kits, prepared by chefs and delivered to your doorstep.","Restaurants & Bars",51180,4,"The first recipe/meal kit service I have used",""
"planthood.co.uk","Healthy plant-based meal kits, prepared by chefs and delivered to your doorstep.","Restaurants & Bars",51181,4,"Life made simple",""
"planthood.co.uk","Healthy plant-based meal kits, prepared by chefs and delivered to your doorstep.","Restaurants & Bars",51182,4,"Tasty vegetarian and vegan food ( and…",""
"planthood.co.uk","Healthy plant-based meal kits, prepared by chefs and delivered to your doorstep.","Restaurants & Bars",51183,4,"Tasty meals",""
"planthood.co.uk","Healthy plant-based meal kits, prepared by chefs and delivered to your doorstep.","Restaurants & Bars",51184,4,"Great if you don't live alone",""
"planthood.co.uk","Healthy plant-based meal kits, prepared by chefs and delivered to your doorstep.","Restaurants & Bars",51185,4,"On my third week of meals and really…",""
"planthood.co.uk","Healthy plant-based meal kits, prepared by chefs and delivered to your doorstep.","Restaurants & Bars",51186,4,"Healthy & tasty recipes",""
"planthood.co.uk","Healthy plant-based meal kits, prepared by chefs and delivered to your doorstep.","Restaurants & Bars",51187,4,"Really impressed with Planthood as a flexitarian",""
"planthood.co.uk","Healthy plant-based meal kits, prepared by chefs and delivered to your doorstep.","Restaurants & Bars",51188,4,"Generally good - worth a try!",""
"planthood.co.uk","Healthy plant-based meal kits, prepared by chefs and delivered to your doorstep.","Restaurants & Bars",51189,4,"It's all so easy!",""
"planthood.co.uk","Healthy plant-based meal kits, prepared by chefs and delivered to your doorstep.","Restaurants & Bars",51190,3,"The food is all delicious, but...",""
"planthood.co.uk","Healthy plant-based meal kits, prepared by chefs and delivered to your doorstep.","Restaurants & Bars",51191,3,"Poor quality ingredients and not value for money",""
"planthood.co.uk","Healthy plant-based meal kits, prepared by chefs and delivered to your doorstep.","Restaurants & Bars",51192,3,"Great for inspiration but not sustainable ",""
"planthood.co.uk","Healthy plant-based meal kits, prepared by chefs and delivered to your doorstep.","Restaurants & Bars",51193,3,"I have liked the recipes but also had issues",""
"planthood.co.uk","Healthy plant-based meal kits, prepared by chefs and delivered to your doorstep.","Restaurants & Bars",51194,3,"Some meals nice; others overly salty ",""
"planthood.co.uk","Healthy plant-based meal kits, prepared by chefs and delivered to your doorstep.","Restaurants & Bars",51195,3,"I like the meals but…",""
"planthood.co.uk","Healthy plant-based meal kits, prepared by chefs and delivered to your doorstep.","Restaurants & Bars",51196,3,"Great tasting food, needs improvements to quality",""
"planthood.co.uk","Healthy plant-based meal kits, prepared by chefs and delivered to your doorstep.","Restaurants & Bars",51197,3,"Missing items, veg past it's best",""
"planthood.co.uk","Healthy plant-based meal kits, prepared by chefs and delivered to your doorstep.","Restaurants & Bars",51198,3,"Tasted like jars of sauce",""
"planthood.co.uk","Healthy plant-based meal kits, prepared by chefs and delivered to your doorstep.","Restaurants & Bars",51199,3,"Small portions of veg",""
"planthood.co.uk","Healthy plant-based meal kits, prepared by chefs and delivered to your doorstep.","Restaurants & Bars",51200,3,"Expensive and limited variety, but nice for vegans",""
"planthood.co.uk","Healthy plant-based meal kits, prepared by chefs and delivered to your doorstep.","Restaurants & Bars",51201,3,"Not very feasible when cooking for one  ",""
"planthood.co.uk","Healthy plant-based meal kits, prepared by chefs and delivered to your doorstep.","Restaurants & Bars",51202,3,"OK...worth a try.",""
"planthood.co.uk","Healthy plant-based meal kits, prepared by chefs and delivered to your doorstep.","Restaurants & Bars",51203,3,"Needs improvements to service",""
"planthood.co.uk","Healthy plant-based meal kits, prepared by chefs and delivered to your doorstep.","Restaurants & Bars",51204,3,"Tastes great but....",""
"planthood.co.uk","Healthy plant-based meal kits, prepared by chefs and delivered to your doorstep.","Restaurants & Bars",51205,3,"Planthood recently swapped to DHL and…",""
"planthood.co.uk","Healthy plant-based meal kits, prepared by chefs and delivered to your doorstep.","Restaurants & Bars",51206,3,"The meals vary but overall I enjoyed…poor customer service ",""
"planthood.co.uk","Healthy plant-based meal kits, prepared by chefs and delivered to your doorstep.","Restaurants & Bars",51207,3,"Stone soup",""
"planthood.co.uk","Healthy plant-based meal kits, prepared by chefs and delivered to your doorstep.","Restaurants & Bars",51208,3,"Some excellent meals, but inconsistent overall",""
"planthood.co.uk","Healthy plant-based meal kits, prepared by chefs and delivered to your doorstep.","Restaurants & Bars",51209,3,"Vegetables look old",""
"planthood.co.uk","Healthy plant-based meal kits, prepared by chefs and delivered to your doorstep.","Restaurants & Bars",51210,2,"Really disappointed",""
"planthood.co.uk","Healthy plant-based meal kits, prepared by chefs and delivered to your doorstep.","Restaurants & Bars",51211,2,"Not impressed",""
"planthood.co.uk","Healthy plant-based meal kits, prepared by chefs and delivered to your doorstep.","Restaurants & Bars",51212,2,"Great food, appalling customer service",""
"planthood.co.uk","Healthy plant-based meal kits, prepared by chefs and delivered to your doorstep.","Restaurants & Bars",51213,2,"Food was good and I would have liked to continue but...",""
"planthood.co.uk","Healthy plant-based meal kits, prepared by chefs and delivered to your doorstep.","Restaurants & Bars",51214,2,"Disappointed ",""
"planthood.co.uk","Healthy plant-based meal kits, prepared by chefs and delivered to your doorstep.","Restaurants & Bars",51215,2,"Refund ? ",""
"planthood.co.uk","Healthy plant-based meal kits, prepared by chefs and delivered to your doorstep.","Restaurants & Bars",51216,2,"First time customer not worth the money",""
"planthood.co.uk","Healthy plant-based meal kits, prepared by chefs and delivered to your doorstep.","Restaurants & Bars",51217,2,"Poor customer service",""
"planthood.co.uk","Healthy plant-based meal kits, prepared by chefs and delivered to your doorstep.","Restaurants & Bars",51218,2,"Poor quality ",""
"planthood.co.uk","Healthy plant-based meal kits, prepared by chefs and delivered to your doorstep.","Restaurants & Bars",51219,2,"Disappointing Christmas box",""
"ecatering.co.uk","Save up to 40% on our wide range of catering equipment. Reliable equipment at low prices. An apron is a cape on backwards, so power up and be a catering hero. Shop online today. Pay in 3 Available. Backing Britains Best. Commercial Equipment. Recycling Options Offered.","Restaurants & Bars",51348,5,"Powerful blender, large capacity!",""
"ecatering.co.uk","Save up to 40% on our wide range of catering equipment. Reliable equipment at low prices. An apron is a cape on backwards, so power up and be a catering hero. Shop online today. Pay in 3 Available. Backing Britains Best. Commercial Equipment. Recycling Options Offered.","Restaurants & Bars",51349,5,"I bought a 'Contender' brand commercial…",""
"ecatering.co.uk","Save up to 40% on our wide range of catering equipment. Reliable equipment at low prices. An apron is a cape on backwards, so power up and be a catering hero. Shop online today. Pay in 3 Available. Backing Britains Best. Commercial Equipment. Recycling Options Offered.","Restaurants & Bars",51350,5,"there is help if you ask",""
"ecatering.co.uk","Save up to 40% on our wide range of catering equipment. Reliable equipment at low prices. An apron is a cape on backwards, so power up and be a catering hero. Shop online today. Pay in 3 Available. Backing Britains Best. Commercial Equipment. Recycling Options Offered.","Restaurants & Bars",51351,5,"I had a problem with a freezer that…",""
"ecatering.co.uk","Save up to 40% on our wide range of catering equipment. Reliable equipment at low prices. An apron is a cape on backwards, so power up and be a catering hero. Shop online today. Pay in 3 Available. Backing Britains Best. Commercial Equipment. Recycling Options Offered.","Restaurants & Bars",51352,5,"Good quality items and good customer service",""
"ecatering.co.uk","Save up to 40% on our wide range of catering equipment. Reliable equipment at low prices. An apron is a cape on backwards, so power up and be a catering hero. Shop online today. Pay in 3 Available. Backing Britains Best. Commercial Equipment. Recycling Options Offered.","Restaurants & Bars",51353,5,"Great service ",""
"ecatering.co.uk","Save up to 40% on our wide range of catering equipment. Reliable equipment at low prices. An apron is a cape on backwards, so power up and be a catering hero. Shop online today. Pay in 3 Available. Backing Britains Best. Commercial Equipment. Recycling Options Offered.","Restaurants & Bars",51354,5,"The amazing paula",""
"ecatering.co.uk","Save up to 40% on our wide range of catering equipment. Reliable equipment at low prices. An apron is a cape on backwards, so power up and be a catering hero. Shop online today. Pay in 3 Available. Backing Britains Best. Commercial Equipment. Recycling Options Offered.","Restaurants & Bars",51355,5,"Commercial 1200mm Quattro…",""
"ecatering.co.uk","Save up to 40% on our wide range of catering equipment. Reliable equipment at low prices. An apron is a cape on backwards, so power up and be a catering hero. Shop online today. Pay in 3 Available. Backing Britains Best. Commercial Equipment. Recycling Options Offered.","Restaurants & Bars",51356,5,"We are a charity based in Sunderland…",""
"ecatering.co.uk","Save up to 40% on our wide range of catering equipment. Reliable equipment at low prices. An apron is a cape on backwards, so power up and be a catering hero. Shop online today. Pay in 3 Available. Backing Britains Best. Commercial Equipment. Recycling Options Offered.","Restaurants & Bars",51357,5,"Ordered a meat slicer last night for a…",""
"ecatering.co.uk","Save up to 40% on our wide range of catering equipment. Reliable equipment at low prices. An apron is a cape on backwards, so power up and be a catering hero. Shop online today. Pay in 3 Available. Backing Britains Best. Commercial Equipment. Recycling Options Offered.","Restaurants & Bars",51368,4,"Great product",""
"ecatering.co.uk","Save up to 40% on our wide range of catering equipment. Reliable equipment at low prices. An apron is a cape on backwards, so power up and be a catering hero. Shop online today. Pay in 3 Available. Backing Britains Best. Commercial Equipment. Recycling Options Offered.","Restaurants & Bars",51369,4,"A tale of two sides",""
"ecatering.co.uk","Save up to 40% on our wide range of catering equipment. Reliable equipment at low prices. An apron is a cape on backwards, so power up and be a catering hero. Shop online today. Pay in 3 Available. Backing Britains Best. Commercial Equipment. Recycling Options Offered.","Restaurants & Bars",51370,4,"We were initially sent the wrong item…",""
"ecatering.co.uk","Save up to 40% on our wide range of catering equipment. Reliable equipment at low prices. An apron is a cape on backwards, so power up and be a catering hero. Shop online today. Pay in 3 Available. Backing Britains Best. Commercial Equipment. Recycling Options Offered.","Restaurants & Bars",51371,4,"Quick Friendly Service",""
"ecatering.co.uk","Save up to 40% on our wide range of catering equipment. Reliable equipment at low prices. An apron is a cape on backwards, so power up and be a catering hero. Shop online today. Pay in 3 Available. Backing Britains Best. Commercial Equipment. Recycling Options Offered.","Restaurants & Bars",51372,4,"Excellent customer service",""
"ecatering.co.uk","Save up to 40% on our wide range of catering equipment. Reliable equipment at low prices. An apron is a cape on backwards, so power up and be a catering hero. Shop online today. Pay in 3 Available. Backing Britains Best. Commercial Equipment. Recycling Options Offered.","Restaurants & Bars",51373,4,"Problem resolved",""
"ecatering.co.uk","Save up to 40% on our wide range of catering equipment. Reliable equipment at low prices. An apron is a cape on backwards, so power up and be a catering hero. Shop online today. Pay in 3 Available. Backing Britains Best. Commercial Equipment. Recycling Options Offered.","Restaurants & Bars",51374,4,"Had a manual fill boiler which leaked",""
"ecatering.co.uk","Save up to 40% on our wide range of catering equipment. Reliable equipment at low prices. An apron is a cape on backwards, so power up and be a catering hero. Shop online today. Pay in 3 Available. Backing Britains Best. Commercial Equipment. Recycling Options Offered.","Restaurants & Bars",51375,4,"Firstly the customer service was…",""
"ecatering.co.uk","Save up to 40% on our wide range of catering equipment. Reliable equipment at low prices. An apron is a cape on backwards, so power up and be a catering hero. Shop online today. Pay in 3 Available. Backing Britains Best. Commercial Equipment. Recycling Options Offered.","Restaurants & Bars",51376,4,"Quattro Salamander grill..avoid updated review",""
"ecatering.co.uk","Save up to 40% on our wide range of catering equipment. Reliable equipment at low prices. An apron is a cape on backwards, so power up and be a catering hero. Shop online today. Pay in 3 Available. Backing Britains Best. Commercial Equipment. Recycling Options Offered.","Restaurants & Bars",51377,4,"Very good customer service",""
"ecatering.co.uk","Save up to 40% on our wide range of catering equipment. Reliable equipment at low prices. An apron is a cape on backwards, so power up and be a catering hero. Shop online today. Pay in 3 Available. Backing Britains Best. Commercial Equipment. Recycling Options Offered.","Restaurants & Bars",51378,4,"Fed Ex let them down",""
"ecatering.co.uk","Save up to 40% on our wide range of catering equipment. Reliable equipment at low prices. An apron is a cape on backwards, so power up and be a catering hero. Shop online today. Pay in 3 Available. Backing Britains Best. Commercial Equipment. Recycling Options Offered.","Restaurants & Bars",51379,4,"After my recent review of the 2…",""
"ecatering.co.uk","Save up to 40% on our wide range of catering equipment. Reliable equipment at low prices. An apron is a cape on backwards, so power up and be a catering hero. Shop online today. Pay in 3 Available. Backing Britains Best. Commercial Equipment. Recycling Options Offered.","Restaurants & Bars",51380,4,"I purchased 2 x Quattro Commercial…",""
"ecatering.co.uk","Save up to 40% on our wide range of catering equipment. Reliable equipment at low prices. An apron is a cape on backwards, so power up and be a catering hero. Shop online today. Pay in 3 Available. Backing Britains Best. Commercial Equipment. Recycling Options Offered.","Restaurants & Bars",51381,4,"eCatering resolved our issue and we are happy",""
"ecatering.co.uk","Save up to 40% on our wide range of catering equipment. Reliable equipment at low prices. An apron is a cape on backwards, so power up and be a catering hero. Shop online today. Pay in 3 Available. Backing Britains Best. Commercial Equipment. Recycling Options Offered.","Restaurants & Bars",51382,4,"Price was really good and deliver was…",""
"ecatering.co.uk","Save up to 40% on our wide range of catering equipment. Reliable equipment at low prices. An apron is a cape on backwards, so power up and be a catering hero. Shop online today. Pay in 3 Available. Backing Britains Best. Commercial Equipment. Recycling Options Offered.","Restaurants & Bars",51383,4,"Ordered an under counter can/bottle…",""
"ecatering.co.uk","Save up to 40% on our wide range of catering equipment. Reliable equipment at low prices. An apron is a cape on backwards, so power up and be a catering hero. Shop online today. Pay in 3 Available. Backing Britains Best. Commercial Equipment. Recycling Options Offered.","Restaurants & Bars",51384,4,"The wine glasses I purchased from this…",""
"ecatering.co.uk","Save up to 40% on our wide range of catering equipment. Reliable equipment at low prices. An apron is a cape on backwards, so power up and be a catering hero. Shop online today. Pay in 3 Available. Backing Britains Best. Commercial Equipment. Recycling Options Offered.","Restaurants & Bars",51385,4,"Wrong items sent, but great customer service ",""
"ecatering.co.uk","Save up to 40% on our wide range of catering equipment. Reliable equipment at low prices. An apron is a cape on backwards, so power up and be a catering hero. Shop online today. Pay in 3 Available. Backing Britains Best. Commercial Equipment. Recycling Options Offered.","Restaurants & Bars",51386,4,"After sales service for me has been…",""
"ecatering.co.uk","Save up to 40% on our wide range of catering equipment. Reliable equipment at low prices. An apron is a cape on backwards, so power up and be a catering hero. Shop online today. Pay in 3 Available. Backing Britains Best. Commercial Equipment. Recycling Options Offered.","Restaurants & Bars",51387,4,"Banisha was very helpful in…",""
"ecatering.co.uk","Save up to 40% on our wide range of catering equipment. Reliable equipment at low prices. An apron is a cape on backwards, so power up and be a catering hero. Shop online today. Pay in 3 Available. Backing Britains Best. Commercial Equipment. Recycling Options Offered.","Restaurants & Bars",51388,3,"Poor service but eventual resolution ",""
"ecatering.co.uk","Save up to 40% on our wide range of catering equipment. Reliable equipment at low prices. An apron is a cape on backwards, so power up and be a catering hero. Shop online today. Pay in 3 Available. Backing Britains Best. Commercial Equipment. Recycling Options Offered.","Restaurants & Bars",51389,3,"Slow to respond to queries but sorted quickly when actioned.",""
"ecatering.co.uk","Save up to 40% on our wide range of catering equipment. Reliable equipment at low prices. An apron is a cape on backwards, so power up and be a catering hero. Shop online today. Pay in 3 Available. Backing Britains Best. Commercial Equipment. Recycling Options Offered.","Restaurants & Bars",51390,3,"This company are very helpful and fair…",""
"ecatering.co.uk","Save up to 40% on our wide range of catering equipment. Reliable equipment at low prices. An apron is a cape on backwards, so power up and be a catering hero. Shop online today. Pay in 3 Available. Backing Britains Best. Commercial Equipment. Recycling Options Offered.","Restaurants & Bars",51391,3,"Everyone is talking about customer…",""
"ecatering.co.uk","Save up to 40% on our wide range of catering equipment. Reliable equipment at low prices. An apron is a cape on backwards, so power up and be a catering hero. Shop online today. Pay in 3 Available. Backing Britains Best. Commercial Equipment. Recycling Options Offered.","Restaurants & Bars",51392,3,"The light stopped working shortly after…",""
"ecatering.co.uk","Save up to 40% on our wide range of catering equipment. Reliable equipment at low prices. An apron is a cape on backwards, so power up and be a catering hero. Shop online today. Pay in 3 Available. Backing Britains Best. Commercial Equipment. Recycling Options Offered.","Restaurants & Bars",51393,3,"Small print",""
"ecatering.co.uk","Save up to 40% on our wide range of catering equipment. Reliable equipment at low prices. An apron is a cape on backwards, so power up and be a catering hero. Shop online today. Pay in 3 Available. Backing Britains Best. Commercial Equipment. Recycling Options Offered.","Restaurants & Bars",51394,3,"Stainless steel table",""
"ecatering.co.uk","Save up to 40% on our wide range of catering equipment. Reliable equipment at low prices. An apron is a cape on backwards, so power up and be a catering hero. Shop online today. Pay in 3 Available. Backing Britains Best. Commercial Equipment. Recycling Options Offered.","Restaurants & Bars",51395,3,"Ok,  but nothing special.",""
"ecatering.co.uk","Save up to 40% on our wide range of catering equipment. Reliable equipment at low prices. An apron is a cape on backwards, so power up and be a catering hero. Shop online today. Pay in 3 Available. Backing Britains Best. Commercial Equipment. Recycling Options Offered.","Restaurants & Bars",51396,3,"Service initially good but very…",""
"ecatering.co.uk","Save up to 40% on our wide range of catering equipment. Reliable equipment at low prices. An apron is a cape on backwards, so power up and be a catering hero. Shop online today. Pay in 3 Available. Backing Britains Best. Commercial Equipment. Recycling Options Offered.","Restaurants & Bars",51397,3,"Product was good and easy to buy but I…",""
"ecatering.co.uk","Save up to 40% on our wide range of catering equipment. Reliable equipment at low prices. An apron is a cape on backwards, so power up and be a catering hero. Shop online today. Pay in 3 Available. Backing Britains Best. Commercial Equipment. Recycling Options Offered.","Restaurants & Bars",51398,3,"Could be more helpful",""
"ecatering.co.uk","Save up to 40% on our wide range of catering equipment. Reliable equipment at low prices. An apron is a cape on backwards, so power up and be a catering hero. Shop online today. Pay in 3 Available. Backing Britains Best. Commercial Equipment. Recycling Options Offered.","Restaurants & Bars",51399,2,"Great company, toaster too shallow",""
"ecatering.co.uk","Save up to 40% on our wide range of catering equipment. Reliable equipment at low prices. An apron is a cape on backwards, so power up and be a catering hero. Shop online today. Pay in 3 Available. Backing Britains Best. Commercial Equipment. Recycling Options Offered.","Restaurants & Bars",51400,2,"I did not receive the complimentary tea…",""
"ecatering.co.uk","Save up to 40% on our wide range of catering equipment. Reliable equipment at low prices. An apron is a cape on backwards, so power up and be a catering hero. Shop online today. Pay in 3 Available. Backing Britains Best. Commercial Equipment. Recycling Options Offered.","Restaurants & Bars",51401,2,"Below Par Customer Service",""
"ecatering.co.uk","Save up to 40% on our wide range of catering equipment. Reliable equipment at low prices. An apron is a cape on backwards, so power up and be a catering hero. Shop online today. Pay in 3 Available. Backing Britains Best. Commercial Equipment. Recycling Options Offered.","Restaurants & Bars",51402,2,"The service on delivery was good   I…",""
"ecatering.co.uk","Save up to 40% on our wide range of catering equipment. Reliable equipment at low prices. An apron is a cape on backwards, so power up and be a catering hero. Shop online today. Pay in 3 Available. Backing Britains Best. Commercial Equipment. Recycling Options Offered.","Restaurants & Bars",51403,2,"Cheap prices but after sales and…",""
"ecatering.co.uk","Save up to 40% on our wide range of catering equipment. Reliable equipment at low prices. An apron is a cape on backwards, so power up and be a catering hero. Shop online today. Pay in 3 Available. Backing Britains Best. Commercial Equipment. Recycling Options Offered.","Restaurants & Bars",51404,2,"Parts only warranty and no customer service.",""
"ecatering.co.uk","Save up to 40% on our wide range of catering equipment. Reliable equipment at low prices. An apron is a cape on backwards, so power up and be a catering hero. Shop online today. Pay in 3 Available. Backing Britains Best. Commercial Equipment. Recycling Options Offered.","Restaurants & Bars",51405,2,"Won’t be buying from them…",""
"ecatering.co.uk","Save up to 40% on our wide range of catering equipment. Reliable equipment at low prices. An apron is a cape on backwards, so power up and be a catering hero. Shop online today. Pay in 3 Available. Backing Britains Best. Commercial Equipment. Recycling Options Offered.","Restaurants & Bars",51406,2,"Wow, these guys have no idea about customer service!",""
"ecatering.co.uk","Save up to 40% on our wide range of catering equipment. Reliable equipment at low prices. An apron is a cape on backwards, so power up and be a catering hero. Shop online today. Pay in 3 Available. Backing Britains Best. Commercial Equipment. Recycling Options Offered.","Restaurants & Bars",51407,1,"STAY AWAY FROM THIS, Unprofessional customer service.",""
"ecatering.co.uk","Save up to 40% on our wide range of catering equipment. Reliable equipment at low prices. An apron is a cape on backwards, so power up and be a catering hero. Shop online today. Pay in 3 Available. Backing Britains Best. Commercial Equipment. Recycling Options Offered.","Restaurants & Bars",51408,1,"Less than 0 stars if possible",""
"coconut-merchant.com","Hi! We're Coconut Merchant. We proudly produce the UK’s widest range of award-winning and ethically sourced coconut products. An on-shelf farmers’ market, we work directly with farmers across the world to source and develop only the highest quality products for our ever-growing range. 

Whether you're looking for coconut essentials like our cold-pressed organic coconut oil or innovations like our Great Taste top 50 awarded organic coconut jam, we've got it covered.","Restaurants & Bars",51427,5,"Great products and amazing customer service",""
"coconut-merchant.com","Hi! We're Coconut Merchant. We proudly produce the UK’s widest range of award-winning and ethically sourced coconut products. An on-shelf farmers’ market, we work directly with farmers across the world to source and develop only the highest quality products for our ever-growing range. 

Whether you're looking for coconut essentials like our cold-pressed organic coconut oil or innovations like our Great Taste top 50 awarded organic coconut jam, we've got it covered.","Restaurants & Bars",51428,5,"My third order and all great as usual",""
"coconut-merchant.com","Hi! We're Coconut Merchant. We proudly produce the UK’s widest range of award-winning and ethically sourced coconut products. An on-shelf farmers’ market, we work directly with farmers across the world to source and develop only the highest quality products for our ever-growing range. 

Whether you're looking for coconut essentials like our cold-pressed organic coconut oil or innovations like our Great Taste top 50 awarded organic coconut jam, we've got it covered.","Restaurants & Bars",51429,5,"Order was delivered in time ",""
"coconut-merchant.com","Hi! We're Coconut Merchant. We proudly produce the UK’s widest range of award-winning and ethically sourced coconut products. An on-shelf farmers’ market, we work directly with farmers across the world to source and develop only the highest quality products for our ever-growing range. 

Whether you're looking for coconut essentials like our cold-pressed organic coconut oil or innovations like our Great Taste top 50 awarded organic coconut jam, we've got it covered.","Restaurants & Bars",51430,5,"Brilliant Products ",""
"coconut-merchant.com","Hi! We're Coconut Merchant. We proudly produce the UK’s widest range of award-winning and ethically sourced coconut products. An on-shelf farmers’ market, we work directly with farmers across the world to source and develop only the highest quality products for our ever-growing range. 

Whether you're looking for coconut essentials like our cold-pressed organic coconut oil or innovations like our Great Taste top 50 awarded organic coconut jam, we've got it covered.","Restaurants & Bars",51431,5,"Excellent product am vegan so it's my …",""
"coconut-merchant.com","Hi! We're Coconut Merchant. We proudly produce the UK’s widest range of award-winning and ethically sourced coconut products. An on-shelf farmers’ market, we work directly with farmers across the world to source and develop only the highest quality products for our ever-growing range. 

Whether you're looking for coconut essentials like our cold-pressed organic coconut oil or innovations like our Great Taste top 50 awarded organic coconut jam, we've got it covered.","Restaurants & Bars",51432,5,"Easy to navigate website",""
"coconut-merchant.com","Hi! We're Coconut Merchant. We proudly produce the UK’s widest range of award-winning and ethically sourced coconut products. An on-shelf farmers’ market, we work directly with farmers across the world to source and develop only the highest quality products for our ever-growing range. 

Whether you're looking for coconut essentials like our cold-pressed organic coconut oil or innovations like our Great Taste top 50 awarded organic coconut jam, we've got it covered.","Restaurants & Bars",51433,5,"Consistently great products",""
"coconut-merchant.com","Hi! We're Coconut Merchant. We proudly produce the UK’s widest range of award-winning and ethically sourced coconut products. An on-shelf farmers’ market, we work directly with farmers across the world to source and develop only the highest quality products for our ever-growing range. 

Whether you're looking for coconut essentials like our cold-pressed organic coconut oil or innovations like our Great Taste top 50 awarded organic coconut jam, we've got it covered.","Restaurants & Bars",51434,5,"OK -- ORGANIC COCONUT OIL -- 4LITRES…",""
"coconut-merchant.com","Hi! We're Coconut Merchant. We proudly produce the UK’s widest range of award-winning and ethically sourced coconut products. An on-shelf farmers’ market, we work directly with farmers across the world to source and develop only the highest quality products for our ever-growing range. 

Whether you're looking for coconut essentials like our cold-pressed organic coconut oil or innovations like our Great Taste top 50 awarded organic coconut jam, we've got it covered.","Restaurants & Bars",51435,5,"An amazing customer service",""
"coconut-merchant.com","Hi! We're Coconut Merchant. We proudly produce the UK’s widest range of award-winning and ethically sourced coconut products. An on-shelf farmers’ market, we work directly with farmers across the world to source and develop only the highest quality products for our ever-growing range. 

Whether you're looking for coconut essentials like our cold-pressed organic coconut oil or innovations like our Great Taste top 50 awarded organic coconut jam, we've got it covered.","Restaurants & Bars",51436,5,"Really helpful and friendly service!",""
"coconut-merchant.com","Hi! We're Coconut Merchant. We proudly produce the UK’s widest range of award-winning and ethically sourced coconut products. An on-shelf farmers’ market, we work directly with farmers across the world to source and develop only the highest quality products for our ever-growing range. 

Whether you're looking for coconut essentials like our cold-pressed organic coconut oil or innovations like our Great Taste top 50 awarded organic coconut jam, we've got it covered.","Restaurants & Bars",51447,4,"Delivery was timely",""
"coconut-merchant.com","Hi! We're Coconut Merchant. We proudly produce the UK’s widest range of award-winning and ethically sourced coconut products. An on-shelf farmers’ market, we work directly with farmers across the world to source and develop only the highest quality products for our ever-growing range. 

Whether you're looking for coconut essentials like our cold-pressed organic coconut oil or innovations like our Great Taste top 50 awarded organic coconut jam, we've got it covered.","Restaurants & Bars",51448,4,"I would have given this a five star but…",""
"coconut-merchant.com","Hi! We're Coconut Merchant. We proudly produce the UK’s widest range of award-winning and ethically sourced coconut products. An on-shelf farmers’ market, we work directly with farmers across the world to source and develop only the highest quality products for our ever-growing range. 

Whether you're looking for coconut essentials like our cold-pressed organic coconut oil or innovations like our Great Taste top 50 awarded organic coconut jam, we've got it covered.","Restaurants & Bars",51449,4,"Good customer service",""
"coconut-merchant.com","Hi! We're Coconut Merchant. We proudly produce the UK’s widest range of award-winning and ethically sourced coconut products. An on-shelf farmers’ market, we work directly with farmers across the world to source and develop only the highest quality products for our ever-growing range. 

Whether you're looking for coconut essentials like our cold-pressed organic coconut oil or innovations like our Great Taste top 50 awarded organic coconut jam, we've got it covered.","Restaurants & Bars",51450,4,"Really like this coconut water",""
"coconut-merchant.com","Hi! We're Coconut Merchant. We proudly produce the UK’s widest range of award-winning and ethically sourced coconut products. An on-shelf farmers’ market, we work directly with farmers across the world to source and develop only the highest quality products for our ever-growing range. 

Whether you're looking for coconut essentials like our cold-pressed organic coconut oil or innovations like our Great Taste top 50 awarded organic coconut jam, we've got it covered.","Restaurants & Bars",51451,4,"Always good product and service",""
"coconut-merchant.com","Hi! We're Coconut Merchant. We proudly produce the UK’s widest range of award-winning and ethically sourced coconut products. An on-shelf farmers’ market, we work directly with farmers across the world to source and develop only the highest quality products for our ever-growing range. 

Whether you're looking for coconut essentials like our cold-pressed organic coconut oil or innovations like our Great Taste top 50 awarded organic coconut jam, we've got it covered.","Restaurants & Bars",51452,4,"Quick service and delivery",""
"coconut-merchant.com","Hi! We're Coconut Merchant. We proudly produce the UK’s widest range of award-winning and ethically sourced coconut products. An on-shelf farmers’ market, we work directly with farmers across the world to source and develop only the highest quality products for our ever-growing range. 

Whether you're looking for coconut essentials like our cold-pressed organic coconut oil or innovations like our Great Taste top 50 awarded organic coconut jam, we've got it covered.","Restaurants & Bars",51453,4,"Wanted to buy watermelon juice",""
"coconut-merchant.com","Hi! We're Coconut Merchant. We proudly produce the UK’s widest range of award-winning and ethically sourced coconut products. An on-shelf farmers’ market, we work directly with farmers across the world to source and develop only the highest quality products for our ever-growing range. 

Whether you're looking for coconut essentials like our cold-pressed organic coconut oil or innovations like our Great Taste top 50 awarded organic coconut jam, we've got it covered.","Restaurants & Bars",51454,4,"Good product and price Coconut Oil…",""
"coconut-merchant.com","Hi! We're Coconut Merchant. We proudly produce the UK’s widest range of award-winning and ethically sourced coconut products. An on-shelf farmers’ market, we work directly with farmers across the world to source and develop only the highest quality products for our ever-growing range. 

Whether you're looking for coconut essentials like our cold-pressed organic coconut oil or innovations like our Great Taste top 50 awarded organic coconut jam, we've got it covered.","Restaurants & Bars",51455,4,"Good products though there were issues…",""
"coconut-merchant.com","Hi! We're Coconut Merchant. We proudly produce the UK’s widest range of award-winning and ethically sourced coconut products. An on-shelf farmers’ market, we work directly with farmers across the world to source and develop only the highest quality products for our ever-growing range. 

Whether you're looking for coconut essentials like our cold-pressed organic coconut oil or innovations like our Great Taste top 50 awarded organic coconut jam, we've got it covered.","Restaurants & Bars",51456,4,"Speedy delivery",""
"coconut-merchant.com","Hi! We're Coconut Merchant. We proudly produce the UK’s widest range of award-winning and ethically sourced coconut products. An on-shelf farmers’ market, we work directly with farmers across the world to source and develop only the highest quality products for our ever-growing range. 

Whether you're looking for coconut essentials like our cold-pressed organic coconut oil or innovations like our Great Taste top 50 awarded organic coconut jam, we've got it covered.","Restaurants & Bars",51457,4,"I really like some of your produts of…",""
"coconut-merchant.com","Hi! We're Coconut Merchant. We proudly produce the UK’s widest range of award-winning and ethically sourced coconut products. An on-shelf farmers’ market, we work directly with farmers across the world to source and develop only the highest quality products for our ever-growing range. 

Whether you're looking for coconut essentials like our cold-pressed organic coconut oil or innovations like our Great Taste top 50 awarded organic coconut jam, we've got it covered.","Restaurants & Bars",51458,4,"Some nice products at good prices",""
"coconut-merchant.com","Hi! We're Coconut Merchant. We proudly produce the UK’s widest range of award-winning and ethically sourced coconut products. An on-shelf farmers’ market, we work directly with farmers across the world to source and develop only the highest quality products for our ever-growing range. 

Whether you're looking for coconut essentials like our cold-pressed organic coconut oil or innovations like our Great Taste top 50 awarded organic coconut jam, we've got it covered.","Restaurants & Bars",51459,4,"great products",""
"coconut-merchant.com","Hi! We're Coconut Merchant. We proudly produce the UK’s widest range of award-winning and ethically sourced coconut products. An on-shelf farmers’ market, we work directly with farmers across the world to source and develop only the highest quality products for our ever-growing range. 

Whether you're looking for coconut essentials like our cold-pressed organic coconut oil or innovations like our Great Taste top 50 awarded organic coconut jam, we've got it covered.","Restaurants & Bars",51460,4,"This company do a great range and is …",""
"coconut-merchant.com","Hi! We're Coconut Merchant. We proudly produce the UK’s widest range of award-winning and ethically sourced coconut products. An on-shelf farmers’ market, we work directly with farmers across the world to source and develop only the highest quality products for our ever-growing range. 

Whether you're looking for coconut essentials like our cold-pressed organic coconut oil or innovations like our Great Taste top 50 awarded organic coconut jam, we've got it covered.","Restaurants & Bars",51461,4,"The products are great",""
"coconut-merchant.com","Hi! We're Coconut Merchant. We proudly produce the UK’s widest range of award-winning and ethically sourced coconut products. An on-shelf farmers’ market, we work directly with farmers across the world to source and develop only the highest quality products for our ever-growing range. 

Whether you're looking for coconut essentials like our cold-pressed organic coconut oil or innovations like our Great Taste top 50 awarded organic coconut jam, we've got it covered.","Restaurants & Bars",51462,4,"the product is very good- I'm very…",""
"coconut-merchant.com","Hi! We're Coconut Merchant. We proudly produce the UK’s widest range of award-winning and ethically sourced coconut products. An on-shelf farmers’ market, we work directly with farmers across the world to source and develop only the highest quality products for our ever-growing range. 

Whether you're looking for coconut essentials like our cold-pressed organic coconut oil or innovations like our Great Taste top 50 awarded organic coconut jam, we've got it covered.","Restaurants & Bars",51463,4,"Had a little trouble with receiving my …",""
"coconut-merchant.com","Hi! We're Coconut Merchant. We proudly produce the UK’s widest range of award-winning and ethically sourced coconut products. An on-shelf farmers’ market, we work directly with farmers across the world to source and develop only the highest quality products for our ever-growing range. 

Whether you're looking for coconut essentials like our cold-pressed organic coconut oil or innovations like our Great Taste top 50 awarded organic coconut jam, we've got it covered.","Restaurants & Bars",51464,4,"good selection and speedy delivery",""
"coconut-merchant.com","Hi! We're Coconut Merchant. We proudly produce the UK’s widest range of award-winning and ethically sourced coconut products. An on-shelf farmers’ market, we work directly with farmers across the world to source and develop only the highest quality products for our ever-growing range. 

Whether you're looking for coconut essentials like our cold-pressed organic coconut oil or innovations like our Great Taste top 50 awarded organic coconut jam, we've got it covered.","Restaurants & Bars",51465,4,"I particularly enjoyed the coconut…BEST CHIPS EVER",""
"coconut-merchant.com","Hi! We're Coconut Merchant. We proudly produce the UK’s widest range of award-winning and ethically sourced coconut products. An on-shelf farmers’ market, we work directly with farmers across the world to source and develop only the highest quality products for our ever-growing range. 

Whether you're looking for coconut essentials like our cold-pressed organic coconut oil or innovations like our Great Taste top 50 awarded organic coconut jam, we've got it covered.","Restaurants & Bars",51466,3,"I emailed and live chatted you about my…",""
"coconut-merchant.com","Hi! We're Coconut Merchant. We proudly produce the UK’s widest range of award-winning and ethically sourced coconut products. An on-shelf farmers’ market, we work directly with farmers across the world to source and develop only the highest quality products for our ever-growing range. 

Whether you're looking for coconut essentials like our cold-pressed organic coconut oil or innovations like our Great Taste top 50 awarded organic coconut jam, we've got it covered.","Restaurants & Bars",51467,3,"After placing my subscription order …",""
"coconut-merchant.com","Hi! We're Coconut Merchant. We proudly produce the UK’s widest range of award-winning and ethically sourced coconut products. An on-shelf farmers’ market, we work directly with farmers across the world to source and develop only the highest quality products for our ever-growing range. 

Whether you're looking for coconut essentials like our cold-pressed organic coconut oil or innovations like our Great Taste top 50 awarded organic coconut jam, we've got it covered.","Restaurants & Bars",51468,3,"let down by couier",""
"coconut-merchant.com","Hi! We're Coconut Merchant. We proudly produce the UK’s widest range of award-winning and ethically sourced coconut products. An on-shelf farmers’ market, we work directly with farmers across the world to source and develop only the highest quality products for our ever-growing range. 

Whether you're looking for coconut essentials like our cold-pressed organic coconut oil or innovations like our Great Taste top 50 awarded organic coconut jam, we've got it covered.","Restaurants & Bars",51469,2,"Haven’t received my order",""
"coconut-merchant.com","Hi! We're Coconut Merchant. We proudly produce the UK’s widest range of award-winning and ethically sourced coconut products. An on-shelf farmers’ market, we work directly with farmers across the world to source and develop only the highest quality products for our ever-growing range. 

Whether you're looking for coconut essentials like our cold-pressed organic coconut oil or innovations like our Great Taste top 50 awarded organic coconut jam, we've got it covered.","Restaurants & Bars",51470,2,"The items arrived on time but two of…",""
"coconut-merchant.com","Hi! We're Coconut Merchant. We proudly produce the UK’s widest range of award-winning and ethically sourced coconut products. An on-shelf farmers’ market, we work directly with farmers across the world to source and develop only the highest quality products for our ever-growing range. 

Whether you're looking for coconut essentials like our cold-pressed organic coconut oil or innovations like our Great Taste top 50 awarded organic coconut jam, we've got it covered.","Restaurants & Bars",51471,2,"Leaked",""
"coconut-merchant.com","Hi! We're Coconut Merchant. We proudly produce the UK’s widest range of award-winning and ethically sourced coconut products. An on-shelf farmers’ market, we work directly with farmers across the world to source and develop only the highest quality products for our ever-growing range. 

Whether you're looking for coconut essentials like our cold-pressed organic coconut oil or innovations like our Great Taste top 50 awarded organic coconut jam, we've got it covered.","Restaurants & Bars",51472,2,"Great product and service but expensive…",""
"coconut-merchant.com","Hi! We're Coconut Merchant. We proudly produce the UK’s widest range of award-winning and ethically sourced coconut products. An on-shelf farmers’ market, we work directly with farmers across the world to source and develop only the highest quality products for our ever-growing range. 

Whether you're looking for coconut essentials like our cold-pressed organic coconut oil or innovations like our Great Taste top 50 awarded organic coconut jam, we've got it covered.","Restaurants & Bars",51473,2,"One item was missing from the order",""
"coconut-merchant.com","Hi! We're Coconut Merchant. We proudly produce the UK’s widest range of award-winning and ethically sourced coconut products. An on-shelf farmers’ market, we work directly with farmers across the world to source and develop only the highest quality products for our ever-growing range. 

Whether you're looking for coconut essentials like our cold-pressed organic coconut oil or innovations like our Great Taste top 50 awarded organic coconut jam, we've got it covered.","Restaurants & Bars",51474,1,"Hello",""
"coconut-merchant.com","Hi! We're Coconut Merchant. We proudly produce the UK’s widest range of award-winning and ethically sourced coconut products. An on-shelf farmers’ market, we work directly with farmers across the world to source and develop only the highest quality products for our ever-growing range. 

Whether you're looking for coconut essentials like our cold-pressed organic coconut oil or innovations like our Great Taste top 50 awarded organic coconut jam, we've got it covered.","Restaurants & Bars",51475,1,"As usual DPD couldn’t find my address…",""
"coconut-merchant.com","Hi! We're Coconut Merchant. We proudly produce the UK’s widest range of award-winning and ethically sourced coconut products. An on-shelf farmers’ market, we work directly with farmers across the world to source and develop only the highest quality products for our ever-growing range. 

Whether you're looking for coconut essentials like our cold-pressed organic coconut oil or innovations like our Great Taste top 50 awarded organic coconut jam, we've got it covered.","Restaurants & Bars",51476,1,"Not delivered and no response from two…",""
"coconut-merchant.com","Hi! We're Coconut Merchant. We proudly produce the UK’s widest range of award-winning and ethically sourced coconut products. An on-shelf farmers’ market, we work directly with farmers across the world to source and develop only the highest quality products for our ever-growing range. 

Whether you're looking for coconut essentials like our cold-pressed organic coconut oil or innovations like our Great Taste top 50 awarded organic coconut jam, we've got it covered.","Restaurants & Bars",51477,1,"Love the products but customer service …",""
"coconut-merchant.com","Hi! We're Coconut Merchant. We proudly produce the UK’s widest range of award-winning and ethically sourced coconut products. An on-shelf farmers’ market, we work directly with farmers across the world to source and develop only the highest quality products for our ever-growing range. 

Whether you're looking for coconut essentials like our cold-pressed organic coconut oil or innovations like our Great Taste top 50 awarded organic coconut jam, we've got it covered.","Restaurants & Bars",51478,1,"Extremely disappointed 😔",""
"www.theshineygreek.com","High quality traditional Greek food delivered to your door.","Restaurants & Bars",51481,5,"Amazing cuisine",""
"www.theshineygreek.com","High quality traditional Greek food delivered to your door.","Restaurants & Bars",51482,5,"Great service food very good",""
"www.theshineygreek.com","High quality traditional Greek food delivered to your door.","Restaurants & Bars",51483,5,"Excellent food & portions at a decent…",""
"www.theshineygreek.com","High quality traditional Greek food delivered to your door.","Restaurants & Bars",51484,5,"Outstanding",""
"www.theshineygreek.com","High quality traditional Greek food delivered to your door.","Restaurants & Bars",51485,5,"5* quality and service",""
"www.theshineygreek.com","High quality traditional Greek food delivered to your door.","Restaurants & Bars",51486,5,"Top tier scran",""
"www.theshineygreek.com","High quality traditional Greek food delivered to your door.","Restaurants & Bars",51487,5,"Had fabulous food in Crete…",""
"www.theshineygreek.com","High quality traditional Greek food delivered to your door.","Restaurants & Bars",51488,5,"Not my first order and not the last!",""
"www.theshineygreek.com","High quality traditional Greek food delivered to your door.","Restaurants & Bars",51489,5,"Wow fantastic meals and great service.",""
"www.theshineygreek.com","High quality traditional Greek food delivered to your door.","Restaurants & Bars",51490,5,"The most delicious authentic Greek food…",""
"www.theshineygreek.com","High quality traditional Greek food delivered to your door.","Restaurants & Bars",51501,4,"Lovely food",""
"www.thecotswoldschef.co.uk","Passion for food is the reason for us to bring quality on your table. From tasty street food to quality dining. Combining italian culinary background with local ingredients sourced in Cotswolds. We prepare,cook and serve English and Mediterranean cuisine.","Restaurants & Bars",51502,5,"This was a special Birthday made all…",""
"www.thecotswoldschef.co.uk","Passion for food is the reason for us to bring quality on your table. From tasty street food to quality dining. Combining italian culinary background with local ingredients sourced in Cotswolds. We prepare,cook and serve English and Mediterranean cuisine.","Restaurants & Bars",51503,5,"Perfect food for an intimate wedding feast",""
"www.thecotswoldschef.co.uk","Passion for food is the reason for us to bring quality on your table. From tasty street food to quality dining. Combining italian culinary background with local ingredients sourced in Cotswolds. We prepare,cook and serve English and Mediterranean cuisine.","Restaurants & Bars",51504,5,"Outstanding from start to finish",""
"www.thecotswoldschef.co.uk","Passion for food is the reason for us to bring quality on your table. From tasty street food to quality dining. Combining italian culinary background with local ingredients sourced in Cotswolds. We prepare,cook and serve English and Mediterranean cuisine.","Restaurants & Bars",51505,5,"A truly wonderful evening and spectacular food! Thank you Guido!",""
"www.thecotswoldschef.co.uk","Passion for food is the reason for us to bring quality on your table. From tasty street food to quality dining. Combining italian culinary background with local ingredients sourced in Cotswolds. We prepare,cook and serve English and Mediterranean cuisine.","Restaurants & Bars",51506,5,"Exceptional evening delivered by Guido and Jo",""
"www.thecotswoldschef.co.uk","Passion for food is the reason for us to bring quality on your table. From tasty street food to quality dining. Combining italian culinary background with local ingredients sourced in Cotswolds. We prepare,cook and serve English and Mediterranean cuisine.","Restaurants & Bars",51507,5,"Outstanding!",""
"www.thecotswoldschef.co.uk","Passion for food is the reason for us to bring quality on your table. From tasty street food to quality dining. Combining italian culinary background with local ingredients sourced in Cotswolds. We prepare,cook and serve English and Mediterranean cuisine.","Restaurants & Bars",51508,5,"Excellent service and delicious food",""
"www.thecotswoldschef.co.uk","Passion for food is the reason for us to bring quality on your table. From tasty street food to quality dining. Combining italian culinary background with local ingredients sourced in Cotswolds. We prepare,cook and serve English and Mediterranean cuisine.","Restaurants & Bars",51509,5,"A must if staying in the Cotswolds!",""
"www.thecotswoldschef.co.uk","Passion for food is the reason for us to bring quality on your table. From tasty street food to quality dining. Combining italian culinary background with local ingredients sourced in Cotswolds. We prepare,cook and serve English and Mediterranean cuisine.","Restaurants & Bars",51510,5,"How to make a celebration extra…",""
"www.thecotswoldschef.co.uk","Passion for food is the reason for us to bring quality on your table. From tasty street food to quality dining. Combining italian culinary background with local ingredients sourced in Cotswolds. We prepare,cook and serve English and Mediterranean cuisine.","Restaurants & Bars",51511,5,"5 star food and service",""
"www.thecotswoldschef.co.uk","Passion for food is the reason for us to bring quality on your table. From tasty street food to quality dining. Combining italian culinary background with local ingredients sourced in Cotswolds. We prepare,cook and serve English and Mediterranean cuisine.","Restaurants & Bars",51522,4,"lovely night lots of choices.food was…",""
"www.thecotswoldschef.co.uk","Passion for food is the reason for us to bring quality on your table. From tasty street food to quality dining. Combining italian culinary background with local ingredients sourced in Cotswolds. We prepare,cook and serve English and Mediterranean cuisine.","Restaurants & Bars",51523,4,"Thank you so much for cooking for us on…",""
"www.thecotswoldschef.co.uk","Passion for food is the reason for us to bring quality on your table. From tasty street food to quality dining. Combining italian culinary background with local ingredients sourced in Cotswolds. We prepare,cook and serve English and Mediterranean cuisine.","Restaurants & Bars",51524,4,"Was a lovely overall experience and…",""
"www.thecotswoldschef.co.uk","Passion for food is the reason for us to bring quality on your table. From tasty street food to quality dining. Combining italian culinary background with local ingredients sourced in Cotswolds. We prepare,cook and serve English and Mediterranean cuisine.","Restaurants & Bars",51525,4,"A lovely meal experience in the…",""
"www.thecotswoldschef.co.uk","Passion for food is the reason for us to bring quality on your table. From tasty street food to quality dining. Combining italian culinary background with local ingredients sourced in Cotswolds. We prepare,cook and serve English and Mediterranean cuisine.","Restaurants & Bars",51526,4,"Good",""
"www.thecotswoldschef.co.uk","Passion for food is the reason for us to bring quality on your table. From tasty street food to quality dining. Combining italian culinary background with local ingredients sourced in Cotswolds. We prepare,cook and serve English and Mediterranean cuisine.","Restaurants & Bars",51527,4,"Outstanding Service",""
"hellofresh.co.uk","You’ll choose your favourites from our weekly menu of exciting recipes and decide how many meals you’d like for however many people. Then, we’ll deliver those recipes and fresh ingredients to your door, every week, so you can cook delicious dinners of your choice. We’ve got recipes for everyone from meat eaters to vegetarians, families to couples and from those with low calorie diets to others who want quick, easy recipes. Most importantly, you’re in control of your box, so you can skip a week or two whenever you like in your account area. 

#HelloFreshUK 
#HelloFreshsnaps 
#HelloFreshmoment","Restaurants & Bars",51528,5,"This choice has changed my life",""
"hellofresh.co.uk","You’ll choose your favourites from our weekly menu of exciting recipes and decide how many meals you’d like for however many people. Then, we’ll deliver those recipes and fresh ingredients to your door, every week, so you can cook delicious dinners of your choice. We’ve got recipes for everyone from meat eaters to vegetarians, families to couples and from those with low calorie diets to others who want quick, easy recipes. Most importantly, you’re in control of your box, so you can skip a week or two whenever you like in your account area. 

#HelloFreshUK 
#HelloFreshsnaps 
#HelloFreshmoment","Restaurants & Bars",51529,5,"Enjoy Hello Fresh",""
"hellofresh.co.uk","You’ll choose your favourites from our weekly menu of exciting recipes and decide how many meals you’d like for however many people. Then, we’ll deliver those recipes and fresh ingredients to your door, every week, so you can cook delicious dinners of your choice. We’ve got recipes for everyone from meat eaters to vegetarians, families to couples and from those with low calorie diets to others who want quick, easy recipes. Most importantly, you’re in control of your box, so you can skip a week or two whenever you like in your account area. 

#HelloFreshUK 
#HelloFreshsnaps 
#HelloFreshmoment","Restaurants & Bars",51530,5,"Tasty and varied meals that are easy to…",""
"hellofresh.co.uk","You’ll choose your favourites from our weekly menu of exciting recipes and decide how many meals you’d like for however many people. Then, we’ll deliver those recipes and fresh ingredients to your door, every week, so you can cook delicious dinners of your choice. We’ve got recipes for everyone from meat eaters to vegetarians, families to couples and from those with low calorie diets to others who want quick, easy recipes. Most importantly, you’re in control of your box, so you can skip a week or two whenever you like in your account area. 

#HelloFreshUK 
#HelloFreshsnaps 
#HelloFreshmoment","Restaurants & Bars",51531,5,"Christmas dinner was given 10/10 by…",""
"hellofresh.co.uk","You’ll choose your favourites from our weekly menu of exciting recipes and decide how many meals you’d like for however many people. Then, we’ll deliver those recipes and fresh ingredients to your door, every week, so you can cook delicious dinners of your choice. We’ve got recipes for everyone from meat eaters to vegetarians, families to couples and from those with low calorie diets to others who want quick, easy recipes. Most importantly, you’re in control of your box, so you can skip a week or two whenever you like in your account area. 

#HelloFreshUK 
#HelloFreshsnaps 
#HelloFreshmoment","Restaurants & Bars",51532,5,"Absolutely amazing food great choices…",""
"hellofresh.co.uk","You’ll choose your favourites from our weekly menu of exciting recipes and decide how many meals you’d like for however many people. Then, we’ll deliver those recipes and fresh ingredients to your door, every week, so you can cook delicious dinners of your choice. We’ve got recipes for everyone from meat eaters to vegetarians, families to couples and from those with low calorie diets to others who want quick, easy recipes. Most importantly, you’re in control of your box, so you can skip a week or two whenever you like in your account area. 

#HelloFreshUK 
#HelloFreshsnaps 
#HelloFreshmoment","Restaurants & Bars",51533,5,"This was my first Hello Fresh meal to…",""
"hellofresh.co.uk","You’ll choose your favourites from our weekly menu of exciting recipes and decide how many meals you’d like for however many people. Then, we’ll deliver those recipes and fresh ingredients to your door, every week, so you can cook delicious dinners of your choice. We’ve got recipes for everyone from meat eaters to vegetarians, families to couples and from those with low calorie diets to others who want quick, easy recipes. Most importantly, you’re in control of your box, so you can skip a week or two whenever you like in your account area. 

#HelloFreshUK 
#HelloFreshsnaps 
#HelloFreshmoment","Restaurants & Bars",51534,5,"Delicious and simple to follow. ",""
"hellofresh.co.uk","You’ll choose your favourites from our weekly menu of exciting recipes and decide how many meals you’d like for however many people. Then, we’ll deliver those recipes and fresh ingredients to your door, every week, so you can cook delicious dinners of your choice. We’ve got recipes for everyone from meat eaters to vegetarians, families to couples and from those with low calorie diets to others who want quick, easy recipes. Most importantly, you’re in control of your box, so you can skip a week or two whenever you like in your account area. 

#HelloFreshUK 
#HelloFreshsnaps 
#HelloFreshmoment","Restaurants & Bars",51535,5,"I love HelloFresh",""
"hellofresh.co.uk","You’ll choose your favourites from our weekly menu of exciting recipes and decide how many meals you’d like for however many people. Then, we’ll deliver those recipes and fresh ingredients to your door, every week, so you can cook delicious dinners of your choice. We’ve got recipes for everyone from meat eaters to vegetarians, families to couples and from those with low calorie diets to others who want quick, easy recipes. Most importantly, you’re in control of your box, so you can skip a week or two whenever you like in your account area. 

#HelloFreshUK 
#HelloFreshsnaps 
#HelloFreshmoment","Restaurants & Bars",51536,5,"A meat-free revelation. ",""
"hellofresh.co.uk","You’ll choose your favourites from our weekly menu of exciting recipes and decide how many meals you’d like for however many people. Then, we’ll deliver those recipes and fresh ingredients to your door, every week, so you can cook delicious dinners of your choice. We’ve got recipes for everyone from meat eaters to vegetarians, families to couples and from those with low calorie diets to others who want quick, easy recipes. Most importantly, you’re in control of your box, so you can skip a week or two whenever you like in your account area. 

#HelloFreshUK 
#HelloFreshsnaps 
#HelloFreshmoment","Restaurants & Bars",51537,5,"The Christmas meal",""
"hellofresh.co.uk","You’ll choose your favourites from our weekly menu of exciting recipes and decide how many meals you’d like for however many people. Then, we’ll deliver those recipes and fresh ingredients to your door, every week, so you can cook delicious dinners of your choice. We’ve got recipes for everyone from meat eaters to vegetarians, families to couples and from those with low calorie diets to others who want quick, easy recipes. Most importantly, you’re in control of your box, so you can skip a week or two whenever you like in your account area. 

#HelloFreshUK 
#HelloFreshsnaps 
#HelloFreshmoment","Restaurants & Bars",51548,4,"When the meals turn up it's good",""
"hellofresh.co.uk","You’ll choose your favourites from our weekly menu of exciting recipes and decide how many meals you’d like for however many people. Then, we’ll deliver those recipes and fresh ingredients to your door, every week, so you can cook delicious dinners of your choice. We’ve got recipes for everyone from meat eaters to vegetarians, families to couples and from those with low calorie diets to others who want quick, easy recipes. Most importantly, you’re in control of your box, so you can skip a week or two whenever you like in your account area. 

#HelloFreshUK 
#HelloFreshsnaps 
#HelloFreshmoment","Restaurants & Bars",51549,4,"Get cooking",""
"hellofresh.co.uk","You’ll choose your favourites from our weekly menu of exciting recipes and decide how many meals you’d like for however many people. Then, we’ll deliver those recipes and fresh ingredients to your door, every week, so you can cook delicious dinners of your choice. We’ve got recipes for everyone from meat eaters to vegetarians, families to couples and from those with low calorie diets to others who want quick, easy recipes. Most importantly, you’re in control of your box, so you can skip a week or two whenever you like in your account area. 

#HelloFreshUK 
#HelloFreshsnaps 
#HelloFreshmoment","Restaurants & Bars",51550,4,"So far so good ",""
"hellofresh.co.uk","You’ll choose your favourites from our weekly menu of exciting recipes and decide how many meals you’d like for however many people. Then, we’ll deliver those recipes and fresh ingredients to your door, every week, so you can cook delicious dinners of your choice. We’ve got recipes for everyone from meat eaters to vegetarians, families to couples and from those with low calorie diets to others who want quick, easy recipes. Most importantly, you’re in control of your box, so you can skip a week or two whenever you like in your account area. 

#HelloFreshUK 
#HelloFreshsnaps 
#HelloFreshmoment","Restaurants & Bars",51551,4,"I had to call the Hello Fresh customer…",""
"hellofresh.co.uk","You’ll choose your favourites from our weekly menu of exciting recipes and decide how many meals you’d like for however many people. Then, we’ll deliver those recipes and fresh ingredients to your door, every week, so you can cook delicious dinners of your choice. We’ve got recipes for everyone from meat eaters to vegetarians, families to couples and from those with low calorie diets to others who want quick, easy recipes. Most importantly, you’re in control of your box, so you can skip a week or two whenever you like in your account area. 

#HelloFreshUK 
#HelloFreshsnaps 
#HelloFreshmoment","Restaurants & Bars",51552,4,"Food is great ….BUT ",""
"hellofresh.co.uk","You’ll choose your favourites from our weekly menu of exciting recipes and decide how many meals you’d like for however many people. Then, we’ll deliver those recipes and fresh ingredients to your door, every week, so you can cook delicious dinners of your choice. We’ve got recipes for everyone from meat eaters to vegetarians, families to couples and from those with low calorie diets to others who want quick, easy recipes. Most importantly, you’re in control of your box, so you can skip a week or two whenever you like in your account area. 

#HelloFreshUK 
#HelloFreshsnaps 
#HelloFreshmoment","Restaurants & Bars",51553,4,"Serving/portion sizes are great",""
"hellofresh.co.uk","You’ll choose your favourites from our weekly menu of exciting recipes and decide how many meals you’d like for however many people. Then, we’ll deliver those recipes and fresh ingredients to your door, every week, so you can cook delicious dinners of your choice. We’ve got recipes for everyone from meat eaters to vegetarians, families to couples and from those with low calorie diets to others who want quick, easy recipes. Most importantly, you’re in control of your box, so you can skip a week or two whenever you like in your account area. 

#HelloFreshUK 
#HelloFreshsnaps 
#HelloFreshmoment","Restaurants & Bars",51554,4,"Good for trying new foods",""
"hellofresh.co.uk","You’ll choose your favourites from our weekly menu of exciting recipes and decide how many meals you’d like for however many people. Then, we’ll deliver those recipes and fresh ingredients to your door, every week, so you can cook delicious dinners of your choice. We’ve got recipes for everyone from meat eaters to vegetarians, families to couples and from those with low calorie diets to others who want quick, easy recipes. Most importantly, you’re in control of your box, so you can skip a week or two whenever you like in your account area. 

#HelloFreshUK 
#HelloFreshsnaps 
#HelloFreshmoment","Restaurants & Bars",51555,4,"So easy to select nice meals and have…",""
"hellofresh.co.uk","You’ll choose your favourites from our weekly menu of exciting recipes and decide how many meals you’d like for however many people. Then, we’ll deliver those recipes and fresh ingredients to your door, every week, so you can cook delicious dinners of your choice. We’ve got recipes for everyone from meat eaters to vegetarians, families to couples and from those with low calorie diets to others who want quick, easy recipes. Most importantly, you’re in control of your box, so you can skip a week or two whenever you like in your account area. 

#HelloFreshUK 
#HelloFreshsnaps 
#HelloFreshmoment","Restaurants & Bars",51556,4,"Great recipes, even better if use by dates were added to recipes online",""
"hellofresh.co.uk","You’ll choose your favourites from our weekly menu of exciting recipes and decide how many meals you’d like for however many people. Then, we’ll deliver those recipes and fresh ingredients to your door, every week, so you can cook delicious dinners of your choice. We’ve got recipes for everyone from meat eaters to vegetarians, families to couples and from those with low calorie diets to others who want quick, easy recipes. Most importantly, you’re in control of your box, so you can skip a week or two whenever you like in your account area. 

#HelloFreshUK 
#HelloFreshsnaps 
#HelloFreshmoment","Restaurants & Bars",51557,4,"The chance to try new things",""
"hellofresh.co.uk","You’ll choose your favourites from our weekly menu of exciting recipes and decide how many meals you’d like for however many people. Then, we’ll deliver those recipes and fresh ingredients to your door, every week, so you can cook delicious dinners of your choice. We’ve got recipes for everyone from meat eaters to vegetarians, families to couples and from those with low calorie diets to others who want quick, easy recipes. Most importantly, you’re in control of your box, so you can skip a week or two whenever you like in your account area. 

#HelloFreshUK 
#HelloFreshsnaps 
#HelloFreshmoment","Restaurants & Bars",51558,4,"Tasty meals easy to make ",""
"hellofresh.co.uk","You’ll choose your favourites from our weekly menu of exciting recipes and decide how many meals you’d like for however many people. Then, we’ll deliver those recipes and fresh ingredients to your door, every week, so you can cook delicious dinners of your choice. We’ve got recipes for everyone from meat eaters to vegetarians, families to couples and from those with low calorie diets to others who want quick, easy recipes. Most importantly, you’re in control of your box, so you can skip a week or two whenever you like in your account area. 

#HelloFreshUK 
#HelloFreshsnaps 
#HelloFreshmoment","Restaurants & Bars",51559,4,"The recipes are really easy to follow…",""
"hellofresh.co.uk","You’ll choose your favourites from our weekly menu of exciting recipes and decide how many meals you’d like for however many people. Then, we’ll deliver those recipes and fresh ingredients to your door, every week, so you can cook delicious dinners of your choice. We’ve got recipes for everyone from meat eaters to vegetarians, families to couples and from those with low calorie diets to others who want quick, easy recipes. Most importantly, you’re in control of your box, so you can skip a week or two whenever you like in your account area. 

#HelloFreshUK 
#HelloFreshsnaps 
#HelloFreshmoment","Restaurants & Bars",51560,4,"Menus good, wasteful packaging",""
"hellofresh.co.uk","You’ll choose your favourites from our weekly menu of exciting recipes and decide how many meals you’d like for however many people. Then, we’ll deliver those recipes and fresh ingredients to your door, every week, so you can cook delicious dinners of your choice. We’ve got recipes for everyone from meat eaters to vegetarians, families to couples and from those with low calorie diets to others who want quick, easy recipes. Most importantly, you’re in control of your box, so you can skip a week or two whenever you like in your account area. 

#HelloFreshUK 
#HelloFreshsnaps 
#HelloFreshmoment","Restaurants & Bars",51561,4,"Delicious and easy recipes ",""
"hellofresh.co.uk","You’ll choose your favourites from our weekly menu of exciting recipes and decide how many meals you’d like for however many people. Then, we’ll deliver those recipes and fresh ingredients to your door, every week, so you can cook delicious dinners of your choice. We’ve got recipes for everyone from meat eaters to vegetarians, families to couples and from those with low calorie diets to others who want quick, easy recipes. Most importantly, you’re in control of your box, so you can skip a week or two whenever you like in your account area. 

#HelloFreshUK 
#HelloFreshsnaps 
#HelloFreshmoment","Restaurants & Bars",51562,4,"Everything with the food has been…",""
"hellofresh.co.uk","You’ll choose your favourites from our weekly menu of exciting recipes and decide how many meals you’d like for however many people. Then, we’ll deliver those recipes and fresh ingredients to your door, every week, so you can cook delicious dinners of your choice. We’ve got recipes for everyone from meat eaters to vegetarians, families to couples and from those with low calorie diets to others who want quick, easy recipes. Most importantly, you’re in control of your box, so you can skip a week or two whenever you like in your account area. 

#HelloFreshUK 
#HelloFreshsnaps 
#HelloFreshmoment","Restaurants & Bars",51563,4,"Some beautiful recipes",""
"hellofresh.co.uk","You’ll choose your favourites from our weekly menu of exciting recipes and decide how many meals you’d like for however many people. Then, we’ll deliver those recipes and fresh ingredients to your door, every week, so you can cook delicious dinners of your choice. We’ve got recipes for everyone from meat eaters to vegetarians, families to couples and from those with low calorie diets to others who want quick, easy recipes. Most importantly, you’re in control of your box, so you can skip a week or two whenever you like in your account area. 

#HelloFreshUK 
#HelloFreshsnaps 
#HelloFreshmoment","Restaurants & Bars",51564,4,"Recipes delicious and instructions…",""
"hellofresh.co.uk","You’ll choose your favourites from our weekly menu of exciting recipes and decide how many meals you’d like for however many people. Then, we’ll deliver those recipes and fresh ingredients to your door, every week, so you can cook delicious dinners of your choice. We’ve got recipes for everyone from meat eaters to vegetarians, families to couples and from those with low calorie diets to others who want quick, easy recipes. Most importantly, you’re in control of your box, so you can skip a week or two whenever you like in your account area. 

#HelloFreshUK 
#HelloFreshsnaps 
#HelloFreshmoment","Restaurants & Bars",51565,4,"Customer services are quick to answer…",""
"hellofresh.co.uk","You’ll choose your favourites from our weekly menu of exciting recipes and decide how many meals you’d like for however many people. Then, we’ll deliver those recipes and fresh ingredients to your door, every week, so you can cook delicious dinners of your choice. We’ve got recipes for everyone from meat eaters to vegetarians, families to couples and from those with low calorie diets to others who want quick, easy recipes. Most importantly, you’re in control of your box, so you can skip a week or two whenever you like in your account area. 

#HelloFreshUK 
#HelloFreshsnaps 
#HelloFreshmoment","Restaurants & Bars",51566,4,"I look forward to receiving my Hello…",""
"hellofresh.co.uk","You’ll choose your favourites from our weekly menu of exciting recipes and decide how many meals you’d like for however many people. Then, we’ll deliver those recipes and fresh ingredients to your door, every week, so you can cook delicious dinners of your choice. We’ve got recipes for everyone from meat eaters to vegetarians, families to couples and from those with low calorie diets to others who want quick, easy recipes. Most importantly, you’re in control of your box, so you can skip a week or two whenever you like in your account area. 

#HelloFreshUK 
#HelloFreshsnaps 
#HelloFreshmoment","Restaurants & Bars",51567,4,"I like all ",""
"hellofresh.co.uk","You’ll choose your favourites from our weekly menu of exciting recipes and decide how many meals you’d like for however many people. Then, we’ll deliver those recipes and fresh ingredients to your door, every week, so you can cook delicious dinners of your choice. We’ve got recipes for everyone from meat eaters to vegetarians, families to couples and from those with low calorie diets to others who want quick, easy recipes. Most importantly, you’re in control of your box, so you can skip a week or two whenever you like in your account area. 

#HelloFreshUK 
#HelloFreshsnaps 
#HelloFreshmoment","Restaurants & Bars",51568,3,"I recently tried HelloFresh",""
"hellofresh.co.uk","You’ll choose your favourites from our weekly menu of exciting recipes and decide how many meals you’d like for however many people. Then, we’ll deliver those recipes and fresh ingredients to your door, every week, so you can cook delicious dinners of your choice. We’ve got recipes for everyone from meat eaters to vegetarians, families to couples and from those with low calorie diets to others who want quick, easy recipes. Most importantly, you’re in control of your box, so you can skip a week or two whenever you like in your account area. 

#HelloFreshUK 
#HelloFreshsnaps 
#HelloFreshmoment","Restaurants & Bars",51569,3,"Good okay, service not so much",""
"hellofresh.co.uk","You’ll choose your favourites from our weekly menu of exciting recipes and decide how many meals you’d like for however many people. Then, we’ll deliver those recipes and fresh ingredients to your door, every week, so you can cook delicious dinners of your choice. We’ve got recipes for everyone from meat eaters to vegetarians, families to couples and from those with low calorie diets to others who want quick, easy recipes. Most importantly, you’re in control of your box, so you can skip a week or two whenever you like in your account area. 

#HelloFreshUK 
#HelloFreshsnaps 
#HelloFreshmoment","Restaurants & Bars",51570,3,"The meals are extremely delicious and…",""
"hellofresh.co.uk","You’ll choose your favourites from our weekly menu of exciting recipes and decide how many meals you’d like for however many people. Then, we’ll deliver those recipes and fresh ingredients to your door, every week, so you can cook delicious dinners of your choice. We’ve got recipes for everyone from meat eaters to vegetarians, families to couples and from those with low calorie diets to others who want quick, easy recipes. Most importantly, you’re in control of your box, so you can skip a week or two whenever you like in your account area. 

#HelloFreshUK 
#HelloFreshsnaps 
#HelloFreshmoment","Restaurants & Bars",51571,3,"So far one box cost more than expected…",""
"hellofresh.co.uk","You’ll choose your favourites from our weekly menu of exciting recipes and decide how many meals you’d like for however many people. Then, we’ll deliver those recipes and fresh ingredients to your door, every week, so you can cook delicious dinners of your choice. We’ve got recipes for everyone from meat eaters to vegetarians, families to couples and from those with low calorie diets to others who want quick, easy recipes. Most importantly, you’re in control of your box, so you can skip a week or two whenever you like in your account area. 

#HelloFreshUK 
#HelloFreshsnaps 
#HelloFreshmoment","Restaurants & Bars",51572,3,"Ordering process and prices not great",""
"hellofresh.co.uk","You’ll choose your favourites from our weekly menu of exciting recipes and decide how many meals you’d like for however many people. Then, we’ll deliver those recipes and fresh ingredients to your door, every week, so you can cook delicious dinners of your choice. We’ve got recipes for everyone from meat eaters to vegetarians, families to couples and from those with low calorie diets to others who want quick, easy recipes. Most importantly, you’re in control of your box, so you can skip a week or two whenever you like in your account area. 

#HelloFreshUK 
#HelloFreshsnaps 
#HelloFreshmoment","Restaurants & Bars",51573,3,"Hello fresh is great, poor deliveries",""
"hellofresh.co.uk","You’ll choose your favourites from our weekly menu of exciting recipes and decide how many meals you’d like for however many people. Then, we’ll deliver those recipes and fresh ingredients to your door, every week, so you can cook delicious dinners of your choice. We’ve got recipes for everyone from meat eaters to vegetarians, families to couples and from those with low calorie diets to others who want quick, easy recipes. Most importantly, you’re in control of your box, so you can skip a week or two whenever you like in your account area. 

#HelloFreshUK 
#HelloFreshsnaps 
#HelloFreshmoment","Restaurants & Bars",51574,3,"The vegetarian meals are very samey",""
"hellofresh.co.uk","You’ll choose your favourites from our weekly menu of exciting recipes and decide how many meals you’d like for however many people. Then, we’ll deliver those recipes and fresh ingredients to your door, every week, so you can cook delicious dinners of your choice. We’ve got recipes for everyone from meat eaters to vegetarians, families to couples and from those with low calorie diets to others who want quick, easy recipes. Most importantly, you’re in control of your box, so you can skip a week or two whenever you like in your account area. 

#HelloFreshUK 
#HelloFreshsnaps 
#HelloFreshmoment","Restaurants & Bars",51575,3,"Use by dates on meats often too short",""
"hellofresh.co.uk","You’ll choose your favourites from our weekly menu of exciting recipes and decide how many meals you’d like for however many people. Then, we’ll deliver those recipes and fresh ingredients to your door, every week, so you can cook delicious dinners of your choice. We’ve got recipes for everyone from meat eaters to vegetarians, families to couples and from those with low calorie diets to others who want quick, easy recipes. Most importantly, you’re in control of your box, so you can skip a week or two whenever you like in your account area. 

#HelloFreshUK 
#HelloFreshsnaps 
#HelloFreshmoment","Restaurants & Bars",51576,3,"Very few vegetarian options",""
"hellofresh.co.uk","You’ll choose your favourites from our weekly menu of exciting recipes and decide how many meals you’d like for however many people. Then, we’ll deliver those recipes and fresh ingredients to your door, every week, so you can cook delicious dinners of your choice. We’ve got recipes for everyone from meat eaters to vegetarians, families to couples and from those with low calorie diets to others who want quick, easy recipes. Most importantly, you’re in control of your box, so you can skip a week or two whenever you like in your account area. 

#HelloFreshUK 
#HelloFreshsnaps 
#HelloFreshmoment","Restaurants & Bars",51577,3,"Firstly",""
"hellofresh.co.uk","You’ll choose your favourites from our weekly menu of exciting recipes and decide how many meals you’d like for however many people. Then, we’ll deliver those recipes and fresh ingredients to your door, every week, so you can cook delicious dinners of your choice. We’ve got recipes for everyone from meat eaters to vegetarians, families to couples and from those with low calorie diets to others who want quick, easy recipes. Most importantly, you’re in control of your box, so you can skip a week or two whenever you like in your account area. 

#HelloFreshUK 
#HelloFreshsnaps 
#HelloFreshmoment","Restaurants & Bars",51578,3,"Must try harder… ",""
"hellofresh.co.uk","You’ll choose your favourites from our weekly menu of exciting recipes and decide how many meals you’d like for however many people. Then, we’ll deliver those recipes and fresh ingredients to your door, every week, so you can cook delicious dinners of your choice. We’ve got recipes for everyone from meat eaters to vegetarians, families to couples and from those with low calorie diets to others who want quick, easy recipes. Most importantly, you’re in control of your box, so you can skip a week or two whenever you like in your account area. 

#HelloFreshUK 
#HelloFreshsnaps 
#HelloFreshmoment","Restaurants & Bars",51579,3,"I've been a customer for nearly 10…",""
"hellofresh.co.uk","You’ll choose your favourites from our weekly menu of exciting recipes and decide how many meals you’d like for however many people. Then, we’ll deliver those recipes and fresh ingredients to your door, every week, so you can cook delicious dinners of your choice. We’ve got recipes for everyone from meat eaters to vegetarians, families to couples and from those with low calorie diets to others who want quick, easy recipes. Most importantly, you’re in control of your box, so you can skip a week or two whenever you like in your account area. 

#HelloFreshUK 
#HelloFreshsnaps 
#HelloFreshmoment","Restaurants & Bars",51580,3,"Did not enjoy the fact that three meals…",""
"hellofresh.co.uk","You’ll choose your favourites from our weekly menu of exciting recipes and decide how many meals you’d like for however many people. Then, we’ll deliver those recipes and fresh ingredients to your door, every week, so you can cook delicious dinners of your choice. We’ve got recipes for everyone from meat eaters to vegetarians, families to couples and from those with low calorie diets to others who want quick, easy recipes. Most importantly, you’re in control of your box, so you can skip a week or two whenever you like in your account area. 

#HelloFreshUK 
#HelloFreshsnaps 
#HelloFreshmoment","Restaurants & Bars",51581,3,"Too samey",""
"hellofresh.co.uk","You’ll choose your favourites from our weekly menu of exciting recipes and decide how many meals you’d like for however many people. Then, we’ll deliver those recipes and fresh ingredients to your door, every week, so you can cook delicious dinners of your choice. We’ve got recipes for everyone from meat eaters to vegetarians, families to couples and from those with low calorie diets to others who want quick, easy recipes. Most importantly, you’re in control of your box, so you can skip a week or two whenever you like in your account area. 

#HelloFreshUK 
#HelloFreshsnaps 
#HelloFreshmoment","Restaurants & Bars",51582,3,"Most meals were very tasty",""
"hellofresh.co.uk","You’ll choose your favourites from our weekly menu of exciting recipes and decide how many meals you’d like for however many people. Then, we’ll deliver those recipes and fresh ingredients to your door, every week, so you can cook delicious dinners of your choice. We’ve got recipes for everyone from meat eaters to vegetarians, families to couples and from those with low calorie diets to others who want quick, easy recipes. Most importantly, you’re in control of your box, so you can skip a week or two whenever you like in your account area. 

#HelloFreshUK 
#HelloFreshsnaps 
#HelloFreshmoment","Restaurants & Bars",51583,3,"Please increase the amount of recycling…",""
"hellofresh.co.uk","You’ll choose your favourites from our weekly menu of exciting recipes and decide how many meals you’d like for however many people. Then, we’ll deliver those recipes and fresh ingredients to your door, every week, so you can cook delicious dinners of your choice. We’ve got recipes for everyone from meat eaters to vegetarians, families to couples and from those with low calorie diets to others who want quick, easy recipes. Most importantly, you’re in control of your box, so you can skip a week or two whenever you like in your account area. 

#HelloFreshUK 
#HelloFreshsnaps 
#HelloFreshmoment","Restaurants & Bars",51584,3,"Foods good but service terrible ",""
"hellofresh.co.uk","You’ll choose your favourites from our weekly menu of exciting recipes and decide how many meals you’d like for however many people. Then, we’ll deliver those recipes and fresh ingredients to your door, every week, so you can cook delicious dinners of your choice. We’ve got recipes for everyone from meat eaters to vegetarians, families to couples and from those with low calorie diets to others who want quick, easy recipes. Most importantly, you’re in control of your box, so you can skip a week or two whenever you like in your account area. 

#HelloFreshUK 
#HelloFreshsnaps 
#HelloFreshmoment","Restaurants & Bars",51585,3,"It’s just ok.",""
"hellofresh.co.uk","You’ll choose your favourites from our weekly menu of exciting recipes and decide how many meals you’d like for however many people. Then, we’ll deliver those recipes and fresh ingredients to your door, every week, so you can cook delicious dinners of your choice. We’ve got recipes for everyone from meat eaters to vegetarians, families to couples and from those with low calorie diets to others who want quick, easy recipes. Most importantly, you’re in control of your box, so you can skip a week or two whenever you like in your account area. 

#HelloFreshUK 
#HelloFreshsnaps 
#HelloFreshmoment","Restaurants & Bars",51586,3,"Recipe was great , but green beans inedible ",""
"hellofresh.co.uk","You’ll choose your favourites from our weekly menu of exciting recipes and decide how many meals you’d like for however many people. Then, we’ll deliver those recipes and fresh ingredients to your door, every week, so you can cook delicious dinners of your choice. We’ve got recipes for everyone from meat eaters to vegetarians, families to couples and from those with low calorie diets to others who want quick, easy recipes. Most importantly, you’re in control of your box, so you can skip a week or two whenever you like in your account area. 

#HelloFreshUK 
#HelloFreshsnaps 
#HelloFreshmoment","Restaurants & Bars",51587,3,"Good meals but can be inconsistent…. ",""
"hellofresh.co.uk","You’ll choose your favourites from our weekly menu of exciting recipes and decide how many meals you’d like for however many people. Then, we’ll deliver those recipes and fresh ingredients to your door, every week, so you can cook delicious dinners of your choice. We’ve got recipes for everyone from meat eaters to vegetarians, families to couples and from those with low calorie diets to others who want quick, easy recipes. Most importantly, you’re in control of your box, so you can skip a week or two whenever you like in your account area. 

#HelloFreshUK 
#HelloFreshsnaps 
#HelloFreshmoment","Restaurants & Bars",51588,2,"Unhelpful, rude customer service agent ",""
"hellofresh.co.uk","You’ll choose your favourites from our weekly menu of exciting recipes and decide how many meals you’d like for however many people. Then, we’ll deliver those recipes and fresh ingredients to your door, every week, so you can cook delicious dinners of your choice. We’ve got recipes for everyone from meat eaters to vegetarians, families to couples and from those with low calorie diets to others who want quick, easy recipes. Most importantly, you’re in control of your box, so you can skip a week or two whenever you like in your account area. 

#HelloFreshUK 
#HelloFreshsnaps 
#HelloFreshmoment","Restaurants & Bars",51589,2,"Terrible customer service ",""
"hellofresh.co.uk","You’ll choose your favourites from our weekly menu of exciting recipes and decide how many meals you’d like for however many people. Then, we’ll deliver those recipes and fresh ingredients to your door, every week, so you can cook delicious dinners of your choice. We’ve got recipes for everyone from meat eaters to vegetarians, families to couples and from those with low calorie diets to others who want quick, easy recipes. Most importantly, you’re in control of your box, so you can skip a week or two whenever you like in your account area. 

#HelloFreshUK 
#HelloFreshsnaps 
#HelloFreshmoment","Restaurants & Bars",51590,2,"Trying to cancel my subscription and…",""
"hellofresh.co.uk","You’ll choose your favourites from our weekly menu of exciting recipes and decide how many meals you’d like for however many people. Then, we’ll deliver those recipes and fresh ingredients to your door, every week, so you can cook delicious dinners of your choice. We’ve got recipes for everyone from meat eaters to vegetarians, families to couples and from those with low calorie diets to others who want quick, easy recipes. Most importantly, you’re in control of your box, so you can skip a week or two whenever you like in your account area. 

#HelloFreshUK 
#HelloFreshsnaps 
#HelloFreshmoment","Restaurants & Bars",51591,2,"Some great meals but some really poor meals",""
"hellofresh.co.uk","You’ll choose your favourites from our weekly menu of exciting recipes and decide how many meals you’d like for however many people. Then, we’ll deliver those recipes and fresh ingredients to your door, every week, so you can cook delicious dinners of your choice. We’ve got recipes for everyone from meat eaters to vegetarians, families to couples and from those with low calorie diets to others who want quick, easy recipes. Most importantly, you’re in control of your box, so you can skip a week or two whenever you like in your account area. 

#HelloFreshUK 
#HelloFreshsnaps 
#HelloFreshmoment","Restaurants & Bars",51592,2,"Unwanted deliveries",""
"hellofresh.co.uk","You’ll choose your favourites from our weekly menu of exciting recipes and decide how many meals you’d like for however many people. Then, we’ll deliver those recipes and fresh ingredients to your door, every week, so you can cook delicious dinners of your choice. We’ve got recipes for everyone from meat eaters to vegetarians, families to couples and from those with low calorie diets to others who want quick, easy recipes. Most importantly, you’re in control of your box, so you can skip a week or two whenever you like in your account area. 

#HelloFreshUK 
#HelloFreshsnaps 
#HelloFreshmoment","Restaurants & Bars",51593,2,"Average fella review!",""
"hellofresh.co.uk","You’ll choose your favourites from our weekly menu of exciting recipes and decide how many meals you’d like for however many people. Then, we’ll deliver those recipes and fresh ingredients to your door, every week, so you can cook delicious dinners of your choice. We’ve got recipes for everyone from meat eaters to vegetarians, families to couples and from those with low calorie diets to others who want quick, easy recipes. Most importantly, you’re in control of your box, so you can skip a week or two whenever you like in your account area. 

#HelloFreshUK 
#HelloFreshsnaps 
#HelloFreshmoment","Restaurants & Bars",51594,2,"Terrible customer care",""
"hellofresh.co.uk","You’ll choose your favourites from our weekly menu of exciting recipes and decide how many meals you’d like for however many people. Then, we’ll deliver those recipes and fresh ingredients to your door, every week, so you can cook delicious dinners of your choice. We’ve got recipes for everyone from meat eaters to vegetarians, families to couples and from those with low calorie diets to others who want quick, easy recipes. Most importantly, you’re in control of your box, so you can skip a week or two whenever you like in your account area. 

#HelloFreshUK 
#HelloFreshsnaps 
#HelloFreshmoment","Restaurants & Bars",51595,2,"It it could have been excellent",""
"hellofresh.co.uk","You’ll choose your favourites from our weekly menu of exciting recipes and decide how many meals you’d like for however many people. Then, we’ll deliver those recipes and fresh ingredients to your door, every week, so you can cook delicious dinners of your choice. We’ve got recipes for everyone from meat eaters to vegetarians, families to couples and from those with low calorie diets to others who want quick, easy recipes. Most importantly, you’re in control of your box, so you can skip a week or two whenever you like in your account area. 

#HelloFreshUK 
#HelloFreshsnaps 
#HelloFreshmoment","Restaurants & Bars",51596,2,"Food is great, delivery is poor",""
"hellofresh.co.uk","You’ll choose your favourites from our weekly menu of exciting recipes and decide how many meals you’d like for however many people. Then, we’ll deliver those recipes and fresh ingredients to your door, every week, so you can cook delicious dinners of your choice. We’ve got recipes for everyone from meat eaters to vegetarians, families to couples and from those with low calorie diets to others who want quick, easy recipes. Most importantly, you’re in control of your box, so you can skip a week or two whenever you like in your account area. 

#HelloFreshUK 
#HelloFreshsnaps 
#HelloFreshmoment","Restaurants & Bars",51597,2,"Bad start.",""
"www.bgbenton.co.uk","Bentons - Wholesale Catering Suppliers of Tableware, Crockery, Glassware & Barware. UK hospitality suppliers based in East Sussex, England","Restaurants & Bars",51628,5,"I’m a private customer & I ordered 36…",""
"www.bgbenton.co.uk","Bentons - Wholesale Catering Suppliers of Tableware, Crockery, Glassware & Barware. UK hospitality suppliers based in East Sussex, England","Restaurants & Bars",51629,5,"Reliable",""
"www.bgbenton.co.uk","Bentons - Wholesale Catering Suppliers of Tableware, Crockery, Glassware & Barware. UK hospitality suppliers based in East Sussex, England","Restaurants & Bars",51630,5,"Prompt and excellent service",""
"www.bgbenton.co.uk","Bentons - Wholesale Catering Suppliers of Tableware, Crockery, Glassware & Barware. UK hospitality suppliers based in East Sussex, England","Restaurants & Bars",51631,5,"Excellent",""
"www.bgbenton.co.uk","Bentons - Wholesale Catering Suppliers of Tableware, Crockery, Glassware & Barware. UK hospitality suppliers based in East Sussex, England","Restaurants & Bars",51632,5,"Great levels of service",""
"www.bgbenton.co.uk","Bentons - Wholesale Catering Suppliers of Tableware, Crockery, Glassware & Barware. UK hospitality suppliers based in East Sussex, England","Restaurants & Bars",51633,5,"Excellent service",""
"www.bgbenton.co.uk","Bentons - Wholesale Catering Suppliers of Tableware, Crockery, Glassware & Barware. UK hospitality suppliers based in East Sussex, England","Restaurants & Bars",51634,5,"Excellent customer service",""
"www.bgbenton.co.uk","Bentons - Wholesale Catering Suppliers of Tableware, Crockery, Glassware & Barware. UK hospitality suppliers based in East Sussex, England","Restaurants & Bars",51635,5,"Fast delivery",""
"www.bgbenton.co.uk","Bentons - Wholesale Catering Suppliers of Tableware, Crockery, Glassware & Barware. UK hospitality suppliers based in East Sussex, England","Restaurants & Bars",51636,5,"Very pleased",""
"www.bgbenton.co.uk","Bentons - Wholesale Catering Suppliers of Tableware, Crockery, Glassware & Barware. UK hospitality suppliers based in East Sussex, England","Restaurants & Bars",51637,5,"A top company to deal with!",""
"www.bgbenton.co.uk","Bentons - Wholesale Catering Suppliers of Tableware, Crockery, Glassware & Barware. UK hospitality suppliers based in East Sussex, England","Restaurants & Bars",51648,4,"Good communication",""
"www.bgbenton.co.uk","Bentons - Wholesale Catering Suppliers of Tableware, Crockery, Glassware & Barware. UK hospitality suppliers based in East Sussex, England","Restaurants & Bars",51649,4,"Came very promptly",""
"www.bgbenton.co.uk","Bentons - Wholesale Catering Suppliers of Tableware, Crockery, Glassware & Barware. UK hospitality suppliers based in East Sussex, England","Restaurants & Bars",51650,4,"Brilliant products they smell fabulous…",""
"www.bgbenton.co.uk","Bentons - Wholesale Catering Suppliers of Tableware, Crockery, Glassware & Barware. UK hospitality suppliers based in East Sussex, England","Restaurants & Bars",51651,3,"Before coming with friends",""
"www.bgbenton.co.uk","Bentons - Wholesale Catering Suppliers of Tableware, Crockery, Glassware & Barware. UK hospitality suppliers based in East Sussex, England","Restaurants & Bars",51652,3,"Ordered 12 coffee cups and got 6, treated poorly",""
"www.bgbenton.co.uk","Bentons - Wholesale Catering Suppliers of Tableware, Crockery, Glassware & Barware. UK hospitality suppliers based in East Sussex, England","Restaurants & Bars",51653,2,"Poor communication & Shipping",""
"www.bgbenton.co.uk","Bentons - Wholesale Catering Suppliers of Tableware, Crockery, Glassware & Barware. UK hospitality suppliers based in East Sussex, England","Restaurants & Bars",51654,1,"Promises unfulfilled",""
"www.bgbenton.co.uk","Bentons - Wholesale Catering Suppliers of Tableware, Crockery, Glassware & Barware. UK hospitality suppliers based in East Sussex, England","Restaurants & Bars",51655,1,"A glass arrived broken and I’ve sent 3…",""
"www.burgerking.co.uk","Official site for the Burger King UK chain of fast food restaurants, featuring menu items for breakfast, lunch and dinner!","Restaurants & Bars",51656,5,"Burger King East Kilbride ",""
"www.burgerking.co.uk","Official site for the Burger King UK chain of fast food restaurants, featuring menu items for breakfast, lunch and dinner!","Restaurants & Bars",51657,5,"Very tasty when hungry",""
"www.burgerking.co.uk","Official site for the Burger King UK chain of fast food restaurants, featuring menu items for breakfast, lunch and dinner!","Restaurants & Bars",51658,5,"Ethan was fantastic help",""
"www.burgerking.co.uk","Official site for the Burger King UK chain of fast food restaurants, featuring menu items for breakfast, lunch and dinner!","Restaurants & Bars",51659,5,"Went to burger king Liverpool",""
"www.burgerking.co.uk","Official site for the Burger King UK chain of fast food restaurants, featuring menu items for breakfast, lunch and dinner!","Restaurants & Bars",51660,5,"Why don’t you make it more complicated",""
"www.burgerking.co.uk","Official site for the Burger King UK chain of fast food restaurants, featuring menu items for breakfast, lunch and dinner!","Restaurants & Bars",51661,5,"Brilliant staff good food and excellent…",""
"www.burgerking.co.uk","Official site for the Burger King UK chain of fast food restaurants, featuring menu items for breakfast, lunch and dinner!","Restaurants & Bars",51662,5,"Steven",""
"www.burgerking.co.uk","Official site for the Burger King UK chain of fast food restaurants, featuring menu items for breakfast, lunch and dinner!","Restaurants & Bars",51663,5,"Plant based Whopper was fantasti...and…",""
"www.burgerking.co.uk","Official site for the Burger King UK chain of fast food restaurants, featuring menu items for breakfast, lunch and dinner!","Restaurants & Bars",51664,5,"Fantastic....Great brand ambassadors",""
"www.burgerking.co.uk","Official site for the Burger King UK chain of fast food restaurants, featuring menu items for breakfast, lunch and dinner!","Restaurants & Bars",51665,5,"Burger King Bromley centre where my son…",""
"www.burgerking.co.uk","Official site for the Burger King UK chain of fast food restaurants, featuring menu items for breakfast, lunch and dinner!","Restaurants & Bars",51676,4,"Birchhanger green services",""
"www.burgerking.co.uk","Official site for the Burger King UK chain of fast food restaurants, featuring menu items for breakfast, lunch and dinner!","Restaurants & Bars",51677,4,"Milton Keynes Shopping Ventre BK",""
"www.burgerking.co.uk","Official site for the Burger King UK chain of fast food restaurants, featuring menu items for breakfast, lunch and dinner!","Restaurants & Bars",51678,4,"Went to get BK food at Alicante…",""
"www.burgerking.co.uk","Official site for the Burger King UK chain of fast food restaurants, featuring menu items for breakfast, lunch and dinner!","Restaurants & Bars",51679,4,"Fair play for what you pay for",""
"www.burgerking.co.uk","Official site for the Burger King UK chain of fast food restaurants, featuring menu items for breakfast, lunch and dinner!","Restaurants & Bars",51680,4,"Stockton Burger King",""
"www.burgerking.co.uk","Official site for the Burger King UK chain of fast food restaurants, featuring menu items for breakfast, lunch and dinner!","Restaurants & Bars",51681,4,"Tattoo",""
"www.burgerking.co.uk","Official site for the Burger King UK chain of fast food restaurants, featuring menu items for breakfast, lunch and dinner!","Restaurants & Bars",51682,4,"I just left mcdonald's a bad review so…",""
"www.burgerking.co.uk","Official site for the Burger King UK chain of fast food restaurants, featuring menu items for breakfast, lunch and dinner!","Restaurants & Bars",51683,4,"Wrong meal changed immediately",""
"www.burgerking.co.uk","Official site for the Burger King UK chain of fast food restaurants, featuring menu items for breakfast, lunch and dinner!","Restaurants & Bars",51684,4,"I love Burger King",""
"www.burgerking.co.uk","Official site for the Burger King UK chain of fast food restaurants, featuring menu items for breakfast, lunch and dinner!","Restaurants & Bars",51685,4,"We are always welcomed.",""
"www.burgerking.co.uk","Official site for the Burger King UK chain of fast food restaurants, featuring menu items for breakfast, lunch and dinner!","Restaurants & Bars",51686,4,"Great customer service and food…",""
"www.burgerking.co.uk","Official site for the Burger King UK chain of fast food restaurants, featuring menu items for breakfast, lunch and dinner!","Restaurants & Bars",51687,4,"Wigan Branch Robin Park",""
"www.burgerking.co.uk","Official site for the Burger King UK chain of fast food restaurants, featuring menu items for breakfast, lunch and dinner!","Restaurants & Bars",51688,4,"Good location at Armstrong Way",""
"www.burgerking.co.uk","Official site for the Burger King UK chain of fast food restaurants, featuring menu items for breakfast, lunch and dinner!","Restaurants & Bars",51689,4,"The fast-food pretty much decent…",""
"www.burgerking.co.uk","Official site for the Burger King UK chain of fast food restaurants, featuring menu items for breakfast, lunch and dinner!","Restaurants & Bars",51690,4,"We visited the Macclesfield branch this…",""
"www.burgerking.co.uk","Official site for the Burger King UK chain of fast food restaurants, featuring menu items for breakfast, lunch and dinner!","Restaurants & Bars",51691,4,"I like to eat a Whopper Meal",""
"www.burgerking.co.uk","Official site for the Burger King UK chain of fast food restaurants, featuring menu items for breakfast, lunch and dinner!","Restaurants & Bars",51692,4,"Desent food friendly service",""
"www.burgerking.co.uk","Official site for the Burger King UK chain of fast food restaurants, featuring menu items for breakfast, lunch and dinner!","Restaurants & Bars",51693,4,"The whopper burger is pretty good",""
"www.burgerking.co.uk","Official site for the Burger King UK chain of fast food restaurants, featuring menu items for breakfast, lunch and dinner!","Restaurants & Bars",51694,4,"MY HUSBAND HAD  WHOPPER BURGER ON …",""
"www.burgerking.co.uk","Official site for the Burger King UK chain of fast food restaurants, featuring menu items for breakfast, lunch and dinner!","Restaurants & Bars",51695,4,"Lovely staff in Birmingham bull ring…",""
"www.burgerking.co.uk","Official site for the Burger King UK chain of fast food restaurants, featuring menu items for breakfast, lunch and dinner!","Restaurants & Bars",51696,3,"Freezing ",""
"www.burgerking.co.uk","Official site for the Burger King UK chain of fast food restaurants, featuring menu items for breakfast, lunch and dinner!","Restaurants & Bars",51697,3,"Restaurant was quiet during our visit…",""
"www.burgerking.co.uk","Official site for the Burger King UK chain of fast food restaurants, featuring menu items for breakfast, lunch and dinner!","Restaurants & Bars",51698,3,"Disappointed ",""
"www.burgerking.co.uk","Official site for the Burger King UK chain of fast food restaurants, featuring menu items for breakfast, lunch and dinner!","Restaurants & Bars",51699,3,"Good food, poor advertising",""
"www.burgerking.co.uk","Official site for the Burger King UK chain of fast food restaurants, featuring menu items for breakfast, lunch and dinner!","Restaurants & Bars",51700,3,"Hickstead Branch",""
"www.burgerking.co.uk","Official site for the Burger King UK chain of fast food restaurants, featuring menu items for breakfast, lunch and dinner!","Restaurants & Bars",51701,3,"As dry as a cream cracker",""
"www.burgerking.co.uk","Official site for the Burger King UK chain of fast food restaurants, featuring menu items for breakfast, lunch and dinner!","Restaurants & Bars",51702,3,"Buck Up in the UK",""
"www.burgerking.co.uk","Official site for the Burger King UK chain of fast food restaurants, featuring menu items for breakfast, lunch and dinner!","Restaurants & Bars",51703,3,"Price inverse proportion to quality",""
"www.burgerking.co.uk","Official site for the Burger King UK chain of fast food restaurants, featuring menu items for breakfast, lunch and dinner!","Restaurants & Bars",51704,3,"Should I start too worry about Burger…",""
"www.burgerking.co.uk","Official site for the Burger King UK chain of fast food restaurants, featuring menu items for breakfast, lunch and dinner!","Restaurants & Bars",51705,3,"Good but pricey",""
"www.burgerking.co.uk","Official site for the Burger King UK chain of fast food restaurants, featuring menu items for breakfast, lunch and dinner!","Restaurants & Bars",51706,3,"cookie dough",""
"www.burgerking.co.uk","Official site for the Burger King UK chain of fast food restaurants, featuring menu items for breakfast, lunch and dinner!","Restaurants & Bars",51707,3,"So so",""
"www.burgerking.co.uk","Official site for the Burger King UK chain of fast food restaurants, featuring menu items for breakfast, lunch and dinner!","Restaurants & Bars",51708,3,"i was not happy with my milkshake i…",""
"www.burgerking.co.uk","Official site for the Burger King UK chain of fast food restaurants, featuring menu items for breakfast, lunch and dinner!","Restaurants & Bars",51709,3,"Ordered a delivery from New Brighton…",""
"www.burgerking.co.uk","Official site for the Burger King UK chain of fast food restaurants, featuring menu items for breakfast, lunch and dinner!","Restaurants & Bars",51710,3,"Burger King needs to cook the burgers…",""
"www.burgerking.co.uk","Official site for the Burger King UK chain of fast food restaurants, featuring menu items for breakfast, lunch and dinner!","Restaurants & Bars",51711,3,"BK in Newport Retail Park",""
"www.burgerking.co.uk","Official site for the Burger King UK chain of fast food restaurants, featuring menu items for breakfast, lunch and dinner!","Restaurants & Bars",51712,3,"My son",""
"www.burgerking.co.uk","Official site for the Burger King UK chain of fast food restaurants, featuring menu items for breakfast, lunch and dinner!","Restaurants & Bars",51713,3,"Place freezing  no heating",""
"www.burgerking.co.uk","Official site for the Burger King UK chain of fast food restaurants, featuring menu items for breakfast, lunch and dinner!","Restaurants & Bars",51714,3,"Went toilets with my wobbly snake on my…",""
"www.burgerking.co.uk","Official site for the Burger King UK chain of fast food restaurants, featuring menu items for breakfast, lunch and dinner!","Restaurants & Bars",51715,3,"Called at Burger King at Thinford Co. Durham (Spennymoor) ordered a whopper burger as I didn't want a meal, didn't realise till I got home,paid by card, the burger cost 5.99 yet a full meal is 4.99",""
"www.burgerking.co.uk","Official site for the Burger King UK chain of fast food restaurants, featuring menu items for breakfast, lunch and dinner!","Restaurants & Bars",51716,2,"Bk has lost its customer service",""
"www.burgerking.co.uk","Official site for the Burger King UK chain of fast food restaurants, featuring menu items for breakfast, lunch and dinner!","Restaurants & Bars",51717,2,"Ordered the Angus smoked cheddar and…",""
"www.burgerking.co.uk","Official site for the Burger King UK chain of fast food restaurants, featuring menu items for breakfast, lunch and dinner!","Restaurants & Bars",51718,2,"Went to Sunderland roker",""
"www.burgerking.co.uk","Official site for the Burger King UK chain of fast food restaurants, featuring menu items for breakfast, lunch and dinner!","Restaurants & Bars",51719,2,"Customer Service? awful",""
"www.burgerking.co.uk","Official site for the Burger King UK chain of fast food restaurants, featuring menu items for breakfast, lunch and dinner!","Restaurants & Bars",51720,2,"Poor food and service ",""
"www.burgerking.co.uk","Official site for the Burger King UK chain of fast food restaurants, featuring menu items for breakfast, lunch and dinner!","Restaurants & Bars",51721,2,"Expensive and poor service.",""
"www.burgerking.co.uk","Official site for the Burger King UK chain of fast food restaurants, featuring menu items for breakfast, lunch and dinner!","Restaurants & Bars",51722,2,"Overcharging at till…",""
"www.burgerking.co.uk","Official site for the Burger King UK chain of fast food restaurants, featuring menu items for breakfast, lunch and dinner!","Restaurants & Bars",51723,2,"Yes been going to burger king years",""
"www.burgerking.co.uk","Official site for the Burger King UK chain of fast food restaurants, featuring menu items for breakfast, lunch and dinner!","Restaurants & Bars",51724,2,"Annoying.",""
"www.burgerking.co.uk","Official site for the Burger King UK chain of fast food restaurants, featuring menu items for breakfast, lunch and dinner!","Restaurants & Bars",51725,2,"Rubbish service",""
"jurassiccoastfarmshop.co.uk","The online farm shop established by the Sealey family to market the produce of Fossil Farm, their family run farm located in South Dorset.","Restaurants & Bars",51756,5,"Best meat around!",""
"jurassiccoastfarmshop.co.uk","The online farm shop established by the Sealey family to market the produce of Fossil Farm, their family run farm located in South Dorset.","Restaurants & Bars",51757,5,"Just Better!!!",""
"jurassiccoastfarmshop.co.uk","The online farm shop established by the Sealey family to market the produce of Fossil Farm, their family run farm located in South Dorset.","Restaurants & Bars",51758,5,"Support local farmers ",""
"jurassiccoastfarmshop.co.uk","The online farm shop established by the Sealey family to market the produce of Fossil Farm, their family run farm located in South Dorset.","Restaurants & Bars",51759,5,"Excellent produce",""
"jurassiccoastfarmshop.co.uk","The online farm shop established by the Sealey family to market the produce of Fossil Farm, their family run farm located in South Dorset.","Restaurants & Bars",51760,5,"Absolutely delicious pork!",""
"jurassiccoastfarmshop.co.uk","The online farm shop established by the Sealey family to market the produce of Fossil Farm, their family run farm located in South Dorset.","Restaurants & Bars",51761,5,"An amazing gem of a butchers, in Dorset",""
"jurassiccoastfarmshop.co.uk","The online farm shop established by the Sealey family to market the produce of Fossil Farm, their family run farm located in South Dorset.","Restaurants & Bars",51762,5,"Great service",""
"jurassiccoastfarmshop.co.uk","The online farm shop established by the Sealey family to market the produce of Fossil Farm, their family run farm located in South Dorset.","Restaurants & Bars",51763,5,"We get meat from Jcfs every year",""
"jurassiccoastfarmshop.co.uk","The online farm shop established by the Sealey family to market the produce of Fossil Farm, their family run farm located in South Dorset.","Restaurants & Bars",51764,5,"Great value",""
"jurassiccoastfarmshop.co.uk","The online farm shop established by the Sealey family to market the produce of Fossil Farm, their family run farm located in South Dorset.","Restaurants & Bars",51765,5,"As usual",""
"jurassiccoastfarmshop.co.uk","The online farm shop established by the Sealey family to market the produce of Fossil Farm, their family run farm located in South Dorset.","Restaurants & Bars",51776,4,"Almost 5 stars but ",""
"jurassiccoastfarmshop.co.uk","The online farm shop established by the Sealey family to market the produce of Fossil Farm, their family run farm located in South Dorset.","Restaurants & Bars",51777,4,"Good value box of high quality meat…",""
"jurassiccoastfarmshop.co.uk","The online farm shop established by the Sealey family to market the produce of Fossil Farm, their family run farm located in South Dorset.","Restaurants & Bars",51778,4,"Usually all deliveries are good…",""
"jurassiccoastfarmshop.co.uk","The online farm shop established by the Sealey family to market the produce of Fossil Farm, their family run farm located in South Dorset.","Restaurants & Bars",51779,4,"The King Alfred’s roast was absolutely…",""
"jurassiccoastfarmshop.co.uk","The online farm shop established by the Sealey family to market the produce of Fossil Farm, their family run farm located in South Dorset.","Restaurants & Bars",51780,4,"Excellent meat",""
"jurassiccoastfarmshop.co.uk","The online farm shop established by the Sealey family to market the produce of Fossil Farm, their family run farm located in South Dorset.","Restaurants & Bars",51781,4,"I have been associated with Jurassic…",""
"jurassiccoastfarmshop.co.uk","The online farm shop established by the Sealey family to market the produce of Fossil Farm, their family run farm located in South Dorset.","Restaurants & Bars",51782,4,"SO HAPPY",""
"jurassiccoastfarmshop.co.uk","The online farm shop established by the Sealey family to market the produce of Fossil Farm, their family run farm located in South Dorset.","Restaurants & Bars",51783,4,"Beef box",""
"jurassiccoastfarmshop.co.uk","The online farm shop established by the Sealey family to market the produce of Fossil Farm, their family run farm located in South Dorset.","Restaurants & Bars",51784,4,"Very good food",""
"jurassiccoastfarmshop.co.uk","The online farm shop established by the Sealey family to market the produce of Fossil Farm, their family run farm located in South Dorset.","Restaurants & Bars",51785,4,"Always good produce…",""
"jurassiccoastfarmshop.co.uk","The online farm shop established by the Sealey family to market the produce of Fossil Farm, their family run farm located in South Dorset.","Restaurants & Bars",51786,4,"Great produce…",""
"jurassiccoastfarmshop.co.uk","The online farm shop established by the Sealey family to market the produce of Fossil Farm, their family run farm located in South Dorset.","Restaurants & Bars",51787,4,"I have been very satisfied with…the vast majority of the fruit veg meat and fish I have received.",""
"jurassiccoastfarmshop.co.uk","The online farm shop established by the Sealey family to market the produce of Fossil Farm, their family run farm located in South Dorset.","Restaurants & Bars",51788,4,"This is the second delivery I have had",""
"jurassiccoastfarmshop.co.uk","The online farm shop established by the Sealey family to market the produce of Fossil Farm, their family run farm located in South Dorset.","Restaurants & Bars",51789,4,"As usual the meat and goods I received…",""
"jurassiccoastfarmshop.co.uk","The online farm shop established by the Sealey family to market the produce of Fossil Farm, their family run farm located in South Dorset.","Restaurants & Bars",51790,4,"Excellent products",""
"jurassiccoastfarmshop.co.uk","The online farm shop established by the Sealey family to market the produce of Fossil Farm, their family run farm located in South Dorset.","Restaurants & Bars",51791,4,"High quality meat responsibly produced",""
"jurassiccoastfarmshop.co.uk","The online farm shop established by the Sealey family to market the produce of Fossil Farm, their family run farm located in South Dorset.","Restaurants & Bars",51792,4,"Our complete experience from order…what’s not to like....",""
"jurassiccoastfarmshop.co.uk","The online farm shop established by the Sealey family to market the produce of Fossil Farm, their family run farm located in South Dorset.","Restaurants & Bars",51793,4,"Super efficient delivery and great…",""
"jurassiccoastfarmshop.co.uk","The online farm shop established by the Sealey family to market the produce of Fossil Farm, their family run farm located in South Dorset.","Restaurants & Bars",51794,4,"The delivery had everything we needed",""
"jurassiccoastfarmshop.co.uk","The online farm shop established by the Sealey family to market the produce of Fossil Farm, their family run farm located in South Dorset.","Restaurants & Bars",51795,4,"Meat looked lovely and was tasty",""
"jurassiccoastfarmshop.co.uk","The online farm shop established by the Sealey family to market the produce of Fossil Farm, their family run farm located in South Dorset.","Restaurants & Bars",51796,3,"Excellent meat",""
"jurassiccoastfarmshop.co.uk","The online farm shop established by the Sealey family to market the produce of Fossil Farm, their family run farm located in South Dorset.","Restaurants & Bars",51797,3,"Disappointed at number of items that could not be frozen.",""
"jurassiccoastfarmshop.co.uk","The online farm shop established by the Sealey family to market the produce of Fossil Farm, their family run farm located in South Dorset.","Restaurants & Bars",51798,3,"Room for improvement",""
"jurassiccoastfarmshop.co.uk","The online farm shop established by the Sealey family to market the produce of Fossil Farm, their family run farm located in South Dorset.","Restaurants & Bars",51799,3,"I have to say that we were looking…",""
"jurassiccoastfarmshop.co.uk","The online farm shop established by the Sealey family to market the produce of Fossil Farm, their family run farm located in South Dorset.","Restaurants & Bars",51800,3,"Environmentally unfriendly packaging",""
"jurassiccoastfarmshop.co.uk","The online farm shop established by the Sealey family to market the produce of Fossil Farm, their family run farm located in South Dorset.","Restaurants & Bars",51801,3,"Disappointing delivery",""
"jurassiccoastfarmshop.co.uk","The online farm shop established by the Sealey family to market the produce of Fossil Farm, their family run farm located in South Dorset.","Restaurants & Bars",51802,3,"Good fresh meat but fish that's been frozen and poor communication",""
"jurassiccoastfarmshop.co.uk","The online farm shop established by the Sealey family to market the produce of Fossil Farm, their family run farm located in South Dorset.","Restaurants & Bars",51803,3,"My order was not complete on arrival…",""
"jurassiccoastfarmshop.co.uk","The online farm shop established by the Sealey family to market the produce of Fossil Farm, their family run farm located in South Dorset.","Restaurants & Bars",51804,3,"I've only given 3 stars because we've…",""
"jurassiccoastfarmshop.co.uk","The online farm shop established by the Sealey family to market the produce of Fossil Farm, their family run farm located in South Dorset.","Restaurants & Bars",51805,3,"Most of their meat is excellent…",""
"jurassiccoastfarmshop.co.uk","The online farm shop established by the Sealey family to market the produce of Fossil Farm, their family run farm located in South Dorset.","Restaurants & Bars",51806,3,"Most of the meat was delicious",""
"jurassiccoastfarmshop.co.uk","The online farm shop established by the Sealey family to market the produce of Fossil Farm, their family run farm located in South Dorset.","Restaurants & Bars",51807,3,"The produce is very good but it doesn't…",""
"jurassiccoastfarmshop.co.uk","The online farm shop established by the Sealey family to market the produce of Fossil Farm, their family run farm located in South Dorset.","Restaurants & Bars",51808,2,"Hock dressed up as gammon",""
"jurassiccoastfarmshop.co.uk","The online farm shop established by the Sealey family to market the produce of Fossil Farm, their family run farm located in South Dorset.","Restaurants & Bars",51809,2,"Would order from the shop but not online…",""
"jurassiccoastfarmshop.co.uk","The online farm shop established by the Sealey family to market the produce of Fossil Farm, their family run farm located in South Dorset.","Restaurants & Bars",51810,2,"Started using JCFS during lockdown but…",""
"jurassiccoastfarmshop.co.uk","The online farm shop established by the Sealey family to market the produce of Fossil Farm, their family run farm located in South Dorset.","Restaurants & Bars",51811,2,"Poor quality meat and non-responsive to emails",""
"jurassiccoastfarmshop.co.uk","The online farm shop established by the Sealey family to market the produce of Fossil Farm, their family run farm located in South Dorset.","Restaurants & Bars",51812,2,"Will not use again I was given a…",""
"jurassiccoastfarmshop.co.uk","The online farm shop established by the Sealey family to market the produce of Fossil Farm, their family run farm located in South Dorset.","Restaurants & Bars",51813,2,"Convenient delivery but worrying meat quality",""
"jurassiccoastfarmshop.co.uk","The online farm shop established by the Sealey family to market the produce of Fossil Farm, their family run farm located in South Dorset.","Restaurants & Bars",51814,1,"Delivery was over  2 hours late",""
"jurassiccoastfarmshop.co.uk","The online farm shop established by the Sealey family to market the produce of Fossil Farm, their family run farm located in South Dorset.","Restaurants & Bars",51815,1,"Meat was left next door",""
"jurassiccoastfarmshop.co.uk","The online farm shop established by the Sealey family to market the produce of Fossil Farm, their family run farm located in South Dorset.","Restaurants & Bars",51816,1,"Should have had a meat delivery on the…",""
"jurassiccoastfarmshop.co.uk","The online farm shop established by the Sealey family to market the produce of Fossil Farm, their family run farm located in South Dorset.","Restaurants & Bars",51817,1,"You didn’t provide me with 2 items for…",""
"lovebrunch.co.uk","THE NO.1 PARTY BOTTOMLESS BRUNCH DESTINATION IN LONDON

We was bored of bottomless mimosas/bloody marys and eggs benedict/pancakes with not much going on.

So.. we created Lovebrunch. An affordable, lively party brunch that offers a wide variety of food, even for the fussy eaters - WE GOT YOU! We ensure our drinks include cocktails, prosecco and beer to include variety. We are for the people.

Between the team, we have experience in Marketing, Graphic Design, Social Media, Event Management and of course.. brunching! This makes the perfect combo for London's BEST brunch experience.","Restaurants & Bars",51923,5,"Super fun evening brunch ",""
"lovebrunch.co.uk","THE NO.1 PARTY BOTTOMLESS BRUNCH DESTINATION IN LONDON

We was bored of bottomless mimosas/bloody marys and eggs benedict/pancakes with not much going on.

So.. we created Lovebrunch. An affordable, lively party brunch that offers a wide variety of food, even for the fussy eaters - WE GOT YOU! We ensure our drinks include cocktails, prosecco and beer to include variety. We are for the people.

Between the team, we have experience in Marketing, Graphic Design, Social Media, Event Management and of course.. brunching! This makes the perfect combo for London's BEST brunch experience.","Restaurants & Bars",51924,5,"high school musical brunch ",""
"lovebrunch.co.uk","THE NO.1 PARTY BOTTOMLESS BRUNCH DESTINATION IN LONDON

We was bored of bottomless mimosas/bloody marys and eggs benedict/pancakes with not much going on.

So.. we created Lovebrunch. An affordable, lively party brunch that offers a wide variety of food, even for the fussy eaters - WE GOT YOU! We ensure our drinks include cocktails, prosecco and beer to include variety. We are for the people.

Between the team, we have experience in Marketing, Graphic Design, Social Media, Event Management and of course.. brunching! This makes the perfect combo for London's BEST brunch experience.","Restaurants & Bars",51925,5,"Best brunch ✌️",""
"lovebrunch.co.uk","THE NO.1 PARTY BOTTOMLESS BRUNCH DESTINATION IN LONDON

We was bored of bottomless mimosas/bloody marys and eggs benedict/pancakes with not much going on.

So.. we created Lovebrunch. An affordable, lively party brunch that offers a wide variety of food, even for the fussy eaters - WE GOT YOU! We ensure our drinks include cocktails, prosecco and beer to include variety. We are for the people.

Between the team, we have experience in Marketing, Graphic Design, Social Media, Event Management and of course.. brunching! This makes the perfect combo for London's BEST brunch experience.","Restaurants & Bars",51926,5,"Halloween after party",""
"lovebrunch.co.uk","THE NO.1 PARTY BOTTOMLESS BRUNCH DESTINATION IN LONDON

We was bored of bottomless mimosas/bloody marys and eggs benedict/pancakes with not much going on.

So.. we created Lovebrunch. An affordable, lively party brunch that offers a wide variety of food, even for the fussy eaters - WE GOT YOU! We ensure our drinks include cocktails, prosecco and beer to include variety. We are for the people.

Between the team, we have experience in Marketing, Graphic Design, Social Media, Event Management and of course.. brunching! This makes the perfect combo for London's BEST brunch experience.","Restaurants & Bars",51927,5,"Once again, best night out ",""
"lovebrunch.co.uk","THE NO.1 PARTY BOTTOMLESS BRUNCH DESTINATION IN LONDON

We was bored of bottomless mimosas/bloody marys and eggs benedict/pancakes with not much going on.

So.. we created Lovebrunch. An affordable, lively party brunch that offers a wide variety of food, even for the fussy eaters - WE GOT YOU! We ensure our drinks include cocktails, prosecco and beer to include variety. We are for the people.

Between the team, we have experience in Marketing, Graphic Design, Social Media, Event Management and of course.. brunching! This makes the perfect combo for London's BEST brunch experience.","Restaurants & Bars",51928,5,"The best vibes and the staff are…",""
"lovebrunch.co.uk","THE NO.1 PARTY BOTTOMLESS BRUNCH DESTINATION IN LONDON

We was bored of bottomless mimosas/bloody marys and eggs benedict/pancakes with not much going on.

So.. we created Lovebrunch. An affordable, lively party brunch that offers a wide variety of food, even for the fussy eaters - WE GOT YOU! We ensure our drinks include cocktails, prosecco and beer to include variety. We are for the people.

Between the team, we have experience in Marketing, Graphic Design, Social Media, Event Management and of course.. brunching! This makes the perfect combo for London's BEST brunch experience.","Restaurants & Bars",51929,5,"Absolutely loved it!!",""
"lovebrunch.co.uk","THE NO.1 PARTY BOTTOMLESS BRUNCH DESTINATION IN LONDON

We was bored of bottomless mimosas/bloody marys and eggs benedict/pancakes with not much going on.

So.. we created Lovebrunch. An affordable, lively party brunch that offers a wide variety of food, even for the fussy eaters - WE GOT YOU! We ensure our drinks include cocktails, prosecco and beer to include variety. We are for the people.

Between the team, we have experience in Marketing, Graphic Design, Social Media, Event Management and of course.. brunching! This makes the perfect combo for London's BEST brunch experience.","Restaurants & Bars",51930,5,"Booked my first lovebrunch for…",""
"lovebrunch.co.uk","THE NO.1 PARTY BOTTOMLESS BRUNCH DESTINATION IN LONDON

We was bored of bottomless mimosas/bloody marys and eggs benedict/pancakes with not much going on.

So.. we created Lovebrunch. An affordable, lively party brunch that offers a wide variety of food, even for the fussy eaters - WE GOT YOU! We ensure our drinks include cocktails, prosecco and beer to include variety. We are for the people.

Between the team, we have experience in Marketing, Graphic Design, Social Media, Event Management and of course.. brunching! This makes the perfect combo for London's BEST brunch experience.","Restaurants & Bars",51931,5,"Absolutely incredible evening",""
"lovebrunch.co.uk","THE NO.1 PARTY BOTTOMLESS BRUNCH DESTINATION IN LONDON

We was bored of bottomless mimosas/bloody marys and eggs benedict/pancakes with not much going on.

So.. we created Lovebrunch. An affordable, lively party brunch that offers a wide variety of food, even for the fussy eaters - WE GOT YOU! We ensure our drinks include cocktails, prosecco and beer to include variety. We are for the people.

Between the team, we have experience in Marketing, Graphic Design, Social Media, Event Management and of course.. brunching! This makes the perfect combo for London's BEST brunch experience.","Restaurants & Bars",51932,5,"10/10",""
"lovebrunch.co.uk","THE NO.1 PARTY BOTTOMLESS BRUNCH DESTINATION IN LONDON

We was bored of bottomless mimosas/bloody marys and eggs benedict/pancakes with not much going on.

So.. we created Lovebrunch. An affordable, lively party brunch that offers a wide variety of food, even for the fussy eaters - WE GOT YOU! We ensure our drinks include cocktails, prosecco and beer to include variety. We are for the people.

Between the team, we have experience in Marketing, Graphic Design, Social Media, Event Management and of course.. brunching! This makes the perfect combo for London's BEST brunch experience.","Restaurants & Bars",51943,4,"So much fun!! ",""
"lovebrunch.co.uk","THE NO.1 PARTY BOTTOMLESS BRUNCH DESTINATION IN LONDON

We was bored of bottomless mimosas/bloody marys and eggs benedict/pancakes with not much going on.

So.. we created Lovebrunch. An affordable, lively party brunch that offers a wide variety of food, even for the fussy eaters - WE GOT YOU! We ensure our drinks include cocktails, prosecco and beer to include variety. We are for the people.

Between the team, we have experience in Marketing, Graphic Design, Social Media, Event Management and of course.. brunching! This makes the perfect combo for London's BEST brunch experience.","Restaurants & Bars",51944,4,"Was a good day",""
"lovebrunch.co.uk","THE NO.1 PARTY BOTTOMLESS BRUNCH DESTINATION IN LONDON

We was bored of bottomless mimosas/bloody marys and eggs benedict/pancakes with not much going on.

So.. we created Lovebrunch. An affordable, lively party brunch that offers a wide variety of food, even for the fussy eaters - WE GOT YOU! We ensure our drinks include cocktails, prosecco and beer to include variety. We are for the people.

Between the team, we have experience in Marketing, Graphic Design, Social Media, Event Management and of course.. brunching! This makes the perfect combo for London's BEST brunch experience.","Restaurants & Bars",51945,4,"Brilliant atmosphere & The music was…",""
"lovebrunch.co.uk","THE NO.1 PARTY BOTTOMLESS BRUNCH DESTINATION IN LONDON

We was bored of bottomless mimosas/bloody marys and eggs benedict/pancakes with not much going on.

So.. we created Lovebrunch. An affordable, lively party brunch that offers a wide variety of food, even for the fussy eaters - WE GOT YOU! We ensure our drinks include cocktails, prosecco and beer to include variety. We are for the people.

Between the team, we have experience in Marketing, Graphic Design, Social Media, Event Management and of course.. brunching! This makes the perfect combo for London's BEST brunch experience.","Restaurants & Bars",51946,4,"Love coming to the brunches here",""
"lovebrunch.co.uk","THE NO.1 PARTY BOTTOMLESS BRUNCH DESTINATION IN LONDON

We was bored of bottomless mimosas/bloody marys and eggs benedict/pancakes with not much going on.

So.. we created Lovebrunch. An affordable, lively party brunch that offers a wide variety of food, even for the fussy eaters - WE GOT YOU! We ensure our drinks include cocktails, prosecco and beer to include variety. We are for the people.

Between the team, we have experience in Marketing, Graphic Design, Social Media, Event Management and of course.. brunching! This makes the perfect combo for London's BEST brunch experience.","Restaurants & Bars",51947,4,"Great brunch",""
"lovebrunch.co.uk","THE NO.1 PARTY BOTTOMLESS BRUNCH DESTINATION IN LONDON

We was bored of bottomless mimosas/bloody marys and eggs benedict/pancakes with not much going on.

So.. we created Lovebrunch. An affordable, lively party brunch that offers a wide variety of food, even for the fussy eaters - WE GOT YOU! We ensure our drinks include cocktails, prosecco and beer to include variety. We are for the people.

Between the team, we have experience in Marketing, Graphic Design, Social Media, Event Management and of course.. brunching! This makes the perfect combo for London's BEST brunch experience.","Restaurants & Bars",51948,4,"The evening was wonderful",""
"lovebrunch.co.uk","THE NO.1 PARTY BOTTOMLESS BRUNCH DESTINATION IN LONDON

We was bored of bottomless mimosas/bloody marys and eggs benedict/pancakes with not much going on.

So.. we created Lovebrunch. An affordable, lively party brunch that offers a wide variety of food, even for the fussy eaters - WE GOT YOU! We ensure our drinks include cocktails, prosecco and beer to include variety. We are for the people.

Between the team, we have experience in Marketing, Graphic Design, Social Media, Event Management and of course.. brunching! This makes the perfect combo for London's BEST brunch experience.","Restaurants & Bars",51949,4,"I have been twice now and have another…",""
"lovebrunch.co.uk","THE NO.1 PARTY BOTTOMLESS BRUNCH DESTINATION IN LONDON

We was bored of bottomless mimosas/bloody marys and eggs benedict/pancakes with not much going on.

So.. we created Lovebrunch. An affordable, lively party brunch that offers a wide variety of food, even for the fussy eaters - WE GOT YOU! We ensure our drinks include cocktails, prosecco and beer to include variety. We are for the people.

Between the team, we have experience in Marketing, Graphic Design, Social Media, Event Management and of course.. brunching! This makes the perfect combo for London's BEST brunch experience.","Restaurants & Bars",51950,4,"Magic Mike 7th August 2021",""
"lovebrunch.co.uk","THE NO.1 PARTY BOTTOMLESS BRUNCH DESTINATION IN LONDON

We was bored of bottomless mimosas/bloody marys and eggs benedict/pancakes with not much going on.

So.. we created Lovebrunch. An affordable, lively party brunch that offers a wide variety of food, even for the fussy eaters - WE GOT YOU! We ensure our drinks include cocktails, prosecco and beer to include variety. We are for the people.

Between the team, we have experience in Marketing, Graphic Design, Social Media, Event Management and of course.. brunching! This makes the perfect combo for London's BEST brunch experience.","Restaurants & Bars",51951,4,"Fab night",""
"lovebrunch.co.uk","THE NO.1 PARTY BOTTOMLESS BRUNCH DESTINATION IN LONDON

We was bored of bottomless mimosas/bloody marys and eggs benedict/pancakes with not much going on.

So.. we created Lovebrunch. An affordable, lively party brunch that offers a wide variety of food, even for the fussy eaters - WE GOT YOU! We ensure our drinks include cocktails, prosecco and beer to include variety. We are for the people.

Between the team, we have experience in Marketing, Graphic Design, Social Media, Event Management and of course.. brunching! This makes the perfect combo for London's BEST brunch experience.","Restaurants & Bars",51952,3,"I went on the Juilbie weekend it was a…",""
"lovebrunch.co.uk","THE NO.1 PARTY BOTTOMLESS BRUNCH DESTINATION IN LONDON

We was bored of bottomless mimosas/bloody marys and eggs benedict/pancakes with not much going on.

So.. we created Lovebrunch. An affordable, lively party brunch that offers a wide variety of food, even for the fussy eaters - WE GOT YOU! We ensure our drinks include cocktails, prosecco and beer to include variety. We are for the people.

Between the team, we have experience in Marketing, Graphic Design, Social Media, Event Management and of course.. brunching! This makes the perfect combo for London's BEST brunch experience.","Restaurants & Bars",51953,3,"We was told to arrive dead at 5pm which…",""
"lovebrunch.co.uk","THE NO.1 PARTY BOTTOMLESS BRUNCH DESTINATION IN LONDON

We was bored of bottomless mimosas/bloody marys and eggs benedict/pancakes with not much going on.

So.. we created Lovebrunch. An affordable, lively party brunch that offers a wide variety of food, even for the fussy eaters - WE GOT YOU! We ensure our drinks include cocktails, prosecco and beer to include variety. We are for the people.

Between the team, we have experience in Marketing, Graphic Design, Social Media, Event Management and of course.. brunching! This makes the perfect combo for London's BEST brunch experience.","Restaurants & Bars",51954,3,"Good atmosphere but poor service…",""
"lovebrunch.co.uk","THE NO.1 PARTY BOTTOMLESS BRUNCH DESTINATION IN LONDON

We was bored of bottomless mimosas/bloody marys and eggs benedict/pancakes with not much going on.

So.. we created Lovebrunch. An affordable, lively party brunch that offers a wide variety of food, even for the fussy eaters - WE GOT YOU! We ensure our drinks include cocktails, prosecco and beer to include variety. We are for the people.

Between the team, we have experience in Marketing, Graphic Design, Social Media, Event Management and of course.. brunching! This makes the perfect combo for London's BEST brunch experience.","Restaurants & Bars",51955,3,"good points and bad…",""
"lovebrunch.co.uk","THE NO.1 PARTY BOTTOMLESS BRUNCH DESTINATION IN LONDON

We was bored of bottomless mimosas/bloody marys and eggs benedict/pancakes with not much going on.

So.. we created Lovebrunch. An affordable, lively party brunch that offers a wide variety of food, even for the fussy eaters - WE GOT YOU! We ensure our drinks include cocktails, prosecco and beer to include variety. We are for the people.

Between the team, we have experience in Marketing, Graphic Design, Social Media, Event Management and of course.. brunching! This makes the perfect combo for London's BEST brunch experience.","Restaurants & Bars",51956,2,"the service was pretty slow",""
"lovebrunch.co.uk","THE NO.1 PARTY BOTTOMLESS BRUNCH DESTINATION IN LONDON

We was bored of bottomless mimosas/bloody marys and eggs benedict/pancakes with not much going on.

So.. we created Lovebrunch. An affordable, lively party brunch that offers a wide variety of food, even for the fussy eaters - WE GOT YOU! We ensure our drinks include cocktails, prosecco and beer to include variety. We are for the people.

Between the team, we have experience in Marketing, Graphic Design, Social Media, Event Management and of course.. brunching! This makes the perfect combo for London's BEST brunch experience.","Restaurants & Bars",51957,2,"The drinks were very watered down &…",""
"lovebrunch.co.uk","THE NO.1 PARTY BOTTOMLESS BRUNCH DESTINATION IN LONDON

We was bored of bottomless mimosas/bloody marys and eggs benedict/pancakes with not much going on.

So.. we created Lovebrunch. An affordable, lively party brunch that offers a wide variety of food, even for the fussy eaters - WE GOT YOU! We ensure our drinks include cocktails, prosecco and beer to include variety. We are for the people.

Between the team, we have experience in Marketing, Graphic Design, Social Media, Event Management and of course.. brunching! This makes the perfect combo for London's BEST brunch experience.","Restaurants & Bars",51958,2,"Magic Mike brunch was great for the…",""
"lovebrunch.co.uk","THE NO.1 PARTY BOTTOMLESS BRUNCH DESTINATION IN LONDON

We was bored of bottomless mimosas/bloody marys and eggs benedict/pancakes with not much going on.

So.. we created Lovebrunch. An affordable, lively party brunch that offers a wide variety of food, even for the fussy eaters - WE GOT YOU! We ensure our drinks include cocktails, prosecco and beer to include variety. We are for the people.

Between the team, we have experience in Marketing, Graphic Design, Social Media, Event Management and of course.. brunching! This makes the perfect combo for London's BEST brunch experience.","Restaurants & Bars",51959,2,"Disappointing…",""
"lovebrunch.co.uk","THE NO.1 PARTY BOTTOMLESS BRUNCH DESTINATION IN LONDON

We was bored of bottomless mimosas/bloody marys and eggs benedict/pancakes with not much going on.

So.. we created Lovebrunch. An affordable, lively party brunch that offers a wide variety of food, even for the fussy eaters - WE GOT YOU! We ensure our drinks include cocktails, prosecco and beer to include variety. We are for the people.

Between the team, we have experience in Marketing, Graphic Design, Social Media, Event Management and of course.. brunching! This makes the perfect combo for London's BEST brunch experience.","Restaurants & Bars",51960,1,"Wouldn’t recommend ",""
"lovebrunch.co.uk","THE NO.1 PARTY BOTTOMLESS BRUNCH DESTINATION IN LONDON

We was bored of bottomless mimosas/bloody marys and eggs benedict/pancakes with not much going on.

So.. we created Lovebrunch. An affordable, lively party brunch that offers a wide variety of food, even for the fussy eaters - WE GOT YOU! We ensure our drinks include cocktails, prosecco and beer to include variety. We are for the people.

Between the team, we have experience in Marketing, Graphic Design, Social Media, Event Management and of course.. brunching! This makes the perfect combo for London's BEST brunch experience.","Restaurants & Bars",51961,1,"Normally everytime I come we have a…",""
"lovebrunch.co.uk","THE NO.1 PARTY BOTTOMLESS BRUNCH DESTINATION IN LONDON

We was bored of bottomless mimosas/bloody marys and eggs benedict/pancakes with not much going on.

So.. we created Lovebrunch. An affordable, lively party brunch that offers a wide variety of food, even for the fussy eaters - WE GOT YOU! We ensure our drinks include cocktails, prosecco and beer to include variety. We are for the people.

Between the team, we have experience in Marketing, Graphic Design, Social Media, Event Management and of course.. brunching! This makes the perfect combo for London's BEST brunch experience.","Restaurants & Bars",51962,1,"Very disappointing night",""
"lovebrunch.co.uk","THE NO.1 PARTY BOTTOMLESS BRUNCH DESTINATION IN LONDON

We was bored of bottomless mimosas/bloody marys and eggs benedict/pancakes with not much going on.

So.. we created Lovebrunch. An affordable, lively party brunch that offers a wide variety of food, even for the fussy eaters - WE GOT YOU! We ensure our drinks include cocktails, prosecco and beer to include variety. We are for the people.

Between the team, we have experience in Marketing, Graphic Design, Social Media, Event Management and of course.. brunching! This makes the perfect combo for London's BEST brunch experience.","Restaurants & Bars",51963,1,"Booked 2 hour ‘bottomless brunch’…",""
"lovebrunch.co.uk","THE NO.1 PARTY BOTTOMLESS BRUNCH DESTINATION IN LONDON

We was bored of bottomless mimosas/bloody marys and eggs benedict/pancakes with not much going on.

So.. we created Lovebrunch. An affordable, lively party brunch that offers a wide variety of food, even for the fussy eaters - WE GOT YOU! We ensure our drinks include cocktails, prosecco and beer to include variety. We are for the people.

Between the team, we have experience in Marketing, Graphic Design, Social Media, Event Management and of course.. brunching! This makes the perfect combo for London's BEST brunch experience.","Restaurants & Bars",51964,1,"If I could rate it no star I would!! Avoid ",""
"lovebrunch.co.uk","THE NO.1 PARTY BOTTOMLESS BRUNCH DESTINATION IN LONDON

We was bored of bottomless mimosas/bloody marys and eggs benedict/pancakes with not much going on.

So.. we created Lovebrunch. An affordable, lively party brunch that offers a wide variety of food, even for the fussy eaters - WE GOT YOU! We ensure our drinks include cocktails, prosecco and beer to include variety. We are for the people.

Between the team, we have experience in Marketing, Graphic Design, Social Media, Event Management and of course.. brunching! This makes the perfect combo for London's BEST brunch experience.","Restaurants & Bars",51965,1,"Would never go again !",""
"fruit4london.co.uk","Welcome to Fruit4London. We supply premium quality Fruit & Veg to Offices & Homes all around London. Our service is timely and flexible and we’ll bring your fruit or veg directly to your office or home any day* of the week.","Restaurants & Bars",51972,5,"Fresh fruit and veg from farm to table!",""
"fruit4london.co.uk","Welcome to Fruit4London. We supply premium quality Fruit & Veg to Offices & Homes all around London. Our service is timely and flexible and we’ll bring your fruit or veg directly to your office or home any day* of the week.","Restaurants & Bars",51973,5,"This was a present for my friend who…",""
"fruit4london.co.uk","Welcome to Fruit4London. We supply premium quality Fruit & Veg to Offices & Homes all around London. Our service is timely and flexible and we’ll bring your fruit or veg directly to your office or home any day* of the week.","Restaurants & Bars",51974,5,"Love it! ",""
"fruit4london.co.uk","Welcome to Fruit4London. We supply premium quality Fruit & Veg to Offices & Homes all around London. Our service is timely and flexible and we’ll bring your fruit or veg directly to your office or home any day* of the week.","Restaurants & Bars",51975,5,"Brilliant service",""
"fruit4london.co.uk","Welcome to Fruit4London. We supply premium quality Fruit & Veg to Offices & Homes all around London. Our service is timely and flexible and we’ll bring your fruit or veg directly to your office or home any day* of the week.","Restaurants & Bars",51976,5,"Always deliver on time",""
"fruit4london.co.uk","Welcome to Fruit4London. We supply premium quality Fruit & Veg to Offices & Homes all around London. Our service is timely and flexible and we’ll bring your fruit or veg directly to your office or home any day* of the week.","Restaurants & Bars",51977,5,"Friendly",""
"fruit4london.co.uk","Welcome to Fruit4London. We supply premium quality Fruit & Veg to Offices & Homes all around London. Our service is timely and flexible and we’ll bring your fruit or veg directly to your office or home any day* of the week.","Restaurants & Bars",51978,5,"Great way to get a healthy snack ",""
"fruit4london.co.uk","Welcome to Fruit4London. We supply premium quality Fruit & Veg to Offices & Homes all around London. Our service is timely and flexible and we’ll bring your fruit or veg directly to your office or home any day* of the week.","Restaurants & Bars",51979,5,"Excellent customer service & beautiful basket",""
"fruit4london.co.uk","Welcome to Fruit4London. We supply premium quality Fruit & Veg to Offices & Homes all around London. Our service is timely and flexible and we’ll bring your fruit or veg directly to your office or home any day* of the week.","Restaurants & Bars",51980,5,"Fantastic quality produce",""
"fruit4london.co.uk","Welcome to Fruit4London. We supply premium quality Fruit & Veg to Offices & Homes all around London. Our service is timely and flexible and we’ll bring your fruit or veg directly to your office or home any day* of the week.","Restaurants & Bars",51981,5,"Super Fruit & Veg delivery service ",""
"fruit4london.co.uk","Welcome to Fruit4London. We supply premium quality Fruit & Veg to Offices & Homes all around London. Our service is timely and flexible and we’ll bring your fruit or veg directly to your office or home any day* of the week.","Restaurants & Bars",51992,4,"Happy customer",""
"www.hansellsyoghurtuk.com","Easy and delicious yoghurt made by you!
Our freshly made yoghurt is all natural with two probiotics (A+B) and four active cultures. It is gluten free and a good source of calcium. 
Yoghurt is a healthy and wholesome food for the whole family, and can be freshly made in 3 easy steps with Hansells Yoghurt.​
","Restaurants & Bars",51993,5,"the yogurt takes about 10 hours to be…",""
"www.hansellsyoghurtuk.com","Easy and delicious yoghurt made by you!
Our freshly made yoghurt is all natural with two probiotics (A+B) and four active cultures. It is gluten free and a good source of calcium. 
Yoghurt is a healthy and wholesome food for the whole family, and can be freshly made in 3 easy steps with Hansells Yoghurt.​
","Restaurants & Bars",51994,5,"Consistently the Best Yoghurt!",""
"www.hansellsyoghurtuk.com","Easy and delicious yoghurt made by you!
Our freshly made yoghurt is all natural with two probiotics (A+B) and four active cultures. It is gluten free and a good source of calcium. 
Yoghurt is a healthy and wholesome food for the whole family, and can be freshly made in 3 easy steps with Hansells Yoghurt.​
","Restaurants & Bars",51995,5,"Great product fast delivery",""
"www.hansellsyoghurtuk.com","Easy and delicious yoghurt made by you!
Our freshly made yoghurt is all natural with two probiotics (A+B) and four active cultures. It is gluten free and a good source of calcium. 
Yoghurt is a healthy and wholesome food for the whole family, and can be freshly made in 3 easy steps with Hansells Yoghurt.​
","Restaurants & Bars",51996,5,"Quick delivery",""
"www.hansellsyoghurtuk.com","Easy and delicious yoghurt made by you!
Our freshly made yoghurt is all natural with two probiotics (A+B) and four active cultures. It is gluten free and a good source of calcium. 
Yoghurt is a healthy and wholesome food for the whole family, and can be freshly made in 3 easy steps with Hansells Yoghurt.​
","Restaurants & Bars",51997,5,"Great taste & texture",""
"www.hansellsyoghurtuk.com","Easy and delicious yoghurt made by you!
Our freshly made yoghurt is all natural with two probiotics (A+B) and four active cultures. It is gluten free and a good source of calcium. 
Yoghurt is a healthy and wholesome food for the whole family, and can be freshly made in 3 easy steps with Hansells Yoghurt.​
","Restaurants & Bars",51998,5,"Excellent product",""
"www.hansellsyoghurtuk.com","Easy and delicious yoghurt made by you!
Our freshly made yoghurt is all natural with two probiotics (A+B) and four active cultures. It is gluten free and a good source of calcium. 
Yoghurt is a healthy and wholesome food for the whole family, and can be freshly made in 3 easy steps with Hansells Yoghurt.​
","Restaurants & Bars",51999,5,"Best value for money",""
"www.hansellsyoghurtuk.com","Easy and delicious yoghurt made by you!
Our freshly made yoghurt is all natural with two probiotics (A+B) and four active cultures. It is gluten free and a good source of calcium. 
Yoghurt is a healthy and wholesome food for the whole family, and can be freshly made in 3 easy steps with Hansells Yoghurt.​
","Restaurants & Bars",52000,5,"My order was delivered to me in two…",""
"www.hansellsyoghurtuk.com","Easy and delicious yoghurt made by you!
Our freshly made yoghurt is all natural with two probiotics (A+B) and four active cultures. It is gluten free and a good source of calcium. 
Yoghurt is a healthy and wholesome food for the whole family, and can be freshly made in 3 easy steps with Hansells Yoghurt.​
","Restaurants & Bars",52001,5,"I was very pleased with what l received…yoghurt maker",""
"www.hansellsyoghurtuk.com","Easy and delicious yoghurt made by you!
Our freshly made yoghurt is all natural with two probiotics (A+B) and four active cultures. It is gluten free and a good source of calcium. 
Yoghurt is a healthy and wholesome food for the whole family, and can be freshly made in 3 easy steps with Hansells Yoghurt.​
","Restaurants & Bars",52002,5,"Highly recommend Hansells Yoghurt ",""
"www.hansellsyoghurtuk.com","Easy and delicious yoghurt made by you!
Our freshly made yoghurt is all natural with two probiotics (A+B) and four active cultures. It is gluten free and a good source of calcium. 
Yoghurt is a healthy and wholesome food for the whole family, and can be freshly made in 3 easy steps with Hansells Yoghurt.​
","Restaurants & Bars",52013,4,"Excellent taste of product",""
"www.hansellsyoghurtuk.com","Easy and delicious yoghurt made by you!
Our freshly made yoghurt is all natural with two probiotics (A+B) and four active cultures. It is gluten free and a good source of calcium. 
Yoghurt is a healthy and wholesome food for the whole family, and can be freshly made in 3 easy steps with Hansells Yoghurt.​
","Restaurants & Bars",52014,4,"Delicious yoghurt",""
"www.hansellsyoghurtuk.com","Easy and delicious yoghurt made by you!
Our freshly made yoghurt is all natural with two probiotics (A+B) and four active cultures. It is gluten free and a good source of calcium. 
Yoghurt is a healthy and wholesome food for the whole family, and can be freshly made in 3 easy steps with Hansells Yoghurt.​
","Restaurants & Bars",52015,4,"Great yoghurt",""
"www.hansellsyoghurtuk.com","Easy and delicious yoghurt made by you!
Our freshly made yoghurt is all natural with two probiotics (A+B) and four active cultures. It is gluten free and a good source of calcium. 
Yoghurt is a healthy and wholesome food for the whole family, and can be freshly made in 3 easy steps with Hansells Yoghurt.​
","Restaurants & Bars",52016,4,"You know what you are getting",""
"www.hansellsyoghurtuk.com","Easy and delicious yoghurt made by you!
Our freshly made yoghurt is all natural with two probiotics (A+B) and four active cultures. It is gluten free and a good source of calcium. 
Yoghurt is a healthy and wholesome food for the whole family, and can be freshly made in 3 easy steps with Hansells Yoghurt.​
","Restaurants & Bars",52017,4,"Natural unsweetened yogurt",""
"www.hansellsyoghurtuk.com","Easy and delicious yoghurt made by you!
Our freshly made yoghurt is all natural with two probiotics (A+B) and four active cultures. It is gluten free and a good source of calcium. 
Yoghurt is a healthy and wholesome food for the whole family, and can be freshly made in 3 easy steps with Hansells Yoghurt.​
","Restaurants & Bars",52018,4,"Good products",""
"www.hansellsyoghurtuk.com","Easy and delicious yoghurt made by you!
Our freshly made yoghurt is all natural with two probiotics (A+B) and four active cultures. It is gluten free and a good source of calcium. 
Yoghurt is a healthy and wholesome food for the whole family, and can be freshly made in 3 easy steps with Hansells Yoghurt.​
","Restaurants & Bars",52019,4,"No plain Greek yoghurt",""
"www.hansellsyoghurtuk.com","Easy and delicious yoghurt made by you!
Our freshly made yoghurt is all natural with two probiotics (A+B) and four active cultures. It is gluten free and a good source of calcium. 
Yoghurt is a healthy and wholesome food for the whole family, and can be freshly made in 3 easy steps with Hansells Yoghurt.​
","Restaurants & Bars",52020,4,"I have acknowledged my disappointment…",""
"www.hansellsyoghurtuk.com","Easy and delicious yoghurt made by you!
Our freshly made yoghurt is all natural with two probiotics (A+B) and four active cultures. It is gluten free and a good source of calcium. 
Yoghurt is a healthy and wholesome food for the whole family, and can be freshly made in 3 easy steps with Hansells Yoghurt.​
","Restaurants & Bars",52021,4,"Generally happy with products EXCEPT…",""
"www.hansellsyoghurtuk.com","Easy and delicious yoghurt made by you!
Our freshly made yoghurt is all natural with two probiotics (A+B) and four active cultures. It is gluten free and a good source of calcium. 
Yoghurt is a healthy and wholesome food for the whole family, and can be freshly made in 3 easy steps with Hansells Yoghurt.​
","Restaurants & Bars",52022,4,"They make great yoghurt but the video…",""
"www.hansellsyoghurtuk.com","Easy and delicious yoghurt made by you!
Our freshly made yoghurt is all natural with two probiotics (A+B) and four active cultures. It is gluten free and a good source of calcium. 
Yoghurt is a healthy and wholesome food for the whole family, and can be freshly made in 3 easy steps with Hansells Yoghurt.​
","Restaurants & Bars",52023,4,"A Quality Product",""
"www.hansellsyoghurtuk.com","Easy and delicious yoghurt made by you!
Our freshly made yoghurt is all natural with two probiotics (A+B) and four active cultures. It is gluten free and a good source of calcium. 
Yoghurt is a healthy and wholesome food for the whole family, and can be freshly made in 3 easy steps with Hansells Yoghurt.​
","Restaurants & Bars",52024,4,"Have previously and the yoghurts are…",""
"www.hansellsyoghurtuk.com","Easy and delicious yoghurt made by you!
Our freshly made yoghurt is all natural with two probiotics (A+B) and four active cultures. It is gluten free and a good source of calcium. 
Yoghurt is a healthy and wholesome food for the whole family, and can be freshly made in 3 easy steps with Hansells Yoghurt.​
","Restaurants & Bars",52025,4,"Delivered quickly and reasonably…",""
"www.hansellsyoghurtuk.com","Easy and delicious yoghurt made by you!
Our freshly made yoghurt is all natural with two probiotics (A+B) and four active cultures. It is gluten free and a good source of calcium. 
Yoghurt is a healthy and wholesome food for the whole family, and can be freshly made in 3 easy steps with Hansells Yoghurt.​
","Restaurants & Bars",52026,4,"The process of ordering to delivery was…",""
"www.hansellsyoghurtuk.com","Easy and delicious yoghurt made by you!
Our freshly made yoghurt is all natural with two probiotics (A+B) and four active cultures. It is gluten free and a good source of calcium. 
Yoghurt is a healthy and wholesome food for the whole family, and can be freshly made in 3 easy steps with Hansells Yoghurt.​
","Restaurants & Bars",52027,4,"Excellent product",""
"www.hansellsyoghurtuk.com","Easy and delicious yoghurt made by you!
Our freshly made yoghurt is all natural with two probiotics (A+B) and four active cultures. It is gluten free and a good source of calcium. 
Yoghurt is a healthy and wholesome food for the whole family, and can be freshly made in 3 easy steps with Hansells Yoghurt.​
","Restaurants & Bars",52028,4,"Yoghurt is delicious.The downside is…",""
"www.hansellsyoghurtuk.com","Easy and delicious yoghurt made by you!
Our freshly made yoghurt is all natural with two probiotics (A+B) and four active cultures. It is gluten free and a good source of calcium. 
Yoghurt is a healthy and wholesome food for the whole family, and can be freshly made in 3 easy steps with Hansells Yoghurt.​
","Restaurants & Bars",52029,4,"The delivery man came a day earlier…",""
"www.hansellsyoghurtuk.com","Easy and delicious yoghurt made by you!
Our freshly made yoghurt is all natural with two probiotics (A+B) and four active cultures. It is gluten free and a good source of calcium. 
Yoghurt is a healthy and wholesome food for the whole family, and can be freshly made in 3 easy steps with Hansells Yoghurt.​
","Restaurants & Bars",52030,4,"Was waiting a long while before my …",""
"www.hansellsyoghurtuk.com","Easy and delicious yoghurt made by you!
Our freshly made yoghurt is all natural with two probiotics (A+B) and four active cultures. It is gluten free and a good source of calcium. 
Yoghurt is a healthy and wholesome food for the whole family, and can be freshly made in 3 easy steps with Hansells Yoghurt.​
","Restaurants & Bars",52031,4,"Easy ordering for a great product",""
"www.hansellsyoghurtuk.com","Easy and delicious yoghurt made by you!
Our freshly made yoghurt is all natural with two probiotics (A+B) and four active cultures. It is gluten free and a good source of calcium. 
Yoghurt is a healthy and wholesome food for the whole family, and can be freshly made in 3 easy steps with Hansells Yoghurt.​
","Restaurants & Bars",52032,4,"I have always had a good service with…Good service with good yohurt!",""
"www.hansellsyoghurtuk.com","Easy and delicious yoghurt made by you!
Our freshly made yoghurt is all natural with two probiotics (A+B) and four active cultures. It is gluten free and a good source of calcium. 
Yoghurt is a healthy and wholesome food for the whole family, and can be freshly made in 3 easy steps with Hansells Yoghurt.​
","Restaurants & Bars",52033,3,"Great products but short dates on packs",""
"www.hansellsyoghurtuk.com","Easy and delicious yoghurt made by you!
Our freshly made yoghurt is all natural with two probiotics (A+B) and four active cultures. It is gluten free and a good source of calcium. 
Yoghurt is a healthy and wholesome food for the whole family, and can be freshly made in 3 easy steps with Hansells Yoghurt.​
","Restaurants & Bars",52034,3,"I’m sure it’s just personal choice",""
"www.hansellsyoghurtuk.com","Easy and delicious yoghurt made by you!
Our freshly made yoghurt is all natural with two probiotics (A+B) and four active cultures. It is gluten free and a good source of calcium. 
Yoghurt is a healthy and wholesome food for the whole family, and can be freshly made in 3 easy steps with Hansells Yoghurt.​
","Restaurants & Bars",52035,3,"The order was cancelled by Hansells",""
"www.hansellsyoghurtuk.com","Easy and delicious yoghurt made by you!
Our freshly made yoghurt is all natural with two probiotics (A+B) and four active cultures. It is gluten free and a good source of calcium. 
Yoghurt is a healthy and wholesome food for the whole family, and can be freshly made in 3 easy steps with Hansells Yoghurt.​
","Restaurants & Bars",52036,3,"I like the product but I was…",""
"www.hansellsyoghurtuk.com","Easy and delicious yoghurt made by you!
Our freshly made yoghurt is all natural with two probiotics (A+B) and four active cultures. It is gluten free and a good source of calcium. 
Yoghurt is a healthy and wholesome food for the whole family, and can be freshly made in 3 easy steps with Hansells Yoghurt.​
","Restaurants & Bars",52037,3,"stock control is not very good",""
"www.hansellsyoghurtuk.com","Easy and delicious yoghurt made by you!
Our freshly made yoghurt is all natural with two probiotics (A+B) and four active cultures. It is gluten free and a good source of calcium. 
Yoghurt is a healthy and wholesome food for the whole family, and can be freshly made in 3 easy steps with Hansells Yoghurt.​
","Restaurants & Bars",52038,3,"Rubbish delivery company",""
"www.hansellsyoghurtuk.com","Easy and delicious yoghurt made by you!
Our freshly made yoghurt is all natural with two probiotics (A+B) and four active cultures. It is gluten free and a good source of calcium. 
Yoghurt is a healthy and wholesome food for the whole family, and can be freshly made in 3 easy steps with Hansells Yoghurt.​
","Restaurants & Bars",52039,3,"Need to be better at recyclable packaging.",""
"www.hansellsyoghurtuk.com","Easy and delicious yoghurt made by you!
Our freshly made yoghurt is all natural with two probiotics (A+B) and four active cultures. It is gluten free and a good source of calcium. 
Yoghurt is a healthy and wholesome food for the whole family, and can be freshly made in 3 easy steps with Hansells Yoghurt.​
","Restaurants & Bars",52040,3,"Mixed flavour packs at cheaper rates wanted.r",""
"www.hansellsyoghurtuk.com","Easy and delicious yoghurt made by you!
Our freshly made yoghurt is all natural with two probiotics (A+B) and four active cultures. It is gluten free and a good source of calcium. 
Yoghurt is a healthy and wholesome food for the whole family, and can be freshly made in 3 easy steps with Hansells Yoghurt.​
","Restaurants & Bars",52041,3,"Easy to make",""
"www.hansellsyoghurtuk.com","Easy and delicious yoghurt made by you!
Our freshly made yoghurt is all natural with two probiotics (A+B) and four active cultures. It is gluten free and a good source of calcium. 
Yoghurt is a healthy and wholesome food for the whole family, and can be freshly made in 3 easy steps with Hansells Yoghurt.​
","Restaurants & Bars",52042,3,"Expiry date should be indicated",""
"www.hansellsyoghurtuk.com","Easy and delicious yoghurt made by you!
Our freshly made yoghurt is all natural with two probiotics (A+B) and four active cultures. It is gluten free and a good source of calcium. 
Yoghurt is a healthy and wholesome food for the whole family, and can be freshly made in 3 easy steps with Hansells Yoghurt.​
","Restaurants & Bars",52043,3,"Disappointed in expiry dates",""
"www.hansellsyoghurtuk.com","Easy and delicious yoghurt made by you!
Our freshly made yoghurt is all natural with two probiotics (A+B) and four active cultures. It is gluten free and a good source of calcium. 
Yoghurt is a healthy and wholesome food for the whole family, and can be freshly made in 3 easy steps with Hansells Yoghurt.​
","Restaurants & Bars",52044,3,"After signing up for the news letter",""
"www.hansellsyoghurtuk.com","Easy and delicious yoghurt made by you!
Our freshly made yoghurt is all natural with two probiotics (A+B) and four active cultures. It is gluten free and a good source of calcium. 
Yoghurt is a healthy and wholesome food for the whole family, and can be freshly made in 3 easy steps with Hansells Yoghurt.​
","Restaurants & Bars",52045,3,"Ordered 12 sachets but only received 6…",""
"www.hansellsyoghurtuk.com","Easy and delicious yoghurt made by you!
Our freshly made yoghurt is all natural with two probiotics (A+B) and four active cultures. It is gluten free and a good source of calcium. 
Yoghurt is a healthy and wholesome food for the whole family, and can be freshly made in 3 easy steps with Hansells Yoghurt.​
","Restaurants & Bars",52046,3,"Ok but expensive for the price of £15.",""
"www.hansellsyoghurtuk.com","Easy and delicious yoghurt made by you!
Our freshly made yoghurt is all natural with two probiotics (A+B) and four active cultures. It is gluten free and a good source of calcium. 
Yoghurt is a healthy and wholesome food for the whole family, and can be freshly made in 3 easy steps with Hansells Yoghurt.​
","Restaurants & Bars",52047,3,"First time I have used this product",""
"www.hansellsyoghurtuk.com","Easy and delicious yoghurt made by you!
Our freshly made yoghurt is all natural with two probiotics (A+B) and four active cultures. It is gluten free and a good source of calcium. 
Yoghurt is a healthy and wholesome food for the whole family, and can be freshly made in 3 easy steps with Hansells Yoghurt.​
","Restaurants & Bars",52048,3,"When we order we get a confirmation…",""
"www.hansellsyoghurtuk.com","Easy and delicious yoghurt made by you!
Our freshly made yoghurt is all natural with two probiotics (A+B) and four active cultures. It is gluten free and a good source of calcium. 
Yoghurt is a healthy and wholesome food for the whole family, and can be freshly made in 3 easy steps with Hansells Yoghurt.​
","Restaurants & Bars",52049,3,"I was unable to get just a pack of…",""
"www.hansellsyoghurtuk.com","Easy and delicious yoghurt made by you!
Our freshly made yoghurt is all natural with two probiotics (A+B) and four active cultures. It is gluten free and a good source of calcium. 
Yoghurt is a healthy and wholesome food for the whole family, and can be freshly made in 3 easy steps with Hansells Yoghurt.​
","Restaurants & Bars",52050,3,"Yoghurt taste…",""
"www.hansellsyoghurtuk.com","Easy and delicious yoghurt made by you!
Our freshly made yoghurt is all natural with two probiotics (A+B) and four active cultures. It is gluten free and a good source of calcium. 
Yoghurt is a healthy and wholesome food for the whole family, and can be freshly made in 3 easy steps with Hansells Yoghurt.​
","Restaurants & Bars",52051,3,"Ordered 8 packs only 7 were delivered",""
"www.hansellsyoghurtuk.com","Easy and delicious yoghurt made by you!
Our freshly made yoghurt is all natural with two probiotics (A+B) and four active cultures. It is gluten free and a good source of calcium. 
Yoghurt is a healthy and wholesome food for the whole family, and can be freshly made in 3 easy steps with Hansells Yoghurt.​
","Restaurants & Bars",52052,2,"Not impressed",""
"www.hansellsyoghurtuk.com","Easy and delicious yoghurt made by you!
Our freshly made yoghurt is all natural with two probiotics (A+B) and four active cultures. It is gluten free and a good source of calcium. 
Yoghurt is a healthy and wholesome food for the whole family, and can be freshly made in 3 easy steps with Hansells Yoghurt.​
","Restaurants & Bars",52053,2,"Stay clear of lite version",""
"www.hansellsyoghurtuk.com","Easy and delicious yoghurt made by you!
Our freshly made yoghurt is all natural with two probiotics (A+B) and four active cultures. It is gluten free and a good source of calcium. 
Yoghurt is a healthy and wholesome food for the whole family, and can be freshly made in 3 easy steps with Hansells Yoghurt.​
","Restaurants & Bars",52054,2,"I have used this product before so I…",""
"www.hansellsyoghurtuk.com","Easy and delicious yoghurt made by you!
Our freshly made yoghurt is all natural with two probiotics (A+B) and four active cultures. It is gluten free and a good source of calcium. 
Yoghurt is a healthy and wholesome food for the whole family, and can be freshly made in 3 easy steps with Hansells Yoghurt.​
","Restaurants & Bars",52055,2,"Rubbish delivery",""
"www.hansellsyoghurtuk.com","Easy and delicious yoghurt made by you!
Our freshly made yoghurt is all natural with two probiotics (A+B) and four active cultures. It is gluten free and a good source of calcium. 
Yoghurt is a healthy and wholesome food for the whole family, and can be freshly made in 3 easy steps with Hansells Yoghurt.​
","Restaurants & Bars",52056,2,"Ordered on Nov 19th,Yodell lost parcel, use reliable Royal Mail instead for customer satisfaction",""
"www.hansellsyoghurtuk.com","Easy and delicious yoghurt made by you!
Our freshly made yoghurt is all natural with two probiotics (A+B) and four active cultures. It is gluten free and a good source of calcium. 
Yoghurt is a healthy and wholesome food for the whole family, and can be freshly made in 3 easy steps with Hansells Yoghurt.​
","Restaurants & Bars",52057,2,"This was my first purchase, but....",""
"www.hansellsyoghurtuk.com","Easy and delicious yoghurt made by you!
Our freshly made yoghurt is all natural with two probiotics (A+B) and four active cultures. It is gluten free and a good source of calcium. 
Yoghurt is a healthy and wholesome food for the whole family, and can be freshly made in 3 easy steps with Hansells Yoghurt.​
","Restaurants & Bars",52058,2,"You need to use a much better delivery…",""
"www.hansellsyoghurtuk.com","Easy and delicious yoghurt made by you!
Our freshly made yoghurt is all natural with two probiotics (A+B) and four active cultures. It is gluten free and a good source of calcium. 
Yoghurt is a healthy and wholesome food for the whole family, and can be freshly made in 3 easy steps with Hansells Yoghurt.​
","Restaurants & Bars",52059,1,"Duped by Company closing down",""
"www.hansellsyoghurtuk.com","Easy and delicious yoghurt made by you!
Our freshly made yoghurt is all natural with two probiotics (A+B) and four active cultures. It is gluten free and a good source of calcium. 
Yoghurt is a healthy and wholesome food for the whole family, and can be freshly made in 3 easy steps with Hansells Yoghurt.​
","Restaurants & Bars",52060,1,"Disappointed with Expiry Dates and Packaging Quality",""
"www.hansellsyoghurtuk.com","Easy and delicious yoghurt made by you!
Our freshly made yoghurt is all natural with two probiotics (A+B) and four active cultures. It is gluten free and a good source of calcium. 
Yoghurt is a healthy and wholesome food for the whole family, and can be freshly made in 3 easy steps with Hansells Yoghurt.​
","Restaurants & Bars",52061,1,"Great Yoghurt- Disappointing Delivery",""
"shop.thealchemist.uk.com","The Alchemist is a cocktail bar & restaurant that celebrates molecular mixology, alchemy and craftsmanship. Celebrate our weird and wonderful products.","Restaurants & Bars",52076,5,"Superb service from the online order to…",""
"shop.thealchemist.uk.com","The Alchemist is a cocktail bar & restaurant that celebrates molecular mixology, alchemy and craftsmanship. Celebrate our weird and wonderful products.","Restaurants & Bars",52077,5,"All-Round Amazing!",""
"shop.thealchemist.uk.com","The Alchemist is a cocktail bar & restaurant that celebrates molecular mixology, alchemy and craftsmanship. Celebrate our weird and wonderful products.","Restaurants & Bars",52078,5,"Got a birthday horoscope reading…",""
"shop.thealchemist.uk.com","The Alchemist is a cocktail bar & restaurant that celebrates molecular mixology, alchemy and craftsmanship. Celebrate our weird and wonderful products.","Restaurants & Bars",52079,5,"James is great!",""
"shop.thealchemist.uk.com","The Alchemist is a cocktail bar & restaurant that celebrates molecular mixology, alchemy and craftsmanship. Celebrate our weird and wonderful products.","Restaurants & Bars",52080,5,"These are gifts for a birthday in…",""
"shop.thealchemist.uk.com","The Alchemist is a cocktail bar & restaurant that celebrates molecular mixology, alchemy and craftsmanship. Celebrate our weird and wonderful products.","Restaurants & Bars",52081,5,"Fabulous cocktail recipe book",""
"shop.thealchemist.uk.com","The Alchemist is a cocktail bar & restaurant that celebrates molecular mixology, alchemy and craftsmanship. Celebrate our weird and wonderful products.","Restaurants & Bars",52082,5,"🌟 🌟 🌟 🌟 🌟",""
"shop.thealchemist.uk.com","The Alchemist is a cocktail bar & restaurant that celebrates molecular mixology, alchemy and craftsmanship. Celebrate our weird and wonderful products.","Restaurants & Bars",52083,5,"We enjoyed ourselves over a drink ",""
"shop.thealchemist.uk.com","The Alchemist is a cocktail bar & restaurant that celebrates molecular mixology, alchemy and craftsmanship. Celebrate our weird and wonderful products.","Restaurants & Bars",52084,5,"Nice little selection to enjoy at home",""
"shop.thealchemist.uk.com","The Alchemist is a cocktail bar & restaurant that celebrates molecular mixology, alchemy and craftsmanship. Celebrate our weird and wonderful products.","Restaurants & Bars",52085,5,"Lovely gift",""
"shop.thealchemist.uk.com","The Alchemist is a cocktail bar & restaurant that celebrates molecular mixology, alchemy and craftsmanship. Celebrate our weird and wonderful products.","Restaurants & Bars",52096,4,"Speedy delivery and smooth transaction",""
"shop.thealchemist.uk.com","The Alchemist is a cocktail bar & restaurant that celebrates molecular mixology, alchemy and craftsmanship. Celebrate our weird and wonderful products.","Restaurants & Bars",52097,4,"Birthday present",""
"shop.thealchemist.uk.com","The Alchemist is a cocktail bar & restaurant that celebrates molecular mixology, alchemy and craftsmanship. Celebrate our weird and wonderful products.","Restaurants & Bars",52098,3,"Don't sell their merchandise on location",""
"shop.thealchemist.uk.com","The Alchemist is a cocktail bar & restaurant that celebrates molecular mixology, alchemy and craftsmanship. Celebrate our weird and wonderful products.","Restaurants & Bars",52099,3,"Sent wrong size t shirt had to email to…",""
"shop.thealchemist.uk.com","The Alchemist is a cocktail bar & restaurant that celebrates molecular mixology, alchemy and craftsmanship. Celebrate our weird and wonderful products.","Restaurants & Bars",52100,3,"Ordered during Black Friday period",""
"shop.thealchemist.uk.com","The Alchemist is a cocktail bar & restaurant that celebrates molecular mixology, alchemy and craftsmanship. Celebrate our weird and wonderful products.","Restaurants & Bars",52101,2,"Quarter full cocktail bottle",""
"shop.thealchemist.uk.com","The Alchemist is a cocktail bar & restaurant that celebrates molecular mixology, alchemy and craftsmanship. Celebrate our weird and wonderful products.","Restaurants & Bars",52102,2,"The cocktails we liked wasn’t in…",""
"shop.thealchemist.uk.com","The Alchemist is a cocktail bar & restaurant that celebrates molecular mixology, alchemy and craftsmanship. Celebrate our weird and wonderful products.","Restaurants & Bars",52103,2,"Product was delivered damaged.",""
"shop.thealchemist.uk.com","The Alchemist is a cocktail bar & restaurant that celebrates molecular mixology, alchemy and craftsmanship. Celebrate our weird and wonderful products.","Restaurants & Bars",52104,1,"Ordered and paid for 48 hour delivery…",""
"shop.thealchemist.uk.com","The Alchemist is a cocktail bar & restaurant that celebrates molecular mixology, alchemy and craftsmanship. Celebrate our weird and wonderful products.","Restaurants & Bars",52105,1,"No personality",""
"shop.thealchemist.uk.com","The Alchemist is a cocktail bar & restaurant that celebrates molecular mixology, alchemy and craftsmanship. Celebrate our weird and wonderful products.","Restaurants & Bars",52106,1,"Print purchase",""
"anddine.co.uk","High-Quality Workplace Catering Powered by Independent Caterers.

Trusted, flexible catering for any occasion. Connect with hundreds of independent caterers offering unique, bespoke solutions for all your needs - great food, every time.","Restaurants & Bars",52107,5,"Perfect and DELICIOUS ",""
"anddine.co.uk","High-Quality Workplace Catering Powered by Independent Caterers.

Trusted, flexible catering for any occasion. Connect with hundreds of independent caterers offering unique, bespoke solutions for all your needs - great food, every time.","Restaurants & Bars",52108,5,"Thank you!",""
"anddine.co.uk","High-Quality Workplace Catering Powered by Independent Caterers.

Trusted, flexible catering for any occasion. Connect with hundreds of independent caterers offering unique, bespoke solutions for all your needs - great food, every time.","Restaurants & Bars",52109,5,"Can't recommend highly enough ",""
"anddine.co.uk","High-Quality Workplace Catering Powered by Independent Caterers.

Trusted, flexible catering for any occasion. Connect with hundreds of independent caterers offering unique, bespoke solutions for all your needs - great food, every time.","Restaurants & Bars",52110,5,"Lunch for 300 guests at Salesforce Tower on October 30",""
"anddine.co.uk","High-Quality Workplace Catering Powered by Independent Caterers.

Trusted, flexible catering for any occasion. Connect with hundreds of independent caterers offering unique, bespoke solutions for all your needs - great food, every time.","Restaurants & Bars",52111,5,"Great food and delivery tracking was…",""
"anddine.co.uk","High-Quality Workplace Catering Powered by Independent Caterers.

Trusted, flexible catering for any occasion. Connect with hundreds of independent caterers offering unique, bespoke solutions for all your needs - great food, every time.","Restaurants & Bars",52112,5,"Delicious Team Lunch",""
"anddine.co.uk","High-Quality Workplace Catering Powered by Independent Caterers.

Trusted, flexible catering for any occasion. Connect with hundreds of independent caterers offering unique, bespoke solutions for all your needs - great food, every time.","Restaurants & Bars",52113,5,"Hits the mark every time",""
"anddine.co.uk","High-Quality Workplace Catering Powered by Independent Caterers.

Trusted, flexible catering for any occasion. Connect with hundreds of independent caterers offering unique, bespoke solutions for all your needs - great food, every time.","Restaurants & Bars",52114,5,"Exceptional Service & Seamless Experience!",""
"anddine.co.uk","High-Quality Workplace Catering Powered by Independent Caterers.

Trusted, flexible catering for any occasion. Connect with hundreds of independent caterers offering unique, bespoke solutions for all your needs - great food, every time.","Restaurants & Bars",52115,5,"We ordered from Chrissy's Kitchen for…",""
"anddine.co.uk","High-Quality Workplace Catering Powered by Independent Caterers.

Trusted, flexible catering for any occasion. Connect with hundreds of independent caterers offering unique, bespoke solutions for all your needs - great food, every time.","Restaurants & Bars",52116,5,"Excellent",""
"anddine.co.uk","High-Quality Workplace Catering Powered by Independent Caterers.

Trusted, flexible catering for any occasion. Connect with hundreds of independent caterers offering unique, bespoke solutions for all your needs - great food, every time.","Restaurants & Bars",52127,4,"Accommodating & Great Food!  ",""
"anddine.co.uk","High-Quality Workplace Catering Powered by Independent Caterers.

Trusted, flexible catering for any occasion. Connect with hundreds of independent caterers offering unique, bespoke solutions for all your needs - great food, every time.","Restaurants & Bars",52128,3,"Good product, let down by lack of info",""
"anddine.co.uk","High-Quality Workplace Catering Powered by Independent Caterers.

Trusted, flexible catering for any occasion. Connect with hundreds of independent caterers offering unique, bespoke solutions for all your needs - great food, every time.","Restaurants & Bars",52129,2,"Can work, but can cancel last minute ",""
"anddine.co.uk","High-Quality Workplace Catering Powered by Independent Caterers.

Trusted, flexible catering for any occasion. Connect with hundreds of independent caterers offering unique, bespoke solutions for all your needs - great food, every time.","Restaurants & Bars",52130,2,"Obtrusive and disingenuous company",""
"anddine.co.uk","High-Quality Workplace Catering Powered by Independent Caterers.

Trusted, flexible catering for any occasion. Connect with hundreds of independent caterers offering unique, bespoke solutions for all your needs - great food, every time.","Restaurants & Bars",52131,2,"No tracking code and the delivery was extremely late",""
"anddine.co.uk","High-Quality Workplace Catering Powered by Independent Caterers.

Trusted, flexible catering for any occasion. Connect with hundreds of independent caterers offering unique, bespoke solutions for all your needs - great food, every time.","Restaurants & Bars",52132,1,"I wasted 3 years of my life working for…",""
"anddine.co.uk","High-Quality Workplace Catering Powered by Independent Caterers.

Trusted, flexible catering for any occasion. Connect with hundreds of independent caterers offering unique, bespoke solutions for all your needs - great food, every time.","Restaurants & Bars",52133,1,"My delivery was delayed twice during…",""
"anddine.co.uk","High-Quality Workplace Catering Powered by Independent Caterers.

Trusted, flexible catering for any occasion. Connect with hundreds of independent caterers offering unique, bespoke solutions for all your needs - great food, every time.","Restaurants & Bars",52134,1,"Terrible treatment of home-chefs",""
"anddine.co.uk","High-Quality Workplace Catering Powered by Independent Caterers.

Trusted, flexible catering for any occasion. Connect with hundreds of independent caterers offering unique, bespoke solutions for all your needs - great food, every time.","Restaurants & Bars",52135,1,"Poor Customer Service! As a customer who previously ordered…",""
"anddine.co.uk","High-Quality Workplace Catering Powered by Independent Caterers.

Trusted, flexible catering for any occasion. Connect with hundreds of independent caterers offering unique, bespoke solutions for all your needs - great food, every time.","Restaurants & Bars",52136,1,"My limited experience with & Dine so…",""
"anddine.co.uk","High-Quality Workplace Catering Powered by Independent Caterers.

Trusted, flexible catering for any occasion. Connect with hundreds of independent caterers offering unique, bespoke solutions for all your needs - great food, every time.","Restaurants & Bars",52137,1,"Terrible service",""
"www.albertsschloss.com","Explore Albert's Schloss, a Bavarian bier and pleasure palace serving up Europe's finest tankards of beer, delectable Alpine cuisine and showtime entertainment every night of the week.","Restaurants & Bars",52138,5,"The Birmingham branch of this brand is…",""
"www.albertsschloss.com","Explore Albert's Schloss, a Bavarian bier and pleasure palace serving up Europe's finest tankards of beer, delectable Alpine cuisine and showtime entertainment every night of the week.","Restaurants & Bars",52139,5,"5* service, first class food",""
"www.albertsschloss.com","Explore Albert's Schloss, a Bavarian bier and pleasure palace serving up Europe's finest tankards of beer, delectable Alpine cuisine and showtime entertainment every night of the week.","Restaurants & Bars",52140,1,"In A.S Manchester",""
"www.albertsschloss.com","Explore Albert's Schloss, a Bavarian bier and pleasure palace serving up Europe's finest tankards of beer, delectable Alpine cuisine and showtime entertainment every night of the week.","Restaurants & Bars",52141,1,"Don’t ever try and work for them ",""
"www.albertsschloss.com","Explore Albert's Schloss, a Bavarian bier and pleasure palace serving up Europe's finest tankards of beer, delectable Alpine cuisine and showtime entertainment every night of the week.","Restaurants & Bars",52142,1,"Crap service",""
"www.albertsschloss.com","Explore Albert's Schloss, a Bavarian bier and pleasure palace serving up Europe's finest tankards of beer, delectable Alpine cuisine and showtime entertainment every night of the week.","Restaurants & Bars",52143,1,"Awful bouncer’s falsely accusing people…",""
"www.albertsschloss.com","Explore Albert's Schloss, a Bavarian bier and pleasure palace serving up Europe's finest tankards of beer, delectable Alpine cuisine and showtime entertainment every night of the week.","Restaurants & Bars",52144,1,"Staff were dismissive of my asthma…",""
"www.albertsschloss.com","Explore Albert's Schloss, a Bavarian bier and pleasure palace serving up Europe's finest tankards of beer, delectable Alpine cuisine and showtime entertainment every night of the week.","Restaurants & Bars",52145,1,"Terrible bouncer ",""
"www.brewersfayre.co.uk","Enjoy more of what you love - classic pub food at great value prices. Brewers Fayre, the perfect pub restaurant to visit with family and friends","Restaurants & Bars",52146,5,"My wife and I having been calling at…",""
"www.brewersfayre.co.uk","Enjoy more of what you love - classic pub food at great value prices. Brewers Fayre, the perfect pub restaurant to visit with family and friends","Restaurants & Bars",52147,5,"Happy New Year",""
"www.brewersfayre.co.uk","Enjoy more of what you love - classic pub food at great value prices. Brewers Fayre, the perfect pub restaurant to visit with family and friends","Restaurants & Bars",52148,5,"Our favourite restaurant",""
"www.brewersfayre.co.uk","Enjoy more of what you love - classic pub food at great value prices. Brewers Fayre, the perfect pub restaurant to visit with family and friends","Restaurants & Bars",52149,5,"Had out first Christmas dinner at…",""
"www.brewersfayre.co.uk","Enjoy more of what you love - classic pub food at great value prices. Brewers Fayre, the perfect pub restaurant to visit with family and friends","Restaurants & Bars",52150,5,"Festive sunday",""
"www.brewersfayre.co.uk","Enjoy more of what you love - classic pub food at great value prices. Brewers Fayre, the perfect pub restaurant to visit with family and friends","Restaurants & Bars",52151,5,"A party of 4 went to Chef & Brewers…",""
"www.brewersfayre.co.uk","Enjoy more of what you love - classic pub food at great value prices. Brewers Fayre, the perfect pub restaurant to visit with family and friends","Restaurants & Bars",52152,5,"Our favourite restaurant 😋",""
"www.brewersfayre.co.uk","Enjoy more of what you love - classic pub food at great value prices. Brewers Fayre, the perfect pub restaurant to visit with family and friends","Restaurants & Bars",52153,5,"Sunday Carvery ",""
"www.brewersfayre.co.uk","Enjoy more of what you love - classic pub food at great value prices. Brewers Fayre, the perfect pub restaurant to visit with family and friends","Restaurants & Bars",52154,5,"Went to Goole brewers fayre for a…",""
"www.brewersfayre.co.uk","Enjoy more of what you love - classic pub food at great value prices. Brewers Fayre, the perfect pub restaurant to visit with family and friends","Restaurants & Bars",52155,5,"The craftsmanship is outstanding",""
"www.brewersfayre.co.uk","Enjoy more of what you love - classic pub food at great value prices. Brewers Fayre, the perfect pub restaurant to visit with family and friends","Restaurants & Bars",52166,4,"A nice place to chill out and enjoy",""
"www.brewersfayre.co.uk","Enjoy more of what you love - classic pub food at great value prices. Brewers Fayre, the perfect pub restaurant to visit with family and friends","Restaurants & Bars",52167,4,"Happy again",""
"www.brewersfayre.co.uk","Enjoy more of what you love - classic pub food at great value prices. Brewers Fayre, the perfect pub restaurant to visit with family and friends","Restaurants & Bars",52168,4,"Very pleasant staff",""
"www.brewersfayre.co.uk","Enjoy more of what you love - classic pub food at great value prices. Brewers Fayre, the perfect pub restaurant to visit with family and friends","Restaurants & Bars",52169,4,"We used  the Brewers Fayre O'bridge in…",""
"www.brewersfayre.co.uk","Enjoy more of what you love - classic pub food at great value prices. Brewers Fayre, the perfect pub restaurant to visit with family and friends","Restaurants & Bars",52170,4,"Almost There",""
"www.brewersfayre.co.uk","Enjoy more of what you love - classic pub food at great value prices. Brewers Fayre, the perfect pub restaurant to visit with family and friends","Restaurants & Bars",52171,4,"Tables were not sticky at this one at…",""
"www.brewersfayre.co.uk","Enjoy more of what you love - classic pub food at great value prices. Brewers Fayre, the perfect pub restaurant to visit with family and friends","Restaurants & Bars",52172,4,"Brilliant customer service.",""
"www.brewersfayre.co.uk","Enjoy more of what you love - classic pub food at great value prices. Brewers Fayre, the perfect pub restaurant to visit with family and friends","Restaurants & Bars",52173,4,"Called into Bideford Brewers Fayre on…",""
"www.brewersfayre.co.uk","Enjoy more of what you love - classic pub food at great value prices. Brewers Fayre, the perfect pub restaurant to visit with family and friends","Restaurants & Bars",52174,4,"We went to the  Drove restaurant in…",""
"www.brewersfayre.co.uk","Enjoy more of what you love - classic pub food at great value prices. Brewers Fayre, the perfect pub restaurant to visit with family and friends","Restaurants & Bars",52175,4,"Turnpike ponteftact",""
"www.brewersfayre.co.uk","Enjoy more of what you love - classic pub food at great value prices. Brewers Fayre, the perfect pub restaurant to visit with family and friends","Restaurants & Bars",52176,4,"Good food at reasonable prices",""
"www.brewersfayre.co.uk","Enjoy more of what you love - classic pub food at great value prices. Brewers Fayre, the perfect pub restaurant to visit with family and friends","Restaurants & Bars",52177,4,"I visited brewers fayre Braintree today…",""
"www.brewersfayre.co.uk","Enjoy more of what you love - classic pub food at great value prices. Brewers Fayre, the perfect pub restaurant to visit with family and friends","Restaurants & Bars",52178,4,"Disappointing and not great value......!",""
"www.brewersfayre.co.uk","Enjoy more of what you love - classic pub food at great value prices. Brewers Fayre, the perfect pub restaurant to visit with family and friends","Restaurants & Bars",52179,4,"Amazing service!!",""
"www.brewersfayre.co.uk","Enjoy more of what you love - classic pub food at great value prices. Brewers Fayre, the perfect pub restaurant to visit with family and friends","Restaurants & Bars",52180,4,"Linkwood lodge family dinner",""
"www.brewersfayre.co.uk","Enjoy more of what you love - classic pub food at great value prices. Brewers Fayre, the perfect pub restaurant to visit with family and friends","Restaurants & Bars",52181,4,"Lovely restaurant",""
"www.brewersfayre.co.uk","Enjoy more of what you love - classic pub food at great value prices. Brewers Fayre, the perfect pub restaurant to visit with family and friends","Restaurants & Bars",52182,4,"We only went to brewers fayre in…",""
"www.brewersfayre.co.uk","Enjoy more of what you love - classic pub food at great value prices. Brewers Fayre, the perfect pub restaurant to visit with family and friends","Restaurants & Bars",52183,4,"Very helpful staff",""
"www.brewersfayre.co.uk","Enjoy more of what you love - classic pub food at great value prices. Brewers Fayre, the perfect pub restaurant to visit with family and friends","Restaurants & Bars",52184,4,"As a regular of Monifeith Farm,When I…",""
"www.brewersfayre.co.uk","Enjoy more of what you love - classic pub food at great value prices. Brewers Fayre, the perfect pub restaurant to visit with family and friends","Restaurants & Bars",52185,4,"New chef new clocktower",""
"www.brewersfayre.co.uk","Enjoy more of what you love - classic pub food at great value prices. Brewers Fayre, the perfect pub restaurant to visit with family and friends","Restaurants & Bars",52186,3,"Sunday carvery…",""
"www.brewersfayre.co.uk","Enjoy more of what you love - classic pub food at great value prices. Brewers Fayre, the perfect pub restaurant to visit with family and friends","Restaurants & Bars",52187,3,"Food was okay slow service of food ",""
"www.brewersfayre.co.uk","Enjoy more of what you love - classic pub food at great value prices. Brewers Fayre, the perfect pub restaurant to visit with family and friends","Restaurants & Bars",52188,3,"Big change to potion sizes.  ",""
"www.brewersfayre.co.uk","Enjoy more of what you love - classic pub food at great value prices. Brewers Fayre, the perfect pub restaurant to visit with family and friends","Restaurants & Bars",52189,3,"Noise of a woman",""
"www.brewersfayre.co.uk","Enjoy more of what you love - classic pub food at great value prices. Brewers Fayre, the perfect pub restaurant to visit with family and friends","Restaurants & Bars",52190,3,"Staying at Kincardine Brewers Fayre",""
"www.brewersfayre.co.uk","Enjoy more of what you love - classic pub food at great value prices. Brewers Fayre, the perfect pub restaurant to visit with family and friends","Restaurants & Bars",52191,3,"Disappointing",""
"www.brewersfayre.co.uk","Enjoy more of what you love - classic pub food at great value prices. Brewers Fayre, the perfect pub restaurant to visit with family and friends","Restaurants & Bars",52192,3,"Festive Menu Unavailable",""
"www.brewersfayre.co.uk","Enjoy more of what you love - classic pub food at great value prices. Brewers Fayre, the perfect pub restaurant to visit with family and friends","Restaurants & Bars",52193,3,"Staff",""
"www.brewersfayre.co.uk","Enjoy more of what you love - classic pub food at great value prices. Brewers Fayre, the perfect pub restaurant to visit with family and friends","Restaurants & Bars",52194,3,"Bristol for a…weekend",""
"www.brewersfayre.co.uk","Enjoy more of what you love - classic pub food at great value prices. Brewers Fayre, the perfect pub restaurant to visit with family and friends","Restaurants & Bars",52195,3,"Member of staff that is bald with beard got a terrible attitude towards customers ",""
"www.brewersfayre.co.uk","Enjoy more of what you love - classic pub food at great value prices. Brewers Fayre, the perfect pub restaurant to visit with family and friends","Restaurants & Bars",52196,3,"Went to hunsworth Cleckheaton today…",""
"www.brewersfayre.co.uk","Enjoy more of what you love - classic pub food at great value prices. Brewers Fayre, the perfect pub restaurant to visit with family and friends","Restaurants & Bars",52197,3,"Fine for a pint",""
"www.brewersfayre.co.uk","Enjoy more of what you love - classic pub food at great value prices. Brewers Fayre, the perfect pub restaurant to visit with family and friends","Restaurants & Bars",52198,3,"Not good",""
"www.brewersfayre.co.uk","Enjoy more of what you love - classic pub food at great value prices. Brewers Fayre, the perfect pub restaurant to visit with family and friends","Restaurants & Bars",52199,3,"The best waitress here today was…",""
"www.brewersfayre.co.uk","Enjoy more of what you love - classic pub food at great value prices. Brewers Fayre, the perfect pub restaurant to visit with family and friends","Restaurants & Bars",52200,3,"Main meal was fine ❗️",""
"www.brewersfayre.co.uk","Enjoy more of what you love - classic pub food at great value prices. Brewers Fayre, the perfect pub restaurant to visit with family and friends","Restaurants & Bars",52201,3,"No drinks on 25th to unbooked",""
"www.brewersfayre.co.uk","Enjoy more of what you love - classic pub food at great value prices. Brewers Fayre, the perfect pub restaurant to visit with family and friends","Restaurants & Bars",52202,3,"Need for improvement",""
"www.brewersfayre.co.uk","Enjoy more of what you love - classic pub food at great value prices. Brewers Fayre, the perfect pub restaurant to visit with family and friends","Restaurants & Bars",52203,3,"dissapointed",""
"www.brewersfayre.co.uk","Enjoy more of what you love - classic pub food at great value prices. Brewers Fayre, the perfect pub restaurant to visit with family and friends","Restaurants & Bars",52204,3,"Loggans Moor",""
"www.brewersfayre.co.uk","Enjoy more of what you love - classic pub food at great value prices. Brewers Fayre, the perfect pub restaurant to visit with family and friends","Restaurants & Bars",52205,3,"Overcharged for Poor Quality Food!",""
"www.brewersfayre.co.uk","Enjoy more of what you love - classic pub food at great value prices. Brewers Fayre, the perfect pub restaurant to visit with family and friends","Restaurants & Bars",52206,2,"We went for breakfast last Friday",""
"www.brewersfayre.co.uk","Enjoy more of what you love - classic pub food at great value prices. Brewers Fayre, the perfect pub restaurant to visit with family and friends","Restaurants & Bars",52207,2,"North sheilds …",""
"www.brewersfayre.co.uk","Enjoy more of what you love - classic pub food at great value prices. Brewers Fayre, the perfect pub restaurant to visit with family and friends","Restaurants & Bars",52208,2," Christmas get together ",""
"www.brewersfayre.co.uk","Enjoy more of what you love - classic pub food at great value prices. Brewers Fayre, the perfect pub restaurant to visit with family and friends","Restaurants & Bars",52209,2,"Limited items on menu, booked but no prior warning. ",""
"www.brewersfayre.co.uk","Enjoy more of what you love - classic pub food at great value prices. Brewers Fayre, the perfect pub restaurant to visit with family and friends","Restaurants & Bars",52210,2,"Just had our first festive meal at the…",""
"www.brewersfayre.co.uk","Enjoy more of what you love - classic pub food at great value prices. Brewers Fayre, the perfect pub restaurant to visit with family and friends","Restaurants & Bars",52211,2,"Not as advertised in Menu",""
"www.brewersfayre.co.uk","Enjoy more of what you love - classic pub food at great value prices. Brewers Fayre, the perfect pub restaurant to visit with family and friends","Restaurants & Bars",52212,2,"Please do not book for Christmas",""
"www.brewersfayre.co.uk","Enjoy more of what you love - classic pub food at great value prices. Brewers Fayre, the perfect pub restaurant to visit with family and friends","Restaurants & Bars",52213,2,"Brewers Fayre Chafford Hundred",""
"www.brewersfayre.co.uk","Enjoy more of what you love - classic pub food at great value prices. Brewers Fayre, the perfect pub restaurant to visit with family and friends","Restaurants & Bars",52214,2,"Beware of Spiders ...",""
"www.brewersfayre.co.uk","Enjoy more of what you love - classic pub food at great value prices. Brewers Fayre, the perfect pub restaurant to visit with family and friends","Restaurants & Bars",52215,2,"Disappointed ",""
"hungryhorse.co.uk","Amazing food, live sport, sun-drenched beer gardens and play areas for the kids: just a few things that make our Hungry Horse pubs so EPIC! And with over 200 locations across the country, there's bound to be one of our pubs near you. From sizzling steaks to Sunday roasts, our menu is bursting with amazing meals, and we've got the perfect line-up of drinks to match... plus big TVs to catch all the latest live sport events!","Restaurants & Bars",52246,5,"Ashley Hotel salmon Mix It Up ",""
"hungryhorse.co.uk","Amazing food, live sport, sun-drenched beer gardens and play areas for the kids: just a few things that make our Hungry Horse pubs so EPIC! And with over 200 locations across the country, there's bound to be one of our pubs near you. From sizzling steaks to Sunday roasts, our menu is bursting with amazing meals, and we've got the perfect line-up of drinks to match... plus big TVs to catch all the latest live sport events!","Restaurants & Bars",52247,5,"Great for the whole family",""
"hungryhorse.co.uk","Amazing food, live sport, sun-drenched beer gardens and play areas for the kids: just a few things that make our Hungry Horse pubs so EPIC! And with over 200 locations across the country, there's bound to be one of our pubs near you. From sizzling steaks to Sunday roasts, our menu is bursting with amazing meals, and we've got the perfect line-up of drinks to match... plus big TVs to catch all the latest live sport events!","Restaurants & Bars",52248,5,"Excellent as always ",""
"hungryhorse.co.uk","Amazing food, live sport, sun-drenched beer gardens and play areas for the kids: just a few things that make our Hungry Horse pubs so EPIC! And with over 200 locations across the country, there's bound to be one of our pubs near you. From sizzling steaks to Sunday roasts, our menu is bursting with amazing meals, and we've got the perfect line-up of drinks to match... plus big TVs to catch all the latest live sport events!","Restaurants & Bars",52249,5,"On Arrival there were no tables…",""
"hungryhorse.co.uk","Amazing food, live sport, sun-drenched beer gardens and play areas for the kids: just a few things that make our Hungry Horse pubs so EPIC! And with over 200 locations across the country, there's bound to be one of our pubs near you. From sizzling steaks to Sunday roasts, our menu is bursting with amazing meals, and we've got the perfect line-up of drinks to match... plus big TVs to catch all the latest live sport events!","Restaurants & Bars",52250,5," Excellent quality  service ",""
"hungryhorse.co.uk","Amazing food, live sport, sun-drenched beer gardens and play areas for the kids: just a few things that make our Hungry Horse pubs so EPIC! And with over 200 locations across the country, there's bound to be one of our pubs near you. From sizzling steaks to Sunday roasts, our menu is bursting with amazing meals, and we've got the perfect line-up of drinks to match... plus big TVs to catch all the latest live sport events!","Restaurants & Bars",52251,5,"The atmosphere is second to none,the…",""
"hungryhorse.co.uk","Amazing food, live sport, sun-drenched beer gardens and play areas for the kids: just a few things that make our Hungry Horse pubs so EPIC! And with over 200 locations across the country, there's bound to be one of our pubs near you. From sizzling steaks to Sunday roasts, our menu is bursting with amazing meals, and we've got the perfect line-up of drinks to match... plus big TVs to catch all the latest live sport events!","Restaurants & Bars",52252,5,"We drove here from Bristol for a meal",""
"hungryhorse.co.uk","Amazing food, live sport, sun-drenched beer gardens and play areas for the kids: just a few things that make our Hungry Horse pubs so EPIC! And with over 200 locations across the country, there's bound to be one of our pubs near you. From sizzling steaks to Sunday roasts, our menu is bursting with amazing meals, and we've got the perfect line-up of drinks to match... plus big TVs to catch all the latest live sport events!","Restaurants & Bars",52253,5,"Halcyon Peterborough ",""
"hungryhorse.co.uk","Amazing food, live sport, sun-drenched beer gardens and play areas for the kids: just a few things that make our Hungry Horse pubs so EPIC! And with over 200 locations across the country, there's bound to be one of our pubs near you. From sizzling steaks to Sunday roasts, our menu is bursting with amazing meals, and we've got the perfect line-up of drinks to match... plus big TVs to catch all the latest live sport events!","Restaurants & Bars",52254,5,"On behalf of PWS (people we support…",""
"hungryhorse.co.uk","Amazing food, live sport, sun-drenched beer gardens and play areas for the kids: just a few things that make our Hungry Horse pubs so EPIC! And with over 200 locations across the country, there's bound to be one of our pubs near you. From sizzling steaks to Sunday roasts, our menu is bursting with amazing meals, and we've got the perfect line-up of drinks to match... plus big TVs to catch all the latest live sport events!","Restaurants & Bars",52255,5,"amazing",""
"hungryhorse.co.uk","Amazing food, live sport, sun-drenched beer gardens and play areas for the kids: just a few things that make our Hungry Horse pubs so EPIC! And with over 200 locations across the country, there's bound to be one of our pubs near you. From sizzling steaks to Sunday roasts, our menu is bursting with amazing meals, and we've got the perfect line-up of drinks to match... plus big TVs to catch all the latest live sport events!","Restaurants & Bars",52266,4,"Last minute lunch arrangement with my…",""
"hungryhorse.co.uk","Amazing food, live sport, sun-drenched beer gardens and play areas for the kids: just a few things that make our Hungry Horse pubs so EPIC! And with over 200 locations across the country, there's bound to be one of our pubs near you. From sizzling steaks to Sunday roasts, our menu is bursting with amazing meals, and we've got the perfect line-up of drinks to match... plus big TVs to catch all the latest live sport events!","Restaurants & Bars",52267,4,"Staff friendly, nice food, ",""
"hungryhorse.co.uk","Amazing food, live sport, sun-drenched beer gardens and play areas for the kids: just a few things that make our Hungry Horse pubs so EPIC! And with over 200 locations across the country, there's bound to be one of our pubs near you. From sizzling steaks to Sunday roasts, our menu is bursting with amazing meals, and we've got the perfect line-up of drinks to match... plus big TVs to catch all the latest live sport events!","Restaurants & Bars",52268,4,"Halloween party…",""
"hungryhorse.co.uk","Amazing food, live sport, sun-drenched beer gardens and play areas for the kids: just a few things that make our Hungry Horse pubs so EPIC! And with over 200 locations across the country, there's bound to be one of our pubs near you. From sizzling steaks to Sunday roasts, our menu is bursting with amazing meals, and we've got the perfect line-up of drinks to match... plus big TVs to catch all the latest live sport events!","Restaurants & Bars",52269,4,"Much better on this occasion !",""
"hungryhorse.co.uk","Amazing food, live sport, sun-drenched beer gardens and play areas for the kids: just a few things that make our Hungry Horse pubs so EPIC! And with over 200 locations across the country, there's bound to be one of our pubs near you. From sizzling steaks to Sunday roasts, our menu is bursting with amazing meals, and we've got the perfect line-up of drinks to match... plus big TVs to catch all the latest live sport events!","Restaurants & Bars",52270,4,"The waitress who served us Megan was…",""
"hungryhorse.co.uk","Amazing food, live sport, sun-drenched beer gardens and play areas for the kids: just a few things that make our Hungry Horse pubs so EPIC! And with over 200 locations across the country, there's bound to be one of our pubs near you. From sizzling steaks to Sunday roasts, our menu is bursting with amazing meals, and we've got the perfect line-up of drinks to match... plus big TVs to catch all the latest live sport events!","Restaurants & Bars",52271,4,"Went to The Vine in Ower for the Wacky…",""
"hungryhorse.co.uk","Amazing food, live sport, sun-drenched beer gardens and play areas for the kids: just a few things that make our Hungry Horse pubs so EPIC! And with over 200 locations across the country, there's bound to be one of our pubs near you. From sizzling steaks to Sunday roasts, our menu is bursting with amazing meals, and we've got the perfect line-up of drinks to match... plus big TVs to catch all the latest live sport events!","Restaurants & Bars",52272,4,"The halcyon Peterborough ",""
"hungryhorse.co.uk","Amazing food, live sport, sun-drenched beer gardens and play areas for the kids: just a few things that make our Hungry Horse pubs so EPIC! And with over 200 locations across the country, there's bound to be one of our pubs near you. From sizzling steaks to Sunday roasts, our menu is bursting with amazing meals, and we've got the perfect line-up of drinks to match... plus big TVs to catch all the latest live sport events!","Restaurants & Bars",52273,4,"We visited the Folly Andover",""
"hungryhorse.co.uk","Amazing food, live sport, sun-drenched beer gardens and play areas for the kids: just a few things that make our Hungry Horse pubs so EPIC! And with over 200 locations across the country, there's bound to be one of our pubs near you. From sizzling steaks to Sunday roasts, our menu is bursting with amazing meals, and we've got the perfect line-up of drinks to match... plus big TVs to catch all the latest live sport events!","Restaurants & Bars",52274,4,"Good service and excellent value will come again",""
"hungryhorse.co.uk","Amazing food, live sport, sun-drenched beer gardens and play areas for the kids: just a few things that make our Hungry Horse pubs so EPIC! And with over 200 locations across the country, there's bound to be one of our pubs near you. From sizzling steaks to Sunday roasts, our menu is bursting with amazing meals, and we've got the perfect line-up of drinks to match... plus big TVs to catch all the latest live sport events!","Restaurants & Bars",52275,4,"Team Effort Working Well.",""
"hungryhorse.co.uk","Amazing food, live sport, sun-drenched beer gardens and play areas for the kids: just a few things that make our Hungry Horse pubs so EPIC! And with over 200 locations across the country, there's bound to be one of our pubs near you. From sizzling steaks to Sunday roasts, our menu is bursting with amazing meals, and we've got the perfect line-up of drinks to match... plus big TVs to catch all the latest live sport events!","Restaurants & Bars",52276,4,"Great service, big portions",""
"hungryhorse.co.uk","Amazing food, live sport, sun-drenched beer gardens and play areas for the kids: just a few things that make our Hungry Horse pubs so EPIC! And with over 200 locations across the country, there's bound to be one of our pubs near you. From sizzling steaks to Sunday roasts, our menu is bursting with amazing meals, and we've got the perfect line-up of drinks to match... plus big TVs to catch all the latest live sport events!","Restaurants & Bars",52277,4,"Enjoyed breakfast with family",""
"hungryhorse.co.uk","Amazing food, live sport, sun-drenched beer gardens and play areas for the kids: just a few things that make our Hungry Horse pubs so EPIC! And with over 200 locations across the country, there's bound to be one of our pubs near you. From sizzling steaks to Sunday roasts, our menu is bursting with amazing meals, and we've got the perfect line-up of drinks to match... plus big TVs to catch all the latest live sport events!","Restaurants & Bars",52278,4,"Hungry Horse Corby, thanks",""
"hungryhorse.co.uk","Amazing food, live sport, sun-drenched beer gardens and play areas for the kids: just a few things that make our Hungry Horse pubs so EPIC! And with over 200 locations across the country, there's bound to be one of our pubs near you. From sizzling steaks to Sunday roasts, our menu is bursting with amazing meals, and we've got the perfect line-up of drinks to match... plus big TVs to catch all the latest live sport events!","Restaurants & Bars",52279,4,"Been coming here a long time",""
"hungryhorse.co.uk","Amazing food, live sport, sun-drenched beer gardens and play areas for the kids: just a few things that make our Hungry Horse pubs so EPIC! And with over 200 locations across the country, there's bound to be one of our pubs near you. From sizzling steaks to Sunday roasts, our menu is bursting with amazing meals, and we've got the perfect line-up of drinks to match... plus big TVs to catch all the latest live sport events!","Restaurants & Bars",52280,4,"Served by Linda she was friendly and…",""
"hungryhorse.co.uk","Amazing food, live sport, sun-drenched beer gardens and play areas for the kids: just a few things that make our Hungry Horse pubs so EPIC! And with over 200 locations across the country, there's bound to be one of our pubs near you. From sizzling steaks to Sunday roasts, our menu is bursting with amazing meals, and we've got the perfect line-up of drinks to match... plus big TVs to catch all the latest live sport events!","Restaurants & Bars",52281,4,"Had an excellent meal tonight which…",""
"hungryhorse.co.uk","Amazing food, live sport, sun-drenched beer gardens and play areas for the kids: just a few things that make our Hungry Horse pubs so EPIC! And with over 200 locations across the country, there's bound to be one of our pubs near you. From sizzling steaks to Sunday roasts, our menu is bursting with amazing meals, and we've got the perfect line-up of drinks to match... plus big TVs to catch all the latest live sport events!","Restaurants & Bars",52282,4,"Courtney the waitress is always…",""
"hungryhorse.co.uk","Amazing food, live sport, sun-drenched beer gardens and play areas for the kids: just a few things that make our Hungry Horse pubs so EPIC! And with over 200 locations across the country, there's bound to be one of our pubs near you. From sizzling steaks to Sunday roasts, our menu is bursting with amazing meals, and we've got the perfect line-up of drinks to match... plus big TVs to catch all the latest live sport events!","Restaurants & Bars",52283,4,"Good service.",""
"hungryhorse.co.uk","Amazing food, live sport, sun-drenched beer gardens and play areas for the kids: just a few things that make our Hungry Horse pubs so EPIC! And with over 200 locations across the country, there's bound to be one of our pubs near you. From sizzling steaks to Sunday roasts, our menu is bursting with amazing meals, and we've got the perfect line-up of drinks to match... plus big TVs to catch all the latest live sport events!","Restaurants & Bars",52284,4,"Food amazing as always",""
"hungryhorse.co.uk","Amazing food, live sport, sun-drenched beer gardens and play areas for the kids: just a few things that make our Hungry Horse pubs so EPIC! And with over 200 locations across the country, there's bound to be one of our pubs near you. From sizzling steaks to Sunday roasts, our menu is bursting with amazing meals, and we've got the perfect line-up of drinks to match... plus big TVs to catch all the latest live sport events!","Restaurants & Bars",52285,4,"Becki and all the staff are brilliant…",""
"hungryhorse.co.uk","Amazing food, live sport, sun-drenched beer gardens and play areas for the kids: just a few things that make our Hungry Horse pubs so EPIC! And with over 200 locations across the country, there's bound to be one of our pubs near you. From sizzling steaks to Sunday roasts, our menu is bursting with amazing meals, and we've got the perfect line-up of drinks to match... plus big TVs to catch all the latest live sport events!","Restaurants & Bars",52286,3,"Woollen mill Darlington ",""
"hungryhorse.co.uk","Amazing food, live sport, sun-drenched beer gardens and play areas for the kids: just a few things that make our Hungry Horse pubs so EPIC! And with over 200 locations across the country, there's bound to be one of our pubs near you. From sizzling steaks to Sunday roasts, our menu is bursting with amazing meals, and we've got the perfect line-up of drinks to match... plus big TVs to catch all the latest live sport events!","Restaurants & Bars",52287,3,"Get what you pay for!",""
"hungryhorse.co.uk","Amazing food, live sport, sun-drenched beer gardens and play areas for the kids: just a few things that make our Hungry Horse pubs so EPIC! And with over 200 locations across the country, there's bound to be one of our pubs near you. From sizzling steaks to Sunday roasts, our menu is bursting with amazing meals, and we've got the perfect line-up of drinks to match... plus big TVs to catch all the latest live sport events!","Restaurants & Bars",52288,3,"Pleasantly surprised",""
"hungryhorse.co.uk","Amazing food, live sport, sun-drenched beer gardens and play areas for the kids: just a few things that make our Hungry Horse pubs so EPIC! And with over 200 locations across the country, there's bound to be one of our pubs near you. From sizzling steaks to Sunday roasts, our menu is bursting with amazing meals, and we've got the perfect line-up of drinks to match... plus big TVs to catch all the latest live sport events!","Restaurants & Bars",52289,3,"Food was nice ",""
"hungryhorse.co.uk","Amazing food, live sport, sun-drenched beer gardens and play areas for the kids: just a few things that make our Hungry Horse pubs so EPIC! And with over 200 locations across the country, there's bound to be one of our pubs near you. From sizzling steaks to Sunday roasts, our menu is bursting with amazing meals, and we've got the perfect line-up of drinks to match... plus big TVs to catch all the latest live sport events!","Restaurants & Bars",52290,3,"Review",""
"hungryhorse.co.uk","Amazing food, live sport, sun-drenched beer gardens and play areas for the kids: just a few things that make our Hungry Horse pubs so EPIC! And with over 200 locations across the country, there's bound to be one of our pubs near you. From sizzling steaks to Sunday roasts, our menu is bursting with amazing meals, and we've got the perfect line-up of drinks to match... plus big TVs to catch all the latest live sport events!","Restaurants & Bars",52291,3,"Attended the Netherton in Sefton",""
"hungryhorse.co.uk","Amazing food, live sport, sun-drenched beer gardens and play areas for the kids: just a few things that make our Hungry Horse pubs so EPIC! And with over 200 locations across the country, there's bound to be one of our pubs near you. From sizzling steaks to Sunday roasts, our menu is bursting with amazing meals, and we've got the perfect line-up of drinks to match... plus big TVs to catch all the latest live sport events!","Restaurants & Bars",52292,3,"Hit and miss…",""
"hungryhorse.co.uk","Amazing food, live sport, sun-drenched beer gardens and play areas for the kids: just a few things that make our Hungry Horse pubs so EPIC! And with over 200 locations across the country, there's bound to be one of our pubs near you. From sizzling steaks to Sunday roasts, our menu is bursting with amazing meals, and we've got the perfect line-up of drinks to match... plus big TVs to catch all the latest live sport events!","Restaurants & Bars",52293,3,"Good food awful service!!",""
"hungryhorse.co.uk","Amazing food, live sport, sun-drenched beer gardens and play areas for the kids: just a few things that make our Hungry Horse pubs so EPIC! And with over 200 locations across the country, there's bound to be one of our pubs near you. From sizzling steaks to Sunday roasts, our menu is bursting with amazing meals, and we've got the perfect line-up of drinks to match... plus big TVs to catch all the latest live sport events!","Restaurants & Bars",52294,3,"Please improve the ladies toilet",""
"hungryhorse.co.uk","Amazing food, live sport, sun-drenched beer gardens and play areas for the kids: just a few things that make our Hungry Horse pubs so EPIC! And with over 200 locations across the country, there's bound to be one of our pubs near you. From sizzling steaks to Sunday roasts, our menu is bursting with amazing meals, and we've got the perfect line-up of drinks to match... plus big TVs to catch all the latest live sport events!","Restaurants & Bars",52295,3,"Shoemakers Norwich , lakenham",""
"hungryhorse.co.uk","Amazing food, live sport, sun-drenched beer gardens and play areas for the kids: just a few things that make our Hungry Horse pubs so EPIC! And with over 200 locations across the country, there's bound to be one of our pubs near you. From sizzling steaks to Sunday roasts, our menu is bursting with amazing meals, and we've got the perfect line-up of drinks to match... plus big TVs to catch all the latest live sport events!","Restaurants & Bars",52296,3,"Don’t expect too much and you won’t be quite so disappointed!",""
"hungryhorse.co.uk","Amazing food, live sport, sun-drenched beer gardens and play areas for the kids: just a few things that make our Hungry Horse pubs so EPIC! And with over 200 locations across the country, there's bound to be one of our pubs near you. From sizzling steaks to Sunday roasts, our menu is bursting with amazing meals, and we've got the perfect line-up of drinks to match... plus big TVs to catch all the latest live sport events!","Restaurants & Bars",52297,3,"Let down by the loos 👎",""
"hungryhorse.co.uk","Amazing food, live sport, sun-drenched beer gardens and play areas for the kids: just a few things that make our Hungry Horse pubs so EPIC! And with over 200 locations across the country, there's bound to be one of our pubs near you. From sizzling steaks to Sunday roasts, our menu is bursting with amazing meals, and we've got the perfect line-up of drinks to match... plus big TVs to catch all the latest live sport events!","Restaurants & Bars",52298,3,"Table staff were top notch (Abi &…",""
"hungryhorse.co.uk","Amazing food, live sport, sun-drenched beer gardens and play areas for the kids: just a few things that make our Hungry Horse pubs so EPIC! And with over 200 locations across the country, there's bound to be one of our pubs near you. From sizzling steaks to Sunday roasts, our menu is bursting with amazing meals, and we've got the perfect line-up of drinks to match... plus big TVs to catch all the latest live sport events!","Restaurants & Bars",52299,3,"Too long waiting for food",""
"hungryhorse.co.uk","Amazing food, live sport, sun-drenched beer gardens and play areas for the kids: just a few things that make our Hungry Horse pubs so EPIC! And with over 200 locations across the country, there's bound to be one of our pubs near you. From sizzling steaks to Sunday roasts, our menu is bursting with amazing meals, and we've got the perfect line-up of drinks to match... plus big TVs to catch all the latest live sport events!","Restaurants & Bars",52300,3,"Went there on 17th took 3 friends…",""
"hungryhorse.co.uk","Amazing food, live sport, sun-drenched beer gardens and play areas for the kids: just a few things that make our Hungry Horse pubs so EPIC! And with over 200 locations across the country, there's bound to be one of our pubs near you. From sizzling steaks to Sunday roasts, our menu is bursting with amazing meals, and we've got the perfect line-up of drinks to match... plus big TVs to catch all the latest live sport events!","Restaurants & Bars",52301,3,"Visited The Milton Arms",""
"hungryhorse.co.uk","Amazing food, live sport, sun-drenched beer gardens and play areas for the kids: just a few things that make our Hungry Horse pubs so EPIC! And with over 200 locations across the country, there's bound to be one of our pubs near you. From sizzling steaks to Sunday roasts, our menu is bursting with amazing meals, and we've got the perfect line-up of drinks to match... plus big TVs to catch all the latest live sport events!","Restaurants & Bars",52302,3,"Sat 24th of Feb me and My wife had…",""
"hungryhorse.co.uk","Amazing food, live sport, sun-drenched beer gardens and play areas for the kids: just a few things that make our Hungry Horse pubs so EPIC! And with over 200 locations across the country, there's bound to be one of our pubs near you. From sizzling steaks to Sunday roasts, our menu is bursting with amazing meals, and we've got the perfect line-up of drinks to match... plus big TVs to catch all the latest live sport events!","Restaurants & Bars",52303,3,"Just went to The Dog and Phesant in…",""
"hungryhorse.co.uk","Amazing food, live sport, sun-drenched beer gardens and play areas for the kids: just a few things that make our Hungry Horse pubs so EPIC! And with over 200 locations across the country, there's bound to be one of our pubs near you. From sizzling steaks to Sunday roasts, our menu is bursting with amazing meals, and we've got the perfect line-up of drinks to match... plus big TVs to catch all the latest live sport events!","Restaurants & Bars",52304,3,"Worn out, a bit shabby",""
"hungryhorse.co.uk","Amazing food, live sport, sun-drenched beer gardens and play areas for the kids: just a few things that make our Hungry Horse pubs so EPIC! And with over 200 locations across the country, there's bound to be one of our pubs near you. From sizzling steaks to Sunday roasts, our menu is bursting with amazing meals, and we've got the perfect line-up of drinks to match... plus big TVs to catch all the latest live sport events!","Restaurants & Bars",52305,3,"Wednesday offer not honoured",""
"hungryhorse.co.uk","Amazing food, live sport, sun-drenched beer gardens and play areas for the kids: just a few things that make our Hungry Horse pubs so EPIC! And with over 200 locations across the country, there's bound to be one of our pubs near you. From sizzling steaks to Sunday roasts, our menu is bursting with amazing meals, and we've got the perfect line-up of drinks to match... plus big TVs to catch all the latest live sport events!","Restaurants & Bars",52306,2,"went to the fairnhurst",""
"hungryhorse.co.uk","Amazing food, live sport, sun-drenched beer gardens and play areas for the kids: just a few things that make our Hungry Horse pubs so EPIC! And with over 200 locations across the country, there's bound to be one of our pubs near you. From sizzling steaks to Sunday roasts, our menu is bursting with amazing meals, and we've got the perfect line-up of drinks to match... plus big TVs to catch all the latest live sport events!","Restaurants & Bars",52307,2,"Next Vegetarian tart",""
"hungryhorse.co.uk","Amazing food, live sport, sun-drenched beer gardens and play areas for the kids: just a few things that make our Hungry Horse pubs so EPIC! And with over 200 locations across the country, there's bound to be one of our pubs near you. From sizzling steaks to Sunday roasts, our menu is bursting with amazing meals, and we've got the perfect line-up of drinks to match... plus big TVs to catch all the latest live sport events!","Restaurants & Bars",52308,2,"As usual- Cold",""
"hungryhorse.co.uk","Amazing food, live sport, sun-drenched beer gardens and play areas for the kids: just a few things that make our Hungry Horse pubs so EPIC! And with over 200 locations across the country, there's bound to be one of our pubs near you. From sizzling steaks to Sunday roasts, our menu is bursting with amazing meals, and we've got the perfect line-up of drinks to match... plus big TVs to catch all the latest live sport events!","Restaurants & Bars",52309,2,"We recently had breakfast here",""
"hungryhorse.co.uk","Amazing food, live sport, sun-drenched beer gardens and play areas for the kids: just a few things that make our Hungry Horse pubs so EPIC! And with over 200 locations across the country, there's bound to be one of our pubs near you. From sizzling steaks to Sunday roasts, our menu is bursting with amazing meals, and we've got the perfect line-up of drinks to match... plus big TVs to catch all the latest live sport events!","Restaurants & Bars",52310,2,"Long wait poor value…",""
"hungryhorse.co.uk","Amazing food, live sport, sun-drenched beer gardens and play areas for the kids: just a few things that make our Hungry Horse pubs so EPIC! And with over 200 locations across the country, there's bound to be one of our pubs near you. From sizzling steaks to Sunday roasts, our menu is bursting with amazing meals, and we've got the perfect line-up of drinks to match... plus big TVs to catch all the latest live sport events!","Restaurants & Bars",52311,2,"Lunch ",""
"hungryhorse.co.uk","Amazing food, live sport, sun-drenched beer gardens and play areas for the kids: just a few things that make our Hungry Horse pubs so EPIC! And with over 200 locations across the country, there's bound to be one of our pubs near you. From sizzling steaks to Sunday roasts, our menu is bursting with amazing meals, and we've got the perfect line-up of drinks to match... plus big TVs to catch all the latest live sport events!","Restaurants & Bars",52312,2,"Shocking standard!",""
"hungryhorse.co.uk","Amazing food, live sport, sun-drenched beer gardens and play areas for the kids: just a few things that make our Hungry Horse pubs so EPIC! And with over 200 locations across the country, there's bound to be one of our pubs near you. From sizzling steaks to Sunday roasts, our menu is bursting with amazing meals, and we've got the perfect line-up of drinks to match... plus big TVs to catch all the latest live sport events!","Restaurants & Bars",52313,2,"Customer service ordering food hen at the counter…",""
"hungryhorse.co.uk","Amazing food, live sport, sun-drenched beer gardens and play areas for the kids: just a few things that make our Hungry Horse pubs so EPIC! And with over 200 locations across the country, there's bound to be one of our pubs near you. From sizzling steaks to Sunday roasts, our menu is bursting with amazing meals, and we've got the perfect line-up of drinks to match... plus big TVs to catch all the latest live sport events!","Restaurants & Bars",52314,2,"Poor meal experience",""
"hungryhorse.co.uk","Amazing food, live sport, sun-drenched beer gardens and play areas for the kids: just a few things that make our Hungry Horse pubs so EPIC! And with over 200 locations across the country, there's bound to be one of our pubs near you. From sizzling steaks to Sunday roasts, our menu is bursting with amazing meals, and we've got the perfect line-up of drinks to match... plus big TVs to catch all the latest live sport events!","Restaurants & Bars",52315,2,"We had a table booked for 1.30pm…lack of supplies and horrible sausages",""
"thepantrybasket.co.uk","The Pantry Basket where unbeatable prices meet personalised service. Our curated selection offers the most competitive prices, backed by a commitment to exceptional customer care. ","Restaurants & Bars",52346,5,"Good price, fast delivery",""
"thepantrybasket.co.uk","The Pantry Basket where unbeatable prices meet personalised service. Our curated selection offers the most competitive prices, backed by a commitment to exceptional customer care. ","Restaurants & Bars",52347,5,"Delivery was on time",""
"thepantrybasket.co.uk","The Pantry Basket where unbeatable prices meet personalised service. Our curated selection offers the most competitive prices, backed by a commitment to exceptional customer care. ","Restaurants & Bars",52348,5,"Would highly recommend ordering from…",""
"thepantrybasket.co.uk","The Pantry Basket where unbeatable prices meet personalised service. Our curated selection offers the most competitive prices, backed by a commitment to exceptional customer care. ","Restaurants & Bars",52349,5,"Excellent service",""
"thepantrybasket.co.uk","The Pantry Basket where unbeatable prices meet personalised service. Our curated selection offers the most competitive prices, backed by a commitment to exceptional customer care. ","Restaurants & Bars",52350,5,"Perfect Service & Great Product",""
"thepantrybasket.co.uk","The Pantry Basket where unbeatable prices meet personalised service. Our curated selection offers the most competitive prices, backed by a commitment to exceptional customer care. ","Restaurants & Bars",52351,5,"A relatively cheap purchase (biscuits)",""
"thepantrybasket.co.uk","The Pantry Basket where unbeatable prices meet personalised service. Our curated selection offers the most competitive prices, backed by a commitment to exceptional customer care. ","Restaurants & Bars",52352,5,"Very Fast Delivery & Well Packed Items",""
"thepantrybasket.co.uk","The Pantry Basket where unbeatable prices meet personalised service. Our curated selection offers the most competitive prices, backed by a commitment to exceptional customer care. ","Restaurants & Bars",52353,5,"Good service and will continue ordering from here",""
"thepantrybasket.co.uk","The Pantry Basket where unbeatable prices meet personalised service. Our curated selection offers the most competitive prices, backed by a commitment to exceptional customer care. ","Restaurants & Bars",52354,5,"Easy ordering & excellent service!",""
"thepantrybasket.co.uk","The Pantry Basket where unbeatable prices meet personalised service. Our curated selection offers the most competitive prices, backed by a commitment to exceptional customer care. ","Restaurants & Bars",52355,5,"Excellent fabric",""
"thepantrybasket.co.uk","The Pantry Basket where unbeatable prices meet personalised service. Our curated selection offers the most competitive prices, backed by a commitment to exceptional customer care. ","Restaurants & Bars",52366,3,"Ordered on the 26/07/24 sent out of date biscuits 23/03/2024",""
"parsleybox.com","   


 About Us 
Parsley Box offers revolutionary and tasty meals delivered direct to your door!  With a wide selection of over 60 different meals, sides, desserts and drinks, there is something for everyone. 
 Our innovative cooking method keeps the freshness and nutrients locked in, which means you can store our meals in the cupboard for up to 6 months.
 No need for a fridge or freezer, just pop them in the microwave and your delicious meal will be ready in minutes.
   Plus, there is no subscription or commitment  - order what you want, when you want. 

We take pride in our service and the quality of care we provide to our growing number of customers across the UK.


 Parsley Box Website 
 request a catalogue 
 contact us 
","Restaurants & Bars",52367,5,"Very pleased ",""
"parsleybox.com","   


 About Us 
Parsley Box offers revolutionary and tasty meals delivered direct to your door!  With a wide selection of over 60 different meals, sides, desserts and drinks, there is something for everyone. 
 Our innovative cooking method keeps the freshness and nutrients locked in, which means you can store our meals in the cupboard for up to 6 months.
 No need for a fridge or freezer, just pop them in the microwave and your delicious meal will be ready in minutes.
   Plus, there is no subscription or commitment  - order what you want, when you want. 

We take pride in our service and the quality of care we provide to our growing number of customers across the UK.


 Parsley Box Website 
 request a catalogue 
 contact us 
","Restaurants & Bars",52368,5,"I am always delighted with the ease to…",""
"parsleybox.com","   


 About Us 
Parsley Box offers revolutionary and tasty meals delivered direct to your door!  With a wide selection of over 60 different meals, sides, desserts and drinks, there is something for everyone. 
 Our innovative cooking method keeps the freshness and nutrients locked in, which means you can store our meals in the cupboard for up to 6 months.
 No need for a fridge or freezer, just pop them in the microwave and your delicious meal will be ready in minutes.
   Plus, there is no subscription or commitment  - order what you want, when you want. 

We take pride in our service and the quality of care we provide to our growing number of customers across the UK.


 Parsley Box Website 
 request a catalogue 
 contact us 
","Restaurants & Bars",52369,5,"First Time Order ",""
"parsleybox.com","   


 About Us 
Parsley Box offers revolutionary and tasty meals delivered direct to your door!  With a wide selection of over 60 different meals, sides, desserts and drinks, there is something for everyone. 
 Our innovative cooking method keeps the freshness and nutrients locked in, which means you can store our meals in the cupboard for up to 6 months.
 No need for a fridge or freezer, just pop them in the microwave and your delicious meal will be ready in minutes.
   Plus, there is no subscription or commitment  - order what you want, when you want. 

We take pride in our service and the quality of care we provide to our growing number of customers across the UK.


 Parsley Box Website 
 request a catalogue 
 contact us 
","Restaurants & Bars",52370,5,"It was well before time delivering Its…",""
"parsleybox.com","   


 About Us 
Parsley Box offers revolutionary and tasty meals delivered direct to your door!  With a wide selection of over 60 different meals, sides, desserts and drinks, there is something for everyone. 
 Our innovative cooking method keeps the freshness and nutrients locked in, which means you can store our meals in the cupboard for up to 6 months.
 No need for a fridge or freezer, just pop them in the microwave and your delicious meal will be ready in minutes.
   Plus, there is no subscription or commitment  - order what you want, when you want. 

We take pride in our service and the quality of care we provide to our growing number of customers across the UK.


 Parsley Box Website 
 request a catalogue 
 contact us 
","Restaurants & Bars",52371,5,"Improving through time",""
"parsleybox.com","   


 About Us 
Parsley Box offers revolutionary and tasty meals delivered direct to your door!  With a wide selection of over 60 different meals, sides, desserts and drinks, there is something for everyone. 
 Our innovative cooking method keeps the freshness and nutrients locked in, which means you can store our meals in the cupboard for up to 6 months.
 No need for a fridge or freezer, just pop them in the microwave and your delicious meal will be ready in minutes.
   Plus, there is no subscription or commitment  - order what you want, when you want. 

We take pride in our service and the quality of care we provide to our growing number of customers across the UK.


 Parsley Box Website 
 request a catalogue 
 contact us 
","Restaurants & Bars",52372,5,"Very straight forward and so easy to…",""
"parsleybox.com","   


 About Us 
Parsley Box offers revolutionary and tasty meals delivered direct to your door!  With a wide selection of over 60 different meals, sides, desserts and drinks, there is something for everyone. 
 Our innovative cooking method keeps the freshness and nutrients locked in, which means you can store our meals in the cupboard for up to 6 months.
 No need for a fridge or freezer, just pop them in the microwave and your delicious meal will be ready in minutes.
   Plus, there is no subscription or commitment  - order what you want, when you want. 

We take pride in our service and the quality of care we provide to our growing number of customers across the UK.


 Parsley Box Website 
 request a catalogue 
 contact us 
","Restaurants & Bars",52373,5,"Lauren who handled this first ever…",""
"parsleybox.com","   


 About Us 
Parsley Box offers revolutionary and tasty meals delivered direct to your door!  With a wide selection of over 60 different meals, sides, desserts and drinks, there is something for everyone. 
 Our innovative cooking method keeps the freshness and nutrients locked in, which means you can store our meals in the cupboard for up to 6 months.
 No need for a fridge or freezer, just pop them in the microwave and your delicious meal will be ready in minutes.
   Plus, there is no subscription or commitment  - order what you want, when you want. 

We take pride in our service and the quality of care we provide to our growing number of customers across the UK.


 Parsley Box Website 
 request a catalogue 
 contact us 
","Restaurants & Bars",52374,5,"A friend's recommendation!",""
"parsleybox.com","   


 About Us 
Parsley Box offers revolutionary and tasty meals delivered direct to your door!  With a wide selection of over 60 different meals, sides, desserts and drinks, there is something for everyone. 
 Our innovative cooking method keeps the freshness and nutrients locked in, which means you can store our meals in the cupboard for up to 6 months.
 No need for a fridge or freezer, just pop them in the microwave and your delicious meal will be ready in minutes.
   Plus, there is no subscription or commitment  - order what you want, when you want. 

We take pride in our service and the quality of care we provide to our growing number of customers across the UK.


 Parsley Box Website 
 request a catalogue 
 contact us 
","Restaurants & Bars",52375,5,"Service from your agent on the phone…",""
"parsleybox.com","   


 About Us 
Parsley Box offers revolutionary and tasty meals delivered direct to your door!  With a wide selection of over 60 different meals, sides, desserts and drinks, there is something for everyone. 
 Our innovative cooking method keeps the freshness and nutrients locked in, which means you can store our meals in the cupboard for up to 6 months.
 No need for a fridge or freezer, just pop them in the microwave and your delicious meal will be ready in minutes.
   Plus, there is no subscription or commitment  - order what you want, when you want. 

We take pride in our service and the quality of care we provide to our growing number of customers across the UK.


 Parsley Box Website 
 request a catalogue 
 contact us 
","Restaurants & Bars",52376,5,"Good all round experience",""
"parsleybox.com","   


 About Us 
Parsley Box offers revolutionary and tasty meals delivered direct to your door!  With a wide selection of over 60 different meals, sides, desserts and drinks, there is something for everyone. 
 Our innovative cooking method keeps the freshness and nutrients locked in, which means you can store our meals in the cupboard for up to 6 months.
 No need for a fridge or freezer, just pop them in the microwave and your delicious meal will be ready in minutes.
   Plus, there is no subscription or commitment  - order what you want, when you want. 

We take pride in our service and the quality of care we provide to our growing number of customers across the UK.


 Parsley Box Website 
 request a catalogue 
 contact us 
","Restaurants & Bars",52387,4,"Efficient  and prompt delivery",""
"parsleybox.com","   


 About Us 
Parsley Box offers revolutionary and tasty meals delivered direct to your door!  With a wide selection of over 60 different meals, sides, desserts and drinks, there is something for everyone. 
 Our innovative cooking method keeps the freshness and nutrients locked in, which means you can store our meals in the cupboard for up to 6 months.
 No need for a fridge or freezer, just pop them in the microwave and your delicious meal will be ready in minutes.
   Plus, there is no subscription or commitment  - order what you want, when you want. 

We take pride in our service and the quality of care we provide to our growing number of customers across the UK.


 Parsley Box Website 
 request a catalogue 
 contact us 
","Restaurants & Bars",52388,4,"easy to use website good product and…",""
"parsleybox.com","   


 About Us 
Parsley Box offers revolutionary and tasty meals delivered direct to your door!  With a wide selection of over 60 different meals, sides, desserts and drinks, there is something for everyone. 
 Our innovative cooking method keeps the freshness and nutrients locked in, which means you can store our meals in the cupboard for up to 6 months.
 No need for a fridge or freezer, just pop them in the microwave and your delicious meal will be ready in minutes.
   Plus, there is no subscription or commitment  - order what you want, when you want. 

We take pride in our service and the quality of care we provide to our growing number of customers across the UK.


 Parsley Box Website 
 request a catalogue 
 contact us 
","Restaurants & Bars",52389,4,"It was easy to place an order but I was…",""
"parsleybox.com","   


 About Us 
Parsley Box offers revolutionary and tasty meals delivered direct to your door!  With a wide selection of over 60 different meals, sides, desserts and drinks, there is something for everyone. 
 Our innovative cooking method keeps the freshness and nutrients locked in, which means you can store our meals in the cupboard for up to 6 months.
 No need for a fridge or freezer, just pop them in the microwave and your delicious meal will be ready in minutes.
   Plus, there is no subscription or commitment  - order what you want, when you want. 

We take pride in our service and the quality of care we provide to our growing number of customers across the UK.


 Parsley Box Website 
 request a catalogue 
 contact us 
","Restaurants & Bars",52390,4,"Ordered on behalf of my father",""
"parsleybox.com","   


 About Us 
Parsley Box offers revolutionary and tasty meals delivered direct to your door!  With a wide selection of over 60 different meals, sides, desserts and drinks, there is something for everyone. 
 Our innovative cooking method keeps the freshness and nutrients locked in, which means you can store our meals in the cupboard for up to 6 months.
 No need for a fridge or freezer, just pop them in the microwave and your delicious meal will be ready in minutes.
   Plus, there is no subscription or commitment  - order what you want, when you want. 

We take pride in our service and the quality of care we provide to our growing number of customers across the UK.


 Parsley Box Website 
 request a catalogue 
 contact us 
","Restaurants & Bars",52391,4,"Food is good delivery fast only thing…",""
"parsleybox.com","   


 About Us 
Parsley Box offers revolutionary and tasty meals delivered direct to your door!  With a wide selection of over 60 different meals, sides, desserts and drinks, there is something for everyone. 
 Our innovative cooking method keeps the freshness and nutrients locked in, which means you can store our meals in the cupboard for up to 6 months.
 No need for a fridge or freezer, just pop them in the microwave and your delicious meal will be ready in minutes.
   Plus, there is no subscription or commitment  - order what you want, when you want. 

We take pride in our service and the quality of care we provide to our growing number of customers across the UK.


 Parsley Box Website 
 request a catalogue 
 contact us 
","Restaurants & Bars",52392,4,"Parsley Box 10 Delivery company 3",""
"parsleybox.com","   


 About Us 
Parsley Box offers revolutionary and tasty meals delivered direct to your door!  With a wide selection of over 60 different meals, sides, desserts and drinks, there is something for everyone. 
 Our innovative cooking method keeps the freshness and nutrients locked in, which means you can store our meals in the cupboard for up to 6 months.
 No need for a fridge or freezer, just pop them in the microwave and your delicious meal will be ready in minutes.
   Plus, there is no subscription or commitment  - order what you want, when you want. 

We take pride in our service and the quality of care we provide to our growing number of customers across the UK.


 Parsley Box Website 
 request a catalogue 
 contact us 
","Restaurants & Bars",52393,4,"The ordering process is good",""
"parsleybox.com","   


 About Us 
Parsley Box offers revolutionary and tasty meals delivered direct to your door!  With a wide selection of over 60 different meals, sides, desserts and drinks, there is something for everyone. 
 Our innovative cooking method keeps the freshness and nutrients locked in, which means you can store our meals in the cupboard for up to 6 months.
 No need for a fridge or freezer, just pop them in the microwave and your delicious meal will be ready in minutes.
   Plus, there is no subscription or commitment  - order what you want, when you want. 

We take pride in our service and the quality of care we provide to our growing number of customers across the UK.


 Parsley Box Website 
 request a catalogue 
 contact us 
","Restaurants & Bars",52394,4,"Let down by delivery.",""
"parsleybox.com","   


 About Us 
Parsley Box offers revolutionary and tasty meals delivered direct to your door!  With a wide selection of over 60 different meals, sides, desserts and drinks, there is something for everyone. 
 Our innovative cooking method keeps the freshness and nutrients locked in, which means you can store our meals in the cupboard for up to 6 months.
 No need for a fridge or freezer, just pop them in the microwave and your delicious meal will be ready in minutes.
   Plus, there is no subscription or commitment  - order what you want, when you want. 

We take pride in our service and the quality of care we provide to our growing number of customers across the UK.


 Parsley Box Website 
 request a catalogue 
 contact us 
","Restaurants & Bars",52395,4,"Easy to follow menu selection",""
"parsleybox.com","   


 About Us 
Parsley Box offers revolutionary and tasty meals delivered direct to your door!  With a wide selection of over 60 different meals, sides, desserts and drinks, there is something for everyone. 
 Our innovative cooking method keeps the freshness and nutrients locked in, which means you can store our meals in the cupboard for up to 6 months.
 No need for a fridge or freezer, just pop them in the microwave and your delicious meal will be ready in minutes.
   Plus, there is no subscription or commitment  - order what you want, when you want. 

We take pride in our service and the quality of care we provide to our growing number of customers across the UK.


 Parsley Box Website 
 request a catalogue 
 contact us 
","Restaurants & Bars",52396,4,"Very prompt and efficient delivery",""
"parsleybox.com","   


 About Us 
Parsley Box offers revolutionary and tasty meals delivered direct to your door!  With a wide selection of over 60 different meals, sides, desserts and drinks, there is something for everyone. 
 Our innovative cooking method keeps the freshness and nutrients locked in, which means you can store our meals in the cupboard for up to 6 months.
 No need for a fridge or freezer, just pop them in the microwave and your delicious meal will be ready in minutes.
   Plus, there is no subscription or commitment  - order what you want, when you want. 

We take pride in our service and the quality of care we provide to our growing number of customers across the UK.


 Parsley Box Website 
 request a catalogue 
 contact us 
","Restaurants & Bars",52397,4,"Recent purchase ",""
"parsleybox.com","   


 About Us 
Parsley Box offers revolutionary and tasty meals delivered direct to your door!  With a wide selection of over 60 different meals, sides, desserts and drinks, there is something for everyone. 
 Our innovative cooking method keeps the freshness and nutrients locked in, which means you can store our meals in the cupboard for up to 6 months.
 No need for a fridge or freezer, just pop them in the microwave and your delicious meal will be ready in minutes.
   Plus, there is no subscription or commitment  - order what you want, when you want. 

We take pride in our service and the quality of care we provide to our growing number of customers across the UK.


 Parsley Box Website 
 request a catalogue 
 contact us 
","Restaurants & Bars",52398,4,"Received a leaflet with Office in the…",""
"parsleybox.com","   


 About Us 
Parsley Box offers revolutionary and tasty meals delivered direct to your door!  With a wide selection of over 60 different meals, sides, desserts and drinks, there is something for everyone. 
 Our innovative cooking method keeps the freshness and nutrients locked in, which means you can store our meals in the cupboard for up to 6 months.
 No need for a fridge or freezer, just pop them in the microwave and your delicious meal will be ready in minutes.
   Plus, there is no subscription or commitment  - order what you want, when you want. 

We take pride in our service and the quality of care we provide to our growing number of customers across the UK.


 Parsley Box Website 
 request a catalogue 
 contact us 
","Restaurants & Bars",52399,4,"Site problem.…",""
"parsleybox.com","   


 About Us 
Parsley Box offers revolutionary and tasty meals delivered direct to your door!  With a wide selection of over 60 different meals, sides, desserts and drinks, there is something for everyone. 
 Our innovative cooking method keeps the freshness and nutrients locked in, which means you can store our meals in the cupboard for up to 6 months.
 No need for a fridge or freezer, just pop them in the microwave and your delicious meal will be ready in minutes.
   Plus, there is no subscription or commitment  - order what you want, when you want. 

We take pride in our service and the quality of care we provide to our growing number of customers across the UK.


 Parsley Box Website 
 request a catalogue 
 contact us 
","Restaurants & Bars",52400,4,"Parsley Box Ready Meals",""
"parsleybox.com","   


 About Us 
Parsley Box offers revolutionary and tasty meals delivered direct to your door!  With a wide selection of over 60 different meals, sides, desserts and drinks, there is something for everyone. 
 Our innovative cooking method keeps the freshness and nutrients locked in, which means you can store our meals in the cupboard for up to 6 months.
 No need for a fridge or freezer, just pop them in the microwave and your delicious meal will be ready in minutes.
   Plus, there is no subscription or commitment  - order what you want, when you want. 

We take pride in our service and the quality of care we provide to our growing number of customers across the UK.


 Parsley Box Website 
 request a catalogue 
 contact us 
","Restaurants & Bars",52401,4,"Parsley Box were good, be aware of the courier.",""
"parsleybox.com","   


 About Us 
Parsley Box offers revolutionary and tasty meals delivered direct to your door!  With a wide selection of over 60 different meals, sides, desserts and drinks, there is something for everyone. 
 Our innovative cooking method keeps the freshness and nutrients locked in, which means you can store our meals in the cupboard for up to 6 months.
 No need for a fridge or freezer, just pop them in the microwave and your delicious meal will be ready in minutes.
   Plus, there is no subscription or commitment  - order what you want, when you want. 

We take pride in our service and the quality of care we provide to our growing number of customers across the UK.


 Parsley Box Website 
 request a catalogue 
 contact us 
","Restaurants & Bars",52402,4,"Ease of ordering.",""
"parsleybox.com","   


 About Us 
Parsley Box offers revolutionary and tasty meals delivered direct to your door!  With a wide selection of over 60 different meals, sides, desserts and drinks, there is something for everyone. 
 Our innovative cooking method keeps the freshness and nutrients locked in, which means you can store our meals in the cupboard for up to 6 months.
 No need for a fridge or freezer, just pop them in the microwave and your delicious meal will be ready in minutes.
   Plus, there is no subscription or commitment  - order what you want, when you want. 

We take pride in our service and the quality of care we provide to our growing number of customers across the UK.


 Parsley Box Website 
 request a catalogue 
 contact us 
","Restaurants & Bars",52403,4,"Empower Me with Food Selection…",""
"parsleybox.com","   


 About Us 
Parsley Box offers revolutionary and tasty meals delivered direct to your door!  With a wide selection of over 60 different meals, sides, desserts and drinks, there is something for everyone. 
 Our innovative cooking method keeps the freshness and nutrients locked in, which means you can store our meals in the cupboard for up to 6 months.
 No need for a fridge or freezer, just pop them in the microwave and your delicious meal will be ready in minutes.
   Plus, there is no subscription or commitment  - order what you want, when you want. 

We take pride in our service and the quality of care we provide to our growing number of customers across the UK.


 Parsley Box Website 
 request a catalogue 
 contact us 
","Restaurants & Bars",52404,4,"Meals delivered to the house. 👆 ",""
"parsleybox.com","   


 About Us 
Parsley Box offers revolutionary and tasty meals delivered direct to your door!  With a wide selection of over 60 different meals, sides, desserts and drinks, there is something for everyone. 
 Our innovative cooking method keeps the freshness and nutrients locked in, which means you can store our meals in the cupboard for up to 6 months.
 No need for a fridge or freezer, just pop them in the microwave and your delicious meal will be ready in minutes.
   Plus, there is no subscription or commitment  - order what you want, when you want. 

We take pride in our service and the quality of care we provide to our growing number of customers across the UK.


 Parsley Box Website 
 request a catalogue 
 contact us 
","Restaurants & Bars",52405,4,"Web site review",""
"parsleybox.com","   


 About Us 
Parsley Box offers revolutionary and tasty meals delivered direct to your door!  With a wide selection of over 60 different meals, sides, desserts and drinks, there is something for everyone. 
 Our innovative cooking method keeps the freshness and nutrients locked in, which means you can store our meals in the cupboard for up to 6 months.
 No need for a fridge or freezer, just pop them in the microwave and your delicious meal will be ready in minutes.
   Plus, there is no subscription or commitment  - order what you want, when you want. 

We take pride in our service and the quality of care we provide to our growing number of customers across the UK.


 Parsley Box Website 
 request a catalogue 
 contact us 
","Restaurants & Bars",52406,4,"A Costly Coincidence!",""
"parsleybox.com","   


 About Us 
Parsley Box offers revolutionary and tasty meals delivered direct to your door!  With a wide selection of over 60 different meals, sides, desserts and drinks, there is something for everyone. 
 Our innovative cooking method keeps the freshness and nutrients locked in, which means you can store our meals in the cupboard for up to 6 months.
 No need for a fridge or freezer, just pop them in the microwave and your delicious meal will be ready in minutes.
   Plus, there is no subscription or commitment  - order what you want, when you want. 

We take pride in our service and the quality of care we provide to our growing number of customers across the UK.


 Parsley Box Website 
 request a catalogue 
 contact us 
","Restaurants & Bars",52407,3,"Hit and miss",""
"parsleybox.com","   


 About Us 
Parsley Box offers revolutionary and tasty meals delivered direct to your door!  With a wide selection of over 60 different meals, sides, desserts and drinks, there is something for everyone. 
 Our innovative cooking method keeps the freshness and nutrients locked in, which means you can store our meals in the cupboard for up to 6 months.
 No need for a fridge or freezer, just pop them in the microwave and your delicious meal will be ready in minutes.
   Plus, there is no subscription or commitment  - order what you want, when you want. 

We take pride in our service and the quality of care we provide to our growing number of customers across the UK.


 Parsley Box Website 
 request a catalogue 
 contact us 
","Restaurants & Bars",52408,3,"I had trouble finding Shepherds pie…",""
"parsleybox.com","   


 About Us 
Parsley Box offers revolutionary and tasty meals delivered direct to your door!  With a wide selection of over 60 different meals, sides, desserts and drinks, there is something for everyone. 
 Our innovative cooking method keeps the freshness and nutrients locked in, which means you can store our meals in the cupboard for up to 6 months.
 No need for a fridge or freezer, just pop them in the microwave and your delicious meal will be ready in minutes.
   Plus, there is no subscription or commitment  - order what you want, when you want. 

We take pride in our service and the quality of care we provide to our growing number of customers across the UK.


 Parsley Box Website 
 request a catalogue 
 contact us 
","Restaurants & Bars",52409,3,"NOT SATISFIED!",""
"parsleybox.com","   


 About Us 
Parsley Box offers revolutionary and tasty meals delivered direct to your door!  With a wide selection of over 60 different meals, sides, desserts and drinks, there is something for everyone. 
 Our innovative cooking method keeps the freshness and nutrients locked in, which means you can store our meals in the cupboard for up to 6 months.
 No need for a fridge or freezer, just pop them in the microwave and your delicious meal will be ready in minutes.
   Plus, there is no subscription or commitment  - order what you want, when you want. 

We take pride in our service and the quality of care we provide to our growing number of customers across the UK.


 Parsley Box Website 
 request a catalogue 
 contact us 
","Restaurants & Bars",52410,3,"I find ordering by email al bit…",""
"parsleybox.com","   


 About Us 
Parsley Box offers revolutionary and tasty meals delivered direct to your door!  With a wide selection of over 60 different meals, sides, desserts and drinks, there is something for everyone. 
 Our innovative cooking method keeps the freshness and nutrients locked in, which means you can store our meals in the cupboard for up to 6 months.
 No need for a fridge or freezer, just pop them in the microwave and your delicious meal will be ready in minutes.
   Plus, there is no subscription or commitment  - order what you want, when you want. 

We take pride in our service and the quality of care we provide to our growing number of customers across the UK.


 Parsley Box Website 
 request a catalogue 
 contact us 
","Restaurants & Bars",52411,3,"Codes hard to read due t the colours they are",""
"parsleybox.com","   


 About Us 
Parsley Box offers revolutionary and tasty meals delivered direct to your door!  With a wide selection of over 60 different meals, sides, desserts and drinks, there is something for everyone. 
 Our innovative cooking method keeps the freshness and nutrients locked in, which means you can store our meals in the cupboard for up to 6 months.
 No need for a fridge or freezer, just pop them in the microwave and your delicious meal will be ready in minutes.
   Plus, there is no subscription or commitment  - order what you want, when you want. 

We take pride in our service and the quality of care we provide to our growing number of customers across the UK.


 Parsley Box Website 
 request a catalogue 
 contact us 
","Restaurants & Bars",52412,3,"Petty rules will never help sales.",""
"parsleybox.com","   


 About Us 
Parsley Box offers revolutionary and tasty meals delivered direct to your door!  With a wide selection of over 60 different meals, sides, desserts and drinks, there is something for everyone. 
 Our innovative cooking method keeps the freshness and nutrients locked in, which means you can store our meals in the cupboard for up to 6 months.
 No need for a fridge or freezer, just pop them in the microwave and your delicious meal will be ready in minutes.
   Plus, there is no subscription or commitment  - order what you want, when you want. 

We take pride in our service and the quality of care we provide to our growing number of customers across the UK.


 Parsley Box Website 
 request a catalogue 
 contact us 
","Restaurants & Bars",52413,3," Paying…",""
"parsleybox.com","   


 About Us 
Parsley Box offers revolutionary and tasty meals delivered direct to your door!  With a wide selection of over 60 different meals, sides, desserts and drinks, there is something for everyone. 
 Our innovative cooking method keeps the freshness and nutrients locked in, which means you can store our meals in the cupboard for up to 6 months.
 No need for a fridge or freezer, just pop them in the microwave and your delicious meal will be ready in minutes.
   Plus, there is no subscription or commitment  - order what you want, when you want. 

We take pride in our service and the quality of care we provide to our growing number of customers across the UK.


 Parsley Box Website 
 request a catalogue 
 contact us 
","Restaurants & Bars",52414,3,"Charged £6 delivery, should be free with code Flavours4",""
"parsleybox.com","   


 About Us 
Parsley Box offers revolutionary and tasty meals delivered direct to your door!  With a wide selection of over 60 different meals, sides, desserts and drinks, there is something for everyone. 
 Our innovative cooking method keeps the freshness and nutrients locked in, which means you can store our meals in the cupboard for up to 6 months.
 No need for a fridge or freezer, just pop them in the microwave and your delicious meal will be ready in minutes.
   Plus, there is no subscription or commitment  - order what you want, when you want. 

We take pride in our service and the quality of care we provide to our growing number of customers across the UK.


 Parsley Box Website 
 request a catalogue 
 contact us 
","Restaurants & Bars",52415,3,"Delivery service ",""
"parsleybox.com","   


 About Us 
Parsley Box offers revolutionary and tasty meals delivered direct to your door!  With a wide selection of over 60 different meals, sides, desserts and drinks, there is something for everyone. 
 Our innovative cooking method keeps the freshness and nutrients locked in, which means you can store our meals in the cupboard for up to 6 months.
 No need for a fridge or freezer, just pop them in the microwave and your delicious meal will be ready in minutes.
   Plus, there is no subscription or commitment  - order what you want, when you want. 

We take pride in our service and the quality of care we provide to our growing number of customers across the UK.


 Parsley Box Website 
 request a catalogue 
 contact us 
","Restaurants & Bars",52416,3,"returning to PB after a long time,I was…",""
"parsleybox.com","   


 About Us 
Parsley Box offers revolutionary and tasty meals delivered direct to your door!  With a wide selection of over 60 different meals, sides, desserts and drinks, there is something for everyone. 
 Our innovative cooking method keeps the freshness and nutrients locked in, which means you can store our meals in the cupboard for up to 6 months.
 No need for a fridge or freezer, just pop them in the microwave and your delicious meal will be ready in minutes.
   Plus, there is no subscription or commitment  - order what you want, when you want. 

We take pride in our service and the quality of care we provide to our growing number of customers across the UK.


 Parsley Box Website 
 request a catalogue 
 contact us 
","Restaurants & Bars",52417,3,"Very  disappointing ",""
"parsleybox.com","   


 About Us 
Parsley Box offers revolutionary and tasty meals delivered direct to your door!  With a wide selection of over 60 different meals, sides, desserts and drinks, there is something for everyone. 
 Our innovative cooking method keeps the freshness and nutrients locked in, which means you can store our meals in the cupboard for up to 6 months.
 No need for a fridge or freezer, just pop them in the microwave and your delicious meal will be ready in minutes.
   Plus, there is no subscription or commitment  - order what you want, when you want. 

We take pride in our service and the quality of care we provide to our growing number of customers across the UK.


 Parsley Box Website 
 request a catalogue 
 contact us 
","Restaurants & Bars",52418,3,"Usually good",""
"parsleybox.com","   


 About Us 
Parsley Box offers revolutionary and tasty meals delivered direct to your door!  With a wide selection of over 60 different meals, sides, desserts and drinks, there is something for everyone. 
 Our innovative cooking method keeps the freshness and nutrients locked in, which means you can store our meals in the cupboard for up to 6 months.
 No need for a fridge or freezer, just pop them in the microwave and your delicious meal will be ready in minutes.
   Plus, there is no subscription or commitment  - order what you want, when you want. 

We take pride in our service and the quality of care we provide to our growing number of customers across the UK.


 Parsley Box Website 
 request a catalogue 
 contact us 
","Restaurants & Bars",52419,3,"We found your site quite easy to use",""
"parsleybox.com","   


 About Us 
Parsley Box offers revolutionary and tasty meals delivered direct to your door!  With a wide selection of over 60 different meals, sides, desserts and drinks, there is something for everyone. 
 Our innovative cooking method keeps the freshness and nutrients locked in, which means you can store our meals in the cupboard for up to 6 months.
 No need for a fridge or freezer, just pop them in the microwave and your delicious meal will be ready in minutes.
   Plus, there is no subscription or commitment  - order what you want, when you want. 

We take pride in our service and the quality of care we provide to our growing number of customers across the UK.


 Parsley Box Website 
 request a catalogue 
 contact us 
","Restaurants & Bars",52420,3,"I had the steak hotpot tonight …",""
"parsleybox.com","   


 About Us 
Parsley Box offers revolutionary and tasty meals delivered direct to your door!  With a wide selection of over 60 different meals, sides, desserts and drinks, there is something for everyone. 
 Our innovative cooking method keeps the freshness and nutrients locked in, which means you can store our meals in the cupboard for up to 6 months.
 No need for a fridge or freezer, just pop them in the microwave and your delicious meal will be ready in minutes.
   Plus, there is no subscription or commitment  - order what you want, when you want. 

We take pride in our service and the quality of care we provide to our growing number of customers across the UK.


 Parsley Box Website 
 request a catalogue 
 contact us 
","Restaurants & Bars",52421,3,"Ordering was clear except for Sides…",""
"parsleybox.com","   


 About Us 
Parsley Box offers revolutionary and tasty meals delivered direct to your door!  With a wide selection of over 60 different meals, sides, desserts and drinks, there is something for everyone. 
 Our innovative cooking method keeps the freshness and nutrients locked in, which means you can store our meals in the cupboard for up to 6 months.
 No need for a fridge or freezer, just pop them in the microwave and your delicious meal will be ready in minutes.
   Plus, there is no subscription or commitment  - order what you want, when you want. 

We take pride in our service and the quality of care we provide to our growing number of customers across the UK.


 Parsley Box Website 
 request a catalogue 
 contact us 
","Restaurants & Bars",52422,3,"Recipe changed to lower price",""
"parsleybox.com","   


 About Us 
Parsley Box offers revolutionary and tasty meals delivered direct to your door!  With a wide selection of over 60 different meals, sides, desserts and drinks, there is something for everyone. 
 Our innovative cooking method keeps the freshness and nutrients locked in, which means you can store our meals in the cupboard for up to 6 months.
 No need for a fridge or freezer, just pop them in the microwave and your delicious meal will be ready in minutes.
   Plus, there is no subscription or commitment  - order what you want, when you want. 

We take pride in our service and the quality of care we provide to our growing number of customers across the UK.


 Parsley Box Website 
 request a catalogue 
 contact us 
","Restaurants & Bars",52423,3,"Can’t fault the service itself",""
"parsleybox.com","   


 About Us 
Parsley Box offers revolutionary and tasty meals delivered direct to your door!  With a wide selection of over 60 different meals, sides, desserts and drinks, there is something for everyone. 
 Our innovative cooking method keeps the freshness and nutrients locked in, which means you can store our meals in the cupboard for up to 6 months.
 No need for a fridge or freezer, just pop them in the microwave and your delicious meal will be ready in minutes.
   Plus, there is no subscription or commitment  - order what you want, when you want. 

We take pride in our service and the quality of care we provide to our growing number of customers across the UK.


 Parsley Box Website 
 request a catalogue 
 contact us 
","Restaurants & Bars",52424,3,"Excellent service",""
"parsleybox.com","   


 About Us 
Parsley Box offers revolutionary and tasty meals delivered direct to your door!  With a wide selection of over 60 different meals, sides, desserts and drinks, there is something for everyone. 
 Our innovative cooking method keeps the freshness and nutrients locked in, which means you can store our meals in the cupboard for up to 6 months.
 No need for a fridge or freezer, just pop them in the microwave and your delicious meal will be ready in minutes.
   Plus, there is no subscription or commitment  - order what you want, when you want. 

We take pride in our service and the quality of care we provide to our growing number of customers across the UK.


 Parsley Box Website 
 request a catalogue 
 contact us 
","Restaurants & Bars",52425,3,"Ok with the food but explicet…",""
"parsleybox.com","   


 About Us 
Parsley Box offers revolutionary and tasty meals delivered direct to your door!  With a wide selection of over 60 different meals, sides, desserts and drinks, there is something for everyone. 
 Our innovative cooking method keeps the freshness and nutrients locked in, which means you can store our meals in the cupboard for up to 6 months.
 No need for a fridge or freezer, just pop them in the microwave and your delicious meal will be ready in minutes.
   Plus, there is no subscription or commitment  - order what you want, when you want. 

We take pride in our service and the quality of care we provide to our growing number of customers across the UK.


 Parsley Box Website 
 request a catalogue 
 contact us 
","Restaurants & Bars",52426,3,"Delivery was great but an item was…",""
"parsleybox.com","   


 About Us 
Parsley Box offers revolutionary and tasty meals delivered direct to your door!  With a wide selection of over 60 different meals, sides, desserts and drinks, there is something for everyone. 
 Our innovative cooking method keeps the freshness and nutrients locked in, which means you can store our meals in the cupboard for up to 6 months.
 No need for a fridge or freezer, just pop them in the microwave and your delicious meal will be ready in minutes.
   Plus, there is no subscription or commitment  - order what you want, when you want. 

We take pride in our service and the quality of care we provide to our growing number of customers across the UK.


 Parsley Box Website 
 request a catalogue 
 contact us 
","Restaurants & Bars",52427,2,"The delivery was very poor",""
"parsleybox.com","   


 About Us 
Parsley Box offers revolutionary and tasty meals delivered direct to your door!  With a wide selection of over 60 different meals, sides, desserts and drinks, there is something for everyone. 
 Our innovative cooking method keeps the freshness and nutrients locked in, which means you can store our meals in the cupboard for up to 6 months.
 No need for a fridge or freezer, just pop them in the microwave and your delicious meal will be ready in minutes.
   Plus, there is no subscription or commitment  - order what you want, when you want. 

We take pride in our service and the quality of care we provide to our growing number of customers across the UK.


 Parsley Box Website 
 request a catalogue 
 contact us 
","Restaurants & Bars",52428,2,"Delivery was due yesterday",""
"parsleybox.com","   


 About Us 
Parsley Box offers revolutionary and tasty meals delivered direct to your door!  With a wide selection of over 60 different meals, sides, desserts and drinks, there is something for everyone. 
 Our innovative cooking method keeps the freshness and nutrients locked in, which means you can store our meals in the cupboard for up to 6 months.
 No need for a fridge or freezer, just pop them in the microwave and your delicious meal will be ready in minutes.
   Plus, there is no subscription or commitment  - order what you want, when you want. 

We take pride in our service and the quality of care we provide to our growing number of customers across the UK.


 Parsley Box Website 
 request a catalogue 
 contact us 
","Restaurants & Bars",52429,2,"Fast delivery",""
"parsleybox.com","   


 About Us 
Parsley Box offers revolutionary and tasty meals delivered direct to your door!  With a wide selection of over 60 different meals, sides, desserts and drinks, there is something for everyone. 
 Our innovative cooking method keeps the freshness and nutrients locked in, which means you can store our meals in the cupboard for up to 6 months.
 No need for a fridge or freezer, just pop them in the microwave and your delicious meal will be ready in minutes.
   Plus, there is no subscription or commitment  - order what you want, when you want. 

We take pride in our service and the quality of care we provide to our growing number of customers across the UK.


 Parsley Box Website 
 request a catalogue 
 contact us 
","Restaurants & Bars",52430,2,"I found payment difficult--could not…",""
"parsleybox.com","   


 About Us 
Parsley Box offers revolutionary and tasty meals delivered direct to your door!  With a wide selection of over 60 different meals, sides, desserts and drinks, there is something for everyone. 
 Our innovative cooking method keeps the freshness and nutrients locked in, which means you can store our meals in the cupboard for up to 6 months.
 No need for a fridge or freezer, just pop them in the microwave and your delicious meal will be ready in minutes.
   Plus, there is no subscription or commitment  - order what you want, when you want. 

We take pride in our service and the quality of care we provide to our growing number of customers across the UK.


 Parsley Box Website 
 request a catalogue 
 contact us 
","Restaurants & Bars",52431,2,"I thought they were complete ready…",""
"parsleybox.com","   


 About Us 
Parsley Box offers revolutionary and tasty meals delivered direct to your door!  With a wide selection of over 60 different meals, sides, desserts and drinks, there is something for everyone. 
 Our innovative cooking method keeps the freshness and nutrients locked in, which means you can store our meals in the cupboard for up to 6 months.
 No need for a fridge or freezer, just pop them in the microwave and your delicious meal will be ready in minutes.
   Plus, there is no subscription or commitment  - order what you want, when you want. 

We take pride in our service and the quality of care we provide to our growing number of customers across the UK.


 Parsley Box Website 
 request a catalogue 
 contact us 
","Restaurants & Bars",52432,2,"My first and last order ",""
"parsleybox.com","   


 About Us 
Parsley Box offers revolutionary and tasty meals delivered direct to your door!  With a wide selection of over 60 different meals, sides, desserts and drinks, there is something for everyone. 
 Our innovative cooking method keeps the freshness and nutrients locked in, which means you can store our meals in the cupboard for up to 6 months.
 No need for a fridge or freezer, just pop them in the microwave and your delicious meal will be ready in minutes.
   Plus, there is no subscription or commitment  - order what you want, when you want. 

We take pride in our service and the quality of care we provide to our growing number of customers across the UK.


 Parsley Box Website 
 request a catalogue 
 contact us 
","Restaurants & Bars",52433,2,"Disappointed as first time customer",""
"parsleybox.com","   


 About Us 
Parsley Box offers revolutionary and tasty meals delivered direct to your door!  With a wide selection of over 60 different meals, sides, desserts and drinks, there is something for everyone. 
 Our innovative cooking method keeps the freshness and nutrients locked in, which means you can store our meals in the cupboard for up to 6 months.
 No need for a fridge or freezer, just pop them in the microwave and your delicious meal will be ready in minutes.
   Plus, there is no subscription or commitment  - order what you want, when you want. 

We take pride in our service and the quality of care we provide to our growing number of customers across the UK.


 Parsley Box Website 
 request a catalogue 
 contact us 
","Restaurants & Bars",52434,2,"Food tastes not bad but nothing like the sleeve photo",""
"parsleybox.com","   


 About Us 
Parsley Box offers revolutionary and tasty meals delivered direct to your door!  With a wide selection of over 60 different meals, sides, desserts and drinks, there is something for everyone. 
 Our innovative cooking method keeps the freshness and nutrients locked in, which means you can store our meals in the cupboard for up to 6 months.
 No need for a fridge or freezer, just pop them in the microwave and your delicious meal will be ready in minutes.
   Plus, there is no subscription or commitment  - order what you want, when you want. 

We take pride in our service and the quality of care we provide to our growing number of customers across the UK.


 Parsley Box Website 
 request a catalogue 
 contact us 
","Restaurants & Bars",52435,2,"Food is brown ( for mashed potatoes??) Likewise lasagne",""
"parsleybox.com","   


 About Us 
Parsley Box offers revolutionary and tasty meals delivered direct to your door!  With a wide selection of over 60 different meals, sides, desserts and drinks, there is something for everyone. 
 Our innovative cooking method keeps the freshness and nutrients locked in, which means you can store our meals in the cupboard for up to 6 months.
 No need for a fridge or freezer, just pop them in the microwave and your delicious meal will be ready in minutes.
   Plus, there is no subscription or commitment  - order what you want, when you want. 

We take pride in our service and the quality of care we provide to our growing number of customers across the UK.


 Parsley Box Website 
 request a catalogue 
 contact us 
","Restaurants & Bars",52436,2,"Parsley Box admin.",""
"www.oddbox.co.uk","We are the UK’s fruit & veg box that fights food waste. We work closely with farmers & growers from all across the UK (& abroad), to rescue & fill up our boxes full of fresh, seasonal fruit & veg which are at risk of going to waste. The reason for this? They're simply seen as ""too oddly shaped"", ""too oddly sized"", or even just - ""too many"". Delivering all across London & the South-East. Proud B Corp.","Restaurants & Bars",52465,5,"Great service, great produce",""
"www.oddbox.co.uk","We are the UK’s fruit & veg box that fights food waste. We work closely with farmers & growers from all across the UK (& abroad), to rescue & fill up our boxes full of fresh, seasonal fruit & veg which are at risk of going to waste. The reason for this? They're simply seen as ""too oddly shaped"", ""too oddly sized"", or even just - ""too many"". Delivering all across London & the South-East. Proud B Corp.","Restaurants & Bars",52466,5,"We have more vegetables in our diet",""
"www.oddbox.co.uk","We are the UK’s fruit & veg box that fights food waste. We work closely with farmers & growers from all across the UK (& abroad), to rescue & fill up our boxes full of fresh, seasonal fruit & veg which are at risk of going to waste. The reason for this? They're simply seen as ""too oddly shaped"", ""too oddly sized"", or even just - ""too many"". Delivering all across London & the South-East. Proud B Corp.","Restaurants & Bars",52467,5,"Good quality produce ",""
"www.oddbox.co.uk","We are the UK’s fruit & veg box that fights food waste. We work closely with farmers & growers from all across the UK (& abroad), to rescue & fill up our boxes full of fresh, seasonal fruit & veg which are at risk of going to waste. The reason for this? They're simply seen as ""too oddly shaped"", ""too oddly sized"", or even just - ""too many"". Delivering all across London & the South-East. Proud B Corp.","Restaurants & Bars",52468,5,"Excellent service",""
"www.oddbox.co.uk","We are the UK’s fruit & veg box that fights food waste. We work closely with farmers & growers from all across the UK (& abroad), to rescue & fill up our boxes full of fresh, seasonal fruit & veg which are at risk of going to waste. The reason for this? They're simply seen as ""too oddly shaped"", ""too oddly sized"", or even just - ""too many"". Delivering all across London & the South-East. Proud B Corp.","Restaurants & Bars",52469,5,"Oddbox ",""
"www.oddbox.co.uk","We are the UK’s fruit & veg box that fights food waste. We work closely with farmers & growers from all across the UK (& abroad), to rescue & fill up our boxes full of fresh, seasonal fruit & veg which are at risk of going to waste. The reason for this? They're simply seen as ""too oddly shaped"", ""too oddly sized"", or even just - ""too many"". Delivering all across London & the South-East. Proud B Corp.","Restaurants & Bars",52470,5,"I love oddbox",""
"www.oddbox.co.uk","We are the UK’s fruit & veg box that fights food waste. We work closely with farmers & growers from all across the UK (& abroad), to rescue & fill up our boxes full of fresh, seasonal fruit & veg which are at risk of going to waste. The reason for this? They're simply seen as ""too oddly shaped"", ""too oddly sized"", or even just - ""too many"". Delivering all across London & the South-East. Proud B Corp.","Restaurants & Bars",52471,5,"Great experience especially for elderly…",""
"www.oddbox.co.uk","We are the UK’s fruit & veg box that fights food waste. We work closely with farmers & growers from all across the UK (& abroad), to rescue & fill up our boxes full of fresh, seasonal fruit & veg which are at risk of going to waste. The reason for this? They're simply seen as ""too oddly shaped"", ""too oddly sized"", or even just - ""too many"". Delivering all across London & the South-East. Proud B Corp.","Restaurants & Bars",52472,5,"Fab veg & fruit",""
"www.oddbox.co.uk","We are the UK’s fruit & veg box that fights food waste. We work closely with farmers & growers from all across the UK (& abroad), to rescue & fill up our boxes full of fresh, seasonal fruit & veg which are at risk of going to waste. The reason for this? They're simply seen as ""too oddly shaped"", ""too oddly sized"", or even just - ""too many"". Delivering all across London & the South-East. Proud B Corp.","Restaurants & Bars",52473,5,"Oddbox is a great Company",""
"www.oddbox.co.uk","We are the UK’s fruit & veg box that fights food waste. We work closely with farmers & growers from all across the UK (& abroad), to rescue & fill up our boxes full of fresh, seasonal fruit & veg which are at risk of going to waste. The reason for this? They're simply seen as ""too oddly shaped"", ""too oddly sized"", or even just - ""too many"". Delivering all across London & the South-East. Proud B Corp.","Restaurants & Bars",52474,5,"We are really pleased we found oddbox",""
"www.oddbox.co.uk","We are the UK’s fruit & veg box that fights food waste. We work closely with farmers & growers from all across the UK (& abroad), to rescue & fill up our boxes full of fresh, seasonal fruit & veg which are at risk of going to waste. The reason for this? They're simply seen as ""too oddly shaped"", ""too oddly sized"", or even just - ""too many"". Delivering all across London & the South-East. Proud B Corp.","Restaurants & Bars",52485,4,"The excitement of what is in the box…",""
"www.oddbox.co.uk","We are the UK’s fruit & veg box that fights food waste. We work closely with farmers & growers from all across the UK (& abroad), to rescue & fill up our boxes full of fresh, seasonal fruit & veg which are at risk of going to waste. The reason for this? They're simply seen as ""too oddly shaped"", ""too oddly sized"", or even just - ""too many"". Delivering all across London & the South-East. Proud B Corp.","Restaurants & Bars",52486,4,"Great service ",""
"www.oddbox.co.uk","We are the UK’s fruit & veg box that fights food waste. We work closely with farmers & growers from all across the UK (& abroad), to rescue & fill up our boxes full of fresh, seasonal fruit & veg which are at risk of going to waste. The reason for this? They're simply seen as ""too oddly shaped"", ""too oddly sized"", or even just - ""too many"". Delivering all across London & the South-East. Proud B Corp.","Restaurants & Bars",52487,4,"I was on the point of cancelling ",""
"www.oddbox.co.uk","We are the UK’s fruit & veg box that fights food waste. We work closely with farmers & growers from all across the UK (& abroad), to rescue & fill up our boxes full of fresh, seasonal fruit & veg which are at risk of going to waste. The reason for this? They're simply seen as ""too oddly shaped"", ""too oddly sized"", or even just - ""too many"". Delivering all across London & the South-East. Proud B Corp.","Restaurants & Bars",52488,4,"Voyage of discovery!",""
"www.oddbox.co.uk","We are the UK’s fruit & veg box that fights food waste. We work closely with farmers & growers from all across the UK (& abroad), to rescue & fill up our boxes full of fresh, seasonal fruit & veg which are at risk of going to waste. The reason for this? They're simply seen as ""too oddly shaped"", ""too oddly sized"", or even just - ""too many"". Delivering all across London & the South-East. Proud B Corp.","Restaurants & Bars",52489,4," Very reliable company",""
"www.oddbox.co.uk","We are the UK’s fruit & veg box that fights food waste. We work closely with farmers & growers from all across the UK (& abroad), to rescue & fill up our boxes full of fresh, seasonal fruit & veg which are at risk of going to waste. The reason for this? They're simply seen as ""too oddly shaped"", ""too oddly sized"", or even just - ""too many"". Delivering all across London & the South-East. Proud B Corp.","Restaurants & Bars",52490,4,"Great idea and reasonably priced.",""
"www.oddbox.co.uk","We are the UK’s fruit & veg box that fights food waste. We work closely with farmers & growers from all across the UK (& abroad), to rescue & fill up our boxes full of fresh, seasonal fruit & veg which are at risk of going to waste. The reason for this? They're simply seen as ""too oddly shaped"", ""too oddly sized"", or even just - ""too many"". Delivering all across London & the South-East. Proud B Corp.","Restaurants & Bars",52491,4,"Enjoying variety of fruits and veg ",""
"www.oddbox.co.uk","We are the UK’s fruit & veg box that fights food waste. We work closely with farmers & growers from all across the UK (& abroad), to rescue & fill up our boxes full of fresh, seasonal fruit & veg which are at risk of going to waste. The reason for this? They're simply seen as ""too oddly shaped"", ""too oddly sized"", or even just - ""too many"". Delivering all across London & the South-East. Proud B Corp.","Restaurants & Bars",52492,4,"Love that there is a leaflet explaining…",""
"www.oddbox.co.uk","We are the UK’s fruit & veg box that fights food waste. We work closely with farmers & growers from all across the UK (& abroad), to rescue & fill up our boxes full of fresh, seasonal fruit & veg which are at risk of going to waste. The reason for this? They're simply seen as ""too oddly shaped"", ""too oddly sized"", or even just - ""too many"". Delivering all across London & the South-East. Proud B Corp.","Restaurants & Bars",52493,4,"Veg box with items I would not normally buy.",""
"www.oddbox.co.uk","We are the UK’s fruit & veg box that fights food waste. We work closely with farmers & growers from all across the UK (& abroad), to rescue & fill up our boxes full of fresh, seasonal fruit & veg which are at risk of going to waste. The reason for this? They're simply seen as ""too oddly shaped"", ""too oddly sized"", or even just - ""too many"". Delivering all across London & the South-East. Proud B Corp.","Restaurants & Bars",52494,4,"Great box",""
"www.oddbox.co.uk","We are the UK’s fruit & veg box that fights food waste. We work closely with farmers & growers from all across the UK (& abroad), to rescue & fill up our boxes full of fresh, seasonal fruit & veg which are at risk of going to waste. The reason for this? They're simply seen as ""too oddly shaped"", ""too oddly sized"", or even just - ""too many"". Delivering all across London & the South-East. Proud B Corp.","Restaurants & Bars",52495,4,"Oddbox review",""
"www.oddbox.co.uk","We are the UK’s fruit & veg box that fights food waste. We work closely with farmers & growers from all across the UK (& abroad), to rescue & fill up our boxes full of fresh, seasonal fruit & veg which are at risk of going to waste. The reason for this? They're simply seen as ""too oddly shaped"", ""too oddly sized"", or even just - ""too many"". Delivering all across London & the South-East. Proud B Corp.","Restaurants & Bars",52496,4,"Great produce drop off could be better",""
"www.oddbox.co.uk","We are the UK’s fruit & veg box that fights food waste. We work closely with farmers & growers from all across the UK (& abroad), to rescue & fill up our boxes full of fresh, seasonal fruit & veg which are at risk of going to waste. The reason for this? They're simply seen as ""too oddly shaped"", ""too oddly sized"", or even just - ""too many"". Delivering all across London & the South-East. Proud B Corp.","Restaurants & Bars",52497,4,"Great box",""
"www.oddbox.co.uk","We are the UK’s fruit & veg box that fights food waste. We work closely with farmers & growers from all across the UK (& abroad), to rescue & fill up our boxes full of fresh, seasonal fruit & veg which are at risk of going to waste. The reason for this? They're simply seen as ""too oddly shaped"", ""too oddly sized"", or even just - ""too many"". Delivering all across London & the South-East. Proud B Corp.","Restaurants & Bars",52498,4,"Vegetables always of good quality",""
"www.oddbox.co.uk","We are the UK’s fruit & veg box that fights food waste. We work closely with farmers & growers from all across the UK (& abroad), to rescue & fill up our boxes full of fresh, seasonal fruit & veg which are at risk of going to waste. The reason for this? They're simply seen as ""too oddly shaped"", ""too oddly sized"", or even just - ""too many"". Delivering all across London & the South-East. Proud B Corp.","Restaurants & Bars",52499,4,"SO the great things are the quality",""
"www.oddbox.co.uk","We are the UK’s fruit & veg box that fights food waste. We work closely with farmers & growers from all across the UK (& abroad), to rescue & fill up our boxes full of fresh, seasonal fruit & veg which are at risk of going to waste. The reason for this? They're simply seen as ""too oddly shaped"", ""too oddly sized"", or even just - ""too many"". Delivering all across London & the South-East. Proud B Corp.","Restaurants & Bars",52500,4,"A worthy cause here saving odd veg happy customer…",""
"www.oddbox.co.uk","We are the UK’s fruit & veg box that fights food waste. We work closely with farmers & growers from all across the UK (& abroad), to rescue & fill up our boxes full of fresh, seasonal fruit & veg which are at risk of going to waste. The reason for this? They're simply seen as ""too oddly shaped"", ""too oddly sized"", or even just - ""too many"". Delivering all across London & the South-East. Proud B Corp.","Restaurants & Bars",52501,4,"The boxes make me feel in touch with the season",""
"www.oddbox.co.uk","We are the UK’s fruit & veg box that fights food waste. We work closely with farmers & growers from all across the UK (& abroad), to rescue & fill up our boxes full of fresh, seasonal fruit & veg which are at risk of going to waste. The reason for this? They're simply seen as ""too oddly shaped"", ""too oddly sized"", or even just - ""too many"". Delivering all across London & the South-East. Proud B Corp.","Restaurants & Bars",52502,4,"Flexible options",""
"www.oddbox.co.uk","We are the UK’s fruit & veg box that fights food waste. We work closely with farmers & growers from all across the UK (& abroad), to rescue & fill up our boxes full of fresh, seasonal fruit & veg which are at risk of going to waste. The reason for this? They're simply seen as ""too oddly shaped"", ""too oddly sized"", or even just - ""too many"". Delivering all across London & the South-East. Proud B Corp.","Restaurants & Bars",52503,4,"Helping save the producers",""
"www.oddbox.co.uk","We are the UK’s fruit & veg box that fights food waste. We work closely with farmers & growers from all across the UK (& abroad), to rescue & fill up our boxes full of fresh, seasonal fruit & veg which are at risk of going to waste. The reason for this? They're simply seen as ""too oddly shaped"", ""too oddly sized"", or even just - ""too many"". Delivering all across London & the South-East. Proud B Corp.","Restaurants & Bars",52504,4,"Great service and produce",""
"www.oddbox.co.uk","We are the UK’s fruit & veg box that fights food waste. We work closely with farmers & growers from all across the UK (& abroad), to rescue & fill up our boxes full of fresh, seasonal fruit & veg which are at risk of going to waste. The reason for this? They're simply seen as ""too oddly shaped"", ""too oddly sized"", or even just - ""too many"". Delivering all across London & the South-East. Proud B Corp.","Restaurants & Bars",52505,3,"Obviously the fruit and vegetables are…",""
"www.oddbox.co.uk","We are the UK’s fruit & veg box that fights food waste. We work closely with farmers & growers from all across the UK (& abroad), to rescue & fill up our boxes full of fresh, seasonal fruit & veg which are at risk of going to waste. The reason for this? They're simply seen as ""too oddly shaped"", ""too oddly sized"", or even just - ""too many"". Delivering all across London & the South-East. Proud B Corp.","Restaurants & Bars",52506,3,"It's a lot of money for less.",""
"www.oddbox.co.uk","We are the UK’s fruit & veg box that fights food waste. We work closely with farmers & growers from all across the UK (& abroad), to rescue & fill up our boxes full of fresh, seasonal fruit & veg which are at risk of going to waste. The reason for this? They're simply seen as ""too oddly shaped"", ""too oddly sized"", or even just - ""too many"". Delivering all across London & the South-East. Proud B Corp.","Restaurants & Bars",52507,3,"Palming off poor food at a premium",""
"www.oddbox.co.uk","We are the UK’s fruit & veg box that fights food waste. We work closely with farmers & growers from all across the UK (& abroad), to rescue & fill up our boxes full of fresh, seasonal fruit & veg which are at risk of going to waste. The reason for this? They're simply seen as ""too oddly shaped"", ""too oddly sized"", or even just - ""too many"". Delivering all across London & the South-East. Proud B Corp.","Restaurants & Bars",52508,3,"My oddbox experience for the last 8 months I have really enjoyed revceiving my…",""
"www.oddbox.co.uk","We are the UK’s fruit & veg box that fights food waste. We work closely with farmers & growers from all across the UK (& abroad), to rescue & fill up our boxes full of fresh, seasonal fruit & veg which are at risk of going to waste. The reason for this? They're simply seen as ""too oddly shaped"", ""too oddly sized"", or even just - ""too many"". Delivering all across London & the South-East. Proud B Corp.","Restaurants & Bars",52509,3,"Price is ok",""
"www.oddbox.co.uk","We are the UK’s fruit & veg box that fights food waste. We work closely with farmers & growers from all across the UK (& abroad), to rescue & fill up our boxes full of fresh, seasonal fruit & veg which are at risk of going to waste. The reason for this? They're simply seen as ""too oddly shaped"", ""too oddly sized"", or even just - ""too many"". Delivering all across London & the South-East. Proud B Corp.","Restaurants & Bars",52510,3,"Really great concept ",""
"www.oddbox.co.uk","We are the UK’s fruit & veg box that fights food waste. We work closely with farmers & growers from all across the UK (& abroad), to rescue & fill up our boxes full of fresh, seasonal fruit & veg which are at risk of going to waste. The reason for this? They're simply seen as ""too oddly shaped"", ""too oddly sized"", or even just - ""too many"". Delivering all across London & the South-East. Proud B Corp.","Restaurants & Bars",52511,3,"Still under review ",""
"www.oddbox.co.uk","We are the UK’s fruit & veg box that fights food waste. We work closely with farmers & growers from all across the UK (& abroad), to rescue & fill up our boxes full of fresh, seasonal fruit & veg which are at risk of going to waste. The reason for this? They're simply seen as ""too oddly shaped"", ""too oddly sized"", or even just - ""too many"". Delivering all across London & the South-East. Proud B Corp.","Restaurants & Bars",52512,3,"The veg is great, fruit not so much",""
"www.oddbox.co.uk","We are the UK’s fruit & veg box that fights food waste. We work closely with farmers & growers from all across the UK (& abroad), to rescue & fill up our boxes full of fresh, seasonal fruit & veg which are at risk of going to waste. The reason for this? They're simply seen as ""too oddly shaped"", ""too oddly sized"", or even just - ""too many"". Delivering all across London & the South-East. Proud B Corp.","Restaurants & Bars",52513,3,"The idea and ethos is great. Produce not so great",""
"www.oddbox.co.uk","We are the UK’s fruit & veg box that fights food waste. We work closely with farmers & growers from all across the UK (& abroad), to rescue & fill up our boxes full of fresh, seasonal fruit & veg which are at risk of going to waste. The reason for this? They're simply seen as ""too oddly shaped"", ""too oddly sized"", or even just - ""too many"". Delivering all across London & the South-East. Proud B Corp.","Restaurants & Bars",52514,3,"Some of the produce is great and it is…",""
"www.oddbox.co.uk","We are the UK’s fruit & veg box that fights food waste. We work closely with farmers & growers from all across the UK (& abroad), to rescue & fill up our boxes full of fresh, seasonal fruit & veg which are at risk of going to waste. The reason for this? They're simply seen as ""too oddly shaped"", ""too oddly sized"", or even just - ""too many"". Delivering all across London & the South-East. Proud B Corp.","Restaurants & Bars",52515,3,"I like the delivery system and your…",""
"www.oddbox.co.uk","We are the UK’s fruit & veg box that fights food waste. We work closely with farmers & growers from all across the UK (& abroad), to rescue & fill up our boxes full of fresh, seasonal fruit & veg which are at risk of going to waste. The reason for this? They're simply seen as ""too oddly shaped"", ""too oddly sized"", or even just - ""too many"". Delivering all across London & the South-East. Proud B Corp.","Restaurants & Bars",52516,3,"A great concept",""
"www.oddbox.co.uk","We are the UK’s fruit & veg box that fights food waste. We work closely with farmers & growers from all across the UK (& abroad), to rescue & fill up our boxes full of fresh, seasonal fruit & veg which are at risk of going to waste. The reason for this? They're simply seen as ""too oddly shaped"", ""too oddly sized"", or even just - ""too many"". Delivering all across London & the South-East. Proud B Corp.","Restaurants & Bars",52517,3,"Quality",""
"www.oddbox.co.uk","We are the UK’s fruit & veg box that fights food waste. We work closely with farmers & growers from all across the UK (& abroad), to rescue & fill up our boxes full of fresh, seasonal fruit & veg which are at risk of going to waste. The reason for this? They're simply seen as ""too oddly shaped"", ""too oddly sized"", or even just - ""too many"". Delivering all across London & the South-East. Proud B Corp.","Restaurants & Bars",52518,3,"Expensive for what you get",""
"www.oddbox.co.uk","We are the UK’s fruit & veg box that fights food waste. We work closely with farmers & growers from all across the UK (& abroad), to rescue & fill up our boxes full of fresh, seasonal fruit & veg which are at risk of going to waste. The reason for this? They're simply seen as ""too oddly shaped"", ""too oddly sized"", or even just - ""too many"". Delivering all across London & the South-East. Proud B Corp.","Restaurants & Bars",52519,3,"Oddbox are still great....not so their…",""
"www.oddbox.co.uk","We are the UK’s fruit & veg box that fights food waste. We work closely with farmers & growers from all across the UK (& abroad), to rescue & fill up our boxes full of fresh, seasonal fruit & veg which are at risk of going to waste. The reason for this? They're simply seen as ""too oddly shaped"", ""too oddly sized"", or even just - ""too many"". Delivering all across London & the South-East. Proud B Corp.","Restaurants & Bars",52520,3,"I was dissapointed with today's small…",""
"www.oddbox.co.uk","We are the UK’s fruit & veg box that fights food waste. We work closely with farmers & growers from all across the UK (& abroad), to rescue & fill up our boxes full of fresh, seasonal fruit & veg which are at risk of going to waste. The reason for this? They're simply seen as ""too oddly shaped"", ""too oddly sized"", or even just - ""too many"". Delivering all across London & the South-East. Proud B Corp.","Restaurants & Bars",52521,3,"OddBox Veg",""
"www.oddbox.co.uk","We are the UK’s fruit & veg box that fights food waste. We work closely with farmers & growers from all across the UK (& abroad), to rescue & fill up our boxes full of fresh, seasonal fruit & veg which are at risk of going to waste. The reason for this? They're simply seen as ""too oddly shaped"", ""too oddly sized"", or even just - ""too many"". Delivering all across London & the South-East. Proud B Corp.","Restaurants & Bars",52522,3,"I am sorry I  have cancelled my…",""
"www.oddbox.co.uk","We are the UK’s fruit & veg box that fights food waste. We work closely with farmers & growers from all across the UK (& abroad), to rescue & fill up our boxes full of fresh, seasonal fruit & veg which are at risk of going to waste. The reason for this? They're simply seen as ""too oddly shaped"", ""too oddly sized"", or even just - ""too many"". Delivering all across London & the South-East. Proud B Corp.","Restaurants & Bars",52523,3,"Do you know where your fruit and veg comes from?",""
"www.oddbox.co.uk","We are the UK’s fruit & veg box that fights food waste. We work closely with farmers & growers from all across the UK (& abroad), to rescue & fill up our boxes full of fresh, seasonal fruit & veg which are at risk of going to waste. The reason for this? They're simply seen as ""too oddly shaped"", ""too oddly sized"", or even just - ""too many"". Delivering all across London & the South-East. Proud B Corp.","Restaurants & Bars",52524,3,"Could be better",""
"www.oddbox.co.uk","We are the UK’s fruit & veg box that fights food waste. We work closely with farmers & growers from all across the UK (& abroad), to rescue & fill up our boxes full of fresh, seasonal fruit & veg which are at risk of going to waste. The reason for this? They're simply seen as ""too oddly shaped"", ""too oddly sized"", or even just - ""too many"". Delivering all across London & the South-East. Proud B Corp.","Restaurants & Bars",52525,2,"Pretty disappointed",""
"www.oddbox.co.uk","We are the UK’s fruit & veg box that fights food waste. We work closely with farmers & growers from all across the UK (& abroad), to rescue & fill up our boxes full of fresh, seasonal fruit & veg which are at risk of going to waste. The reason for this? They're simply seen as ""too oddly shaped"", ""too oddly sized"", or even just - ""too many"". Delivering all across London & the South-East. Proud B Corp.","Restaurants & Bars",52526,2,"Absolutely great until last delivery…",""
"www.oddbox.co.uk","We are the UK’s fruit & veg box that fights food waste. We work closely with farmers & growers from all across the UK (& abroad), to rescue & fill up our boxes full of fresh, seasonal fruit & veg which are at risk of going to waste. The reason for this? They're simply seen as ""too oddly shaped"", ""too oddly sized"", or even just - ""too many"". Delivering all across London & the South-East. Proud B Corp.","Restaurants & Bars",52527,2,"Disappointing ",""
"www.oddbox.co.uk","We are the UK’s fruit & veg box that fights food waste. We work closely with farmers & growers from all across the UK (& abroad), to rescue & fill up our boxes full of fresh, seasonal fruit & veg which are at risk of going to waste. The reason for this? They're simply seen as ""too oddly shaped"", ""too oddly sized"", or even just - ""too many"". Delivering all across London & the South-East. Proud B Corp.","Restaurants & Bars",52528,2,"Poor quality ",""
"www.oddbox.co.uk","We are the UK’s fruit & veg box that fights food waste. We work closely with farmers & growers from all across the UK (& abroad), to rescue & fill up our boxes full of fresh, seasonal fruit & veg which are at risk of going to waste. The reason for this? They're simply seen as ""too oddly shaped"", ""too oddly sized"", or even just - ""too many"". Delivering all across London & the South-East. Proud B Corp.","Restaurants & Bars",52529,2,"Never deliver to my door",""
"www.oddbox.co.uk","We are the UK’s fruit & veg box that fights food waste. We work closely with farmers & growers from all across the UK (& abroad), to rescue & fill up our boxes full of fresh, seasonal fruit & veg which are at risk of going to waste. The reason for this? They're simply seen as ""too oddly shaped"", ""too oddly sized"", or even just - ""too many"". Delivering all across London & the South-East. Proud B Corp.","Restaurants & Bars",52530,2,"Not great",""
"www.oddbox.co.uk","We are the UK’s fruit & veg box that fights food waste. We work closely with farmers & growers from all across the UK (& abroad), to rescue & fill up our boxes full of fresh, seasonal fruit & veg which are at risk of going to waste. The reason for this? They're simply seen as ""too oddly shaped"", ""too oddly sized"", or even just - ""too many"". Delivering all across London & the South-East. Proud B Corp.","Restaurants & Bars",52531,2,"The second time I have tried oddbox",""
"www.oddbox.co.uk","We are the UK’s fruit & veg box that fights food waste. We work closely with farmers & growers from all across the UK (& abroad), to rescue & fill up our boxes full of fresh, seasonal fruit & veg which are at risk of going to waste. The reason for this? They're simply seen as ""too oddly shaped"", ""too oddly sized"", or even just - ""too many"". Delivering all across London & the South-East. Proud B Corp.","Restaurants & Bars",52532,2,"Loved it at first",""
"www.oddbox.co.uk","We are the UK’s fruit & veg box that fights food waste. We work closely with farmers & growers from all across the UK (& abroad), to rescue & fill up our boxes full of fresh, seasonal fruit & veg which are at risk of going to waste. The reason for this? They're simply seen as ""too oddly shaped"", ""too oddly sized"", or even just - ""too many"". Delivering all across London & the South-East. Proud B Corp.","Restaurants & Bars",52533,2,"Very disappointed with my small box at…",""
"www.oddbox.co.uk","We are the UK’s fruit & veg box that fights food waste. We work closely with farmers & growers from all across the UK (& abroad), to rescue & fill up our boxes full of fresh, seasonal fruit & veg which are at risk of going to waste. The reason for this? They're simply seen as ""too oddly shaped"", ""too oddly sized"", or even just - ""too many"". Delivering all across London & the South-East. Proud B Corp.","Restaurants & Bars",52534,2,"Cancelled our subscription last week",""
"gousto.co.uk","We believe home cooking is important. So we made it simple. When life gets busy, cooking’s often the first thing to go. With a Gousto recipe box, you choose recipes you’d like to cook, and we deliver the perfectly measured ingredients plus foolproof recipe cards. Create delicious, wholesome meals to share with those you love.

Visit www.gousto.co.uk","Restaurants & Bars",52565,5,"New to Guosto but very impressed ",""
"gousto.co.uk","We believe home cooking is important. So we made it simple. When life gets busy, cooking’s often the first thing to go. With a Gousto recipe box, you choose recipes you’d like to cook, and we deliver the perfectly measured ingredients plus foolproof recipe cards. Create delicious, wholesome meals to share with those you love.

Visit www.gousto.co.uk","Restaurants & Bars",52566,5,"Love Gousto but the app keeps logging…",""
"gousto.co.uk","We believe home cooking is important. So we made it simple. When life gets busy, cooking’s often the first thing to go. With a Gousto recipe box, you choose recipes you’d like to cook, and we deliver the perfectly measured ingredients plus foolproof recipe cards. Create delicious, wholesome meals to share with those you love.

Visit www.gousto.co.uk","Restaurants & Bars",52567,5,"Very good service",""
"gousto.co.uk","We believe home cooking is important. So we made it simple. When life gets busy, cooking’s often the first thing to go. With a Gousto recipe box, you choose recipes you’d like to cook, and we deliver the perfectly measured ingredients plus foolproof recipe cards. Create delicious, wholesome meals to share with those you love.

Visit www.gousto.co.uk","Restaurants & Bars",52568,5,"Best food service on the market. ",""
"gousto.co.uk","We believe home cooking is important. So we made it simple. When life gets busy, cooking’s often the first thing to go. With a Gousto recipe box, you choose recipes you’d like to cook, and we deliver the perfectly measured ingredients plus foolproof recipe cards. Create delicious, wholesome meals to share with those you love.

Visit www.gousto.co.uk","Restaurants & Bars",52569,5,"Had a gorg night with my friend",""
"gousto.co.uk","We believe home cooking is important. So we made it simple. When life gets busy, cooking’s often the first thing to go. With a Gousto recipe box, you choose recipes you’d like to cook, and we deliver the perfectly measured ingredients plus foolproof recipe cards. Create delicious, wholesome meals to share with those you love.

Visit www.gousto.co.uk","Restaurants & Bars",52570,5,"Love Gusto - 5 STARS all the way! ",""
"gousto.co.uk","We believe home cooking is important. So we made it simple. When life gets busy, cooking’s often the first thing to go. With a Gousto recipe box, you choose recipes you’d like to cook, and we deliver the perfectly measured ingredients plus foolproof recipe cards. Create delicious, wholesome meals to share with those you love.

Visit www.gousto.co.uk","Restaurants & Bars",52571,5,"I would like to take back my previous…",""
"gousto.co.uk","We believe home cooking is important. So we made it simple. When life gets busy, cooking’s often the first thing to go. With a Gousto recipe box, you choose recipes you’d like to cook, and we deliver the perfectly measured ingredients plus foolproof recipe cards. Create delicious, wholesome meals to share with those you love.

Visit www.gousto.co.uk","Restaurants & Bars",52572,5,"We love it ",""
"gousto.co.uk","We believe home cooking is important. So we made it simple. When life gets busy, cooking’s often the first thing to go. With a Gousto recipe box, you choose recipes you’d like to cook, and we deliver the perfectly measured ingredients plus foolproof recipe cards. Create delicious, wholesome meals to share with those you love.

Visit www.gousto.co.uk","Restaurants & Bars",52573,5,"Amazing ",""
"gousto.co.uk","We believe home cooking is important. So we made it simple. When life gets busy, cooking’s often the first thing to go. With a Gousto recipe box, you choose recipes you’d like to cook, and we deliver the perfectly measured ingredients plus foolproof recipe cards. Create delicious, wholesome meals to share with those you love.

Visit www.gousto.co.uk","Restaurants & Bars",52574,5,"Absolutely love Gousto!",""
"gousto.co.uk","We believe home cooking is important. So we made it simple. When life gets busy, cooking’s often the first thing to go. With a Gousto recipe box, you choose recipes you’d like to cook, and we deliver the perfectly measured ingredients plus foolproof recipe cards. Create delicious, wholesome meals to share with those you love.

Visit www.gousto.co.uk","Restaurants & Bars",52585,4,"Convenient, occasionally fresh produce not so good",""
"gousto.co.uk","We believe home cooking is important. So we made it simple. When life gets busy, cooking’s often the first thing to go. With a Gousto recipe box, you choose recipes you’d like to cook, and we deliver the perfectly measured ingredients plus foolproof recipe cards. Create delicious, wholesome meals to share with those you love.

Visit www.gousto.co.uk","Restaurants & Bars",52586,4,"No Keto/diabetic option",""
"gousto.co.uk","We believe home cooking is important. So we made it simple. When life gets busy, cooking’s often the first thing to go. With a Gousto recipe box, you choose recipes you’d like to cook, and we deliver the perfectly measured ingredients plus foolproof recipe cards. Create delicious, wholesome meals to share with those you love.

Visit www.gousto.co.uk","Restaurants & Bars",52587,4,"3 very tasty dishes however",""
"gousto.co.uk","We believe home cooking is important. So we made it simple. When life gets busy, cooking’s often the first thing to go. With a Gousto recipe box, you choose recipes you’d like to cook, and we deliver the perfectly measured ingredients plus foolproof recipe cards. Create delicious, wholesome meals to share with those you love.

Visit www.gousto.co.uk","Restaurants & Bars",52588,4,"Love Gousto delivery is fast",""
"gousto.co.uk","We believe home cooking is important. So we made it simple. When life gets busy, cooking’s often the first thing to go. With a Gousto recipe box, you choose recipes you’d like to cook, and we deliver the perfectly measured ingredients plus foolproof recipe cards. Create delicious, wholesome meals to share with those you love.

Visit www.gousto.co.uk","Restaurants & Bars",52589,4,"I enjoyed the experience of varied…",""
"gousto.co.uk","We believe home cooking is important. So we made it simple. When life gets busy, cooking’s often the first thing to go. With a Gousto recipe box, you choose recipes you’d like to cook, and we deliver the perfectly measured ingredients plus foolproof recipe cards. Create delicious, wholesome meals to share with those you love.

Visit www.gousto.co.uk","Restaurants & Bars",52590,4,"A great idea but not quite right for me",""
"gousto.co.uk","We believe home cooking is important. So we made it simple. When life gets busy, cooking’s often the first thing to go. With a Gousto recipe box, you choose recipes you’d like to cook, and we deliver the perfectly measured ingredients plus foolproof recipe cards. Create delicious, wholesome meals to share with those you love.

Visit www.gousto.co.uk","Restaurants & Bars",52591,4,"I signed up a few weeks ago... Love it! ",""
"gousto.co.uk","We believe home cooking is important. So we made it simple. When life gets busy, cooking’s often the first thing to go. With a Gousto recipe box, you choose recipes you’d like to cook, and we deliver the perfectly measured ingredients plus foolproof recipe cards. Create delicious, wholesome meals to share with those you love.

Visit www.gousto.co.uk","Restaurants & Bars",52592,4,"High quality meals",""
"gousto.co.uk","We believe home cooking is important. So we made it simple. When life gets busy, cooking’s often the first thing to go. With a Gousto recipe box, you choose recipes you’d like to cook, and we deliver the perfectly measured ingredients plus foolproof recipe cards. Create delicious, wholesome meals to share with those you love.

Visit www.gousto.co.uk","Restaurants & Bars",52593,4,"Perfect apart from peas",""
"gousto.co.uk","We believe home cooking is important. So we made it simple. When life gets busy, cooking’s often the first thing to go. With a Gousto recipe box, you choose recipes you’d like to cook, and we deliver the perfectly measured ingredients plus foolproof recipe cards. Create delicious, wholesome meals to share with those you love.

Visit www.gousto.co.uk","Restaurants & Bars",52594,4,"Great quality food and takes the stress out of meal planning",""
"gousto.co.uk","We believe home cooking is important. So we made it simple. When life gets busy, cooking’s often the first thing to go. With a Gousto recipe box, you choose recipes you’d like to cook, and we deliver the perfectly measured ingredients plus foolproof recipe cards. Create delicious, wholesome meals to share with those you love.

Visit www.gousto.co.uk","Restaurants & Bars",52595,4,"Amazing",""
"gousto.co.uk","We believe home cooking is important. So we made it simple. When life gets busy, cooking’s often the first thing to go. With a Gousto recipe box, you choose recipes you’d like to cook, and we deliver the perfectly measured ingredients plus foolproof recipe cards. Create delicious, wholesome meals to share with those you love.

Visit www.gousto.co.uk","Restaurants & Bars",52596,4,"Really enjoying the different recipes",""
"gousto.co.uk","We believe home cooking is important. So we made it simple. When life gets busy, cooking’s often the first thing to go. With a Gousto recipe box, you choose recipes you’d like to cook, and we deliver the perfectly measured ingredients plus foolproof recipe cards. Create delicious, wholesome meals to share with those you love.

Visit www.gousto.co.uk","Restaurants & Bars",52597,4,"A mostly enjoyable experience ",""
"gousto.co.uk","We believe home cooking is important. So we made it simple. When life gets busy, cooking’s often the first thing to go. With a Gousto recipe box, you choose recipes you’d like to cook, and we deliver the perfectly measured ingredients plus foolproof recipe cards. Create delicious, wholesome meals to share with those you love.

Visit www.gousto.co.uk","Restaurants & Bars",52598,4,"Great! Only fault one missing sweet potato. ",""
"gousto.co.uk","We believe home cooking is important. So we made it simple. When life gets busy, cooking’s often the first thing to go. With a Gousto recipe box, you choose recipes you’d like to cook, and we deliver the perfectly measured ingredients plus foolproof recipe cards. Create delicious, wholesome meals to share with those you love.

Visit www.gousto.co.uk","Restaurants & Bars",52599,4,"Supper time",""
"gousto.co.uk","We believe home cooking is important. So we made it simple. When life gets busy, cooking’s often the first thing to go. With a Gousto recipe box, you choose recipes you’d like to cook, and we deliver the perfectly measured ingredients plus foolproof recipe cards. Create delicious, wholesome meals to share with those you love.

Visit www.gousto.co.uk","Restaurants & Bars",52600,4,"Great recipes",""
"gousto.co.uk","We believe home cooking is important. So we made it simple. When life gets busy, cooking’s often the first thing to go. With a Gousto recipe box, you choose recipes you’d like to cook, and we deliver the perfectly measured ingredients plus foolproof recipe cards. Create delicious, wholesome meals to share with those you love.

Visit www.gousto.co.uk","Restaurants & Bars",52601,4,"The recipes are so easy to follow …",""
"gousto.co.uk","We believe home cooking is important. So we made it simple. When life gets busy, cooking’s often the first thing to go. With a Gousto recipe box, you choose recipes you’d like to cook, and we deliver the perfectly measured ingredients plus foolproof recipe cards. Create delicious, wholesome meals to share with those you love.

Visit www.gousto.co.uk","Restaurants & Bars",52602,4,"Enjoyed Gusto and new recipes",""
"gousto.co.uk","We believe home cooking is important. So we made it simple. When life gets busy, cooking’s often the first thing to go. With a Gousto recipe box, you choose recipes you’d like to cook, and we deliver the perfectly measured ingredients plus foolproof recipe cards. Create delicious, wholesome meals to share with those you love.

Visit www.gousto.co.uk","Restaurants & Bars",52603,4," My latest bix",""
"gousto.co.uk","We believe home cooking is important. So we made it simple. When life gets busy, cooking’s often the first thing to go. With a Gousto recipe box, you choose recipes you’d like to cook, and we deliver the perfectly measured ingredients plus foolproof recipe cards. Create delicious, wholesome meals to share with those you love.

Visit www.gousto.co.uk","Restaurants & Bars",52604,4,"Really good choice ",""
"gousto.co.uk","We believe home cooking is important. So we made it simple. When life gets busy, cooking’s often the first thing to go. With a Gousto recipe box, you choose recipes you’d like to cook, and we deliver the perfectly measured ingredients plus foolproof recipe cards. Create delicious, wholesome meals to share with those you love.

Visit www.gousto.co.uk","Restaurants & Bars",52605,3,"Awful phone line if you get through to…",""
"gousto.co.uk","We believe home cooking is important. So we made it simple. When life gets busy, cooking’s often the first thing to go. With a Gousto recipe box, you choose recipes you’d like to cook, and we deliver the perfectly measured ingredients plus foolproof recipe cards. Create delicious, wholesome meals to share with those you love.

Visit www.gousto.co.uk","Restaurants & Bars",52606,3,"I ordered 2 meal choices ",""
"gousto.co.uk","We believe home cooking is important. So we made it simple. When life gets busy, cooking’s often the first thing to go. With a Gousto recipe box, you choose recipes you’d like to cook, and we deliver the perfectly measured ingredients plus foolproof recipe cards. Create delicious, wholesome meals to share with those you love.

Visit www.gousto.co.uk","Restaurants & Bars",52607,3,"Poor quality and very small portions.",""
"gousto.co.uk","We believe home cooking is important. So we made it simple. When life gets busy, cooking’s often the first thing to go. With a Gousto recipe box, you choose recipes you’d like to cook, and we deliver the perfectly measured ingredients plus foolproof recipe cards. Create delicious, wholesome meals to share with those you love.

Visit www.gousto.co.uk","Restaurants & Bars",52608,3," Big drop in quality ",""
"gousto.co.uk","We believe home cooking is important. So we made it simple. When life gets busy, cooking’s often the first thing to go. With a Gousto recipe box, you choose recipes you’d like to cook, and we deliver the perfectly measured ingredients plus foolproof recipe cards. Create delicious, wholesome meals to share with those you love.

Visit www.gousto.co.uk","Restaurants & Bars",52609,3,"Beware of scanning the 25% off QR code…",""
"gousto.co.uk","We believe home cooking is important. So we made it simple. When life gets busy, cooking’s often the first thing to go. With a Gousto recipe box, you choose recipes you’d like to cook, and we deliver the perfectly measured ingredients plus foolproof recipe cards. Create delicious, wholesome meals to share with those you love.

Visit www.gousto.co.uk","Restaurants & Bars",52610,3,"Great delivery/promo value.  Very little enjoyment ",""
"gousto.co.uk","We believe home cooking is important. So we made it simple. When life gets busy, cooking’s often the first thing to go. With a Gousto recipe box, you choose recipes you’d like to cook, and we deliver the perfectly measured ingredients plus foolproof recipe cards. Create delicious, wholesome meals to share with those you love.

Visit www.gousto.co.uk","Restaurants & Bars",52611,3,"Non UK Ingredients",""
"gousto.co.uk","We believe home cooking is important. So we made it simple. When life gets busy, cooking’s often the first thing to go. With a Gousto recipe box, you choose recipes you’d like to cook, and we deliver the perfectly measured ingredients plus foolproof recipe cards. Create delicious, wholesome meals to share with those you love.

Visit www.gousto.co.uk","Restaurants & Bars",52612,3,"Lovely food - not so good packaging ",""
"gousto.co.uk","We believe home cooking is important. So we made it simple. When life gets busy, cooking’s often the first thing to go. With a Gousto recipe box, you choose recipes you’d like to cook, and we deliver the perfectly measured ingredients plus foolproof recipe cards. Create delicious, wholesome meals to share with those you love.

Visit www.gousto.co.uk","Restaurants & Bars",52613,3,"Good Food. Terrible Customer Service and Delivery",""
"gousto.co.uk","We believe home cooking is important. So we made it simple. When life gets busy, cooking’s often the first thing to go. With a Gousto recipe box, you choose recipes you’d like to cook, and we deliver the perfectly measured ingredients plus foolproof recipe cards. Create delicious, wholesome meals to share with those you love.

Visit www.gousto.co.uk","Restaurants & Bars",52614,3,"Food is good, delivery isn't!",""
"gousto.co.uk","We believe home cooking is important. So we made it simple. When life gets busy, cooking’s often the first thing to go. With a Gousto recipe box, you choose recipes you’d like to cook, and we deliver the perfectly measured ingredients plus foolproof recipe cards. Create delicious, wholesome meals to share with those you love.

Visit www.gousto.co.uk","Restaurants & Bars",52615,3,"Great for people who don't like cooking! ",""
"gousto.co.uk","We believe home cooking is important. So we made it simple. When life gets busy, cooking’s often the first thing to go. With a Gousto recipe box, you choose recipes you’d like to cook, and we deliver the perfectly measured ingredients plus foolproof recipe cards. Create delicious, wholesome meals to share with those you love.

Visit www.gousto.co.uk","Restaurants & Bars",52616,3,"Sometimes there is limited meals ",""
"gousto.co.uk","We believe home cooking is important. So we made it simple. When life gets busy, cooking’s often the first thing to go. With a Gousto recipe box, you choose recipes you’d like to cook, and we deliver the perfectly measured ingredients plus foolproof recipe cards. Create delicious, wholesome meals to share with those you love.

Visit www.gousto.co.uk","Restaurants & Bars",52617,3,"Not great ",""
"gousto.co.uk","We believe home cooking is important. So we made it simple. When life gets busy, cooking’s often the first thing to go. With a Gousto recipe box, you choose recipes you’d like to cook, and we deliver the perfectly measured ingredients plus foolproof recipe cards. Create delicious, wholesome meals to share with those you love.

Visit www.gousto.co.uk","Restaurants & Bars",52618,3,"Would be best if moved back to DPD rather than Yodel",""
"gousto.co.uk","We believe home cooking is important. So we made it simple. When life gets busy, cooking’s often the first thing to go. With a Gousto recipe box, you choose recipes you’d like to cook, and we deliver the perfectly measured ingredients plus foolproof recipe cards. Create delicious, wholesome meals to share with those you love.

Visit www.gousto.co.uk","Restaurants & Bars",52619,3,"Not Bad for Newbies ",""
"gousto.co.uk","We believe home cooking is important. So we made it simple. When life gets busy, cooking’s often the first thing to go. With a Gousto recipe box, you choose recipes you’d like to cook, and we deliver the perfectly measured ingredients plus foolproof recipe cards. Create delicious, wholesome meals to share with those you love.

Visit www.gousto.co.uk","Restaurants & Bars",52620,3,"Recent changes ",""
"gousto.co.uk","We believe home cooking is important. So we made it simple. When life gets busy, cooking’s often the first thing to go. With a Gousto recipe box, you choose recipes you’d like to cook, and we deliver the perfectly measured ingredients plus foolproof recipe cards. Create delicious, wholesome meals to share with those you love.

Visit www.gousto.co.uk","Restaurants & Bars",52621,3,"Red Thai curry last night carbanara…",""
"gousto.co.uk","We believe home cooking is important. So we made it simple. When life gets busy, cooking’s often the first thing to go. With a Gousto recipe box, you choose recipes you’d like to cook, and we deliver the perfectly measured ingredients plus foolproof recipe cards. Create delicious, wholesome meals to share with those you love.

Visit www.gousto.co.uk","Restaurants & Bars",52622,3,"Too much packaging for me",""
"gousto.co.uk","We believe home cooking is important. So we made it simple. When life gets busy, cooking’s often the first thing to go. With a Gousto recipe box, you choose recipes you’d like to cook, and we deliver the perfectly measured ingredients plus foolproof recipe cards. Create delicious, wholesome meals to share with those you love.

Visit www.gousto.co.uk","Restaurants & Bars",52623,3,"Gousto is good quality and convenient ",""
"gousto.co.uk","We believe home cooking is important. So we made it simple. When life gets busy, cooking’s often the first thing to go. With a Gousto recipe box, you choose recipes you’d like to cook, and we deliver the perfectly measured ingredients plus foolproof recipe cards. Create delicious, wholesome meals to share with those you love.

Visit www.gousto.co.uk","Restaurants & Bars",52624,3,"I didn’t really like Gousto ",""
"gousto.co.uk","We believe home cooking is important. So we made it simple. When life gets busy, cooking’s often the first thing to go. With a Gousto recipe box, you choose recipes you’d like to cook, and we deliver the perfectly measured ingredients plus foolproof recipe cards. Create delicious, wholesome meals to share with those you love.

Visit www.gousto.co.uk","Restaurants & Bars",52625,2,"Holding Payments ",""
"gousto.co.uk","We believe home cooking is important. So we made it simple. When life gets busy, cooking’s often the first thing to go. With a Gousto recipe box, you choose recipes you’d like to cook, and we deliver the perfectly measured ingredients plus foolproof recipe cards. Create delicious, wholesome meals to share with those you love.

Visit www.gousto.co.uk","Restaurants & Bars",52626,2,"Bovaer - about to cancel the service. ",""
"gousto.co.uk","We believe home cooking is important. So we made it simple. When life gets busy, cooking’s often the first thing to go. With a Gousto recipe box, you choose recipes you’d like to cook, and we deliver the perfectly measured ingredients plus foolproof recipe cards. Create delicious, wholesome meals to share with those you love.

Visit www.gousto.co.uk","Restaurants & Bars",52627,2,"Poor Ingredients/Missed Delivery",""
"gousto.co.uk","We believe home cooking is important. So we made it simple. When life gets busy, cooking’s often the first thing to go. With a Gousto recipe box, you choose recipes you’d like to cook, and we deliver the perfectly measured ingredients plus foolproof recipe cards. Create delicious, wholesome meals to share with those you love.

Visit www.gousto.co.uk","Restaurants & Bars",52628,2,"Gousto is losing its USP drastically ",""
"gousto.co.uk","We believe home cooking is important. So we made it simple. When life gets busy, cooking’s often the first thing to go. With a Gousto recipe box, you choose recipes you’d like to cook, and we deliver the perfectly measured ingredients plus foolproof recipe cards. Create delicious, wholesome meals to share with those you love.

Visit www.gousto.co.uk","Restaurants & Bars",52629,2,"They use Yodel for delivery ",""
"gousto.co.uk","We believe home cooking is important. So we made it simple. When life gets busy, cooking’s often the first thing to go. With a Gousto recipe box, you choose recipes you’d like to cook, and we deliver the perfectly measured ingredients plus foolproof recipe cards. Create delicious, wholesome meals to share with those you love.

Visit www.gousto.co.uk","Restaurants & Bars",52630,2,"Halloumi cheese 3 months out of date",""
"gousto.co.uk","We believe home cooking is important. So we made it simple. When life gets busy, cooking’s often the first thing to go. With a Gousto recipe box, you choose recipes you’d like to cook, and we deliver the perfectly measured ingredients plus foolproof recipe cards. Create delicious, wholesome meals to share with those you love.

Visit www.gousto.co.uk","Restaurants & Bars",52631,2,"Our delivery didn't turn up yesterday…",""
"gousto.co.uk","We believe home cooking is important. So we made it simple. When life gets busy, cooking’s often the first thing to go. With a Gousto recipe box, you choose recipes you’d like to cook, and we deliver the perfectly measured ingredients plus foolproof recipe cards. Create delicious, wholesome meals to share with those you love.

Visit www.gousto.co.uk","Restaurants & Bars",52632,2,"Poor quality ingredients, tiny portions and poor customer service ",""
"gousto.co.uk","We believe home cooking is important. So we made it simple. When life gets busy, cooking’s often the first thing to go. With a Gousto recipe box, you choose recipes you’d like to cook, and we deliver the perfectly measured ingredients plus foolproof recipe cards. Create delicious, wholesome meals to share with those you love.

Visit www.gousto.co.uk","Restaurants & Bars",52633,2,"If it ain't broke, don't fix it...",""
"gousto.co.uk","We believe home cooking is important. So we made it simple. When life gets busy, cooking’s often the first thing to go. With a Gousto recipe box, you choose recipes you’d like to cook, and we deliver the perfectly measured ingredients plus foolproof recipe cards. Create delicious, wholesome meals to share with those you love.

Visit www.gousto.co.uk","Restaurants & Bars",52634,2,"Put some effort in Gousto.",""
"simplycook.com","

At SimplyCook we want to get Britain cooking! Despite our nation’s love of food, recipe programs and celebrity chefs, most of us only have 6 meals or less in our repertoire. We aim to change that by making cooking a simple and hassle free process so you can expand your repertoire with ease!

😋 We love flavour – we want your dinners to taste amazing.
💷 We want to save you money – our short shopping lists mean you don’t have to buy 20 ingredients to cook a tasty new recipe and our meals work out between £2 and £6 per person in total.
⏱Ultimate convenience – you can use our kits when you want, cooking takes around 20 minutes, and the items you have to add are easily accessible.

👋 We're a small company and really care about our customers. If you have an issue, we want to put it right straight away. Everyone from the team reads and replies to reviews and we take all your feedback and suggestions on board. ","Restaurants & Bars",52665,5,"The Best",""
"simplycook.com","

At SimplyCook we want to get Britain cooking! Despite our nation’s love of food, recipe programs and celebrity chefs, most of us only have 6 meals or less in our repertoire. We aim to change that by making cooking a simple and hassle free process so you can expand your repertoire with ease!

😋 We love flavour – we want your dinners to taste amazing.
💷 We want to save you money – our short shopping lists mean you don’t have to buy 20 ingredients to cook a tasty new recipe and our meals work out between £2 and £6 per person in total.
⏱Ultimate convenience – you can use our kits when you want, cooking takes around 20 minutes, and the items you have to add are easily accessible.

👋 We're a small company and really care about our customers. If you have an issue, we want to put it right straight away. Everyone from the team reads and replies to reviews and we take all your feedback and suggestions on board. ","Restaurants & Bars",52666,5,"I tried the 7 days free trial and…",""
"simplycook.com","

At SimplyCook we want to get Britain cooking! Despite our nation’s love of food, recipe programs and celebrity chefs, most of us only have 6 meals or less in our repertoire. We aim to change that by making cooking a simple and hassle free process so you can expand your repertoire with ease!

😋 We love flavour – we want your dinners to taste amazing.
💷 We want to save you money – our short shopping lists mean you don’t have to buy 20 ingredients to cook a tasty new recipe and our meals work out between £2 and £6 per person in total.
⏱Ultimate convenience – you can use our kits when you want, cooking takes around 20 minutes, and the items you have to add are easily accessible.

👋 We're a small company and really care about our customers. If you have an issue, we want to put it right straight away. Everyone from the team reads and replies to reviews and we take all your feedback and suggestions on board. ","Restaurants & Bars",52667,5,"Great products, they are amazing.",""
"simplycook.com","

At SimplyCook we want to get Britain cooking! Despite our nation’s love of food, recipe programs and celebrity chefs, most of us only have 6 meals or less in our repertoire. We aim to change that by making cooking a simple and hassle free process so you can expand your repertoire with ease!

😋 We love flavour – we want your dinners to taste amazing.
💷 We want to save you money – our short shopping lists mean you don’t have to buy 20 ingredients to cook a tasty new recipe and our meals work out between £2 and £6 per person in total.
⏱Ultimate convenience – you can use our kits when you want, cooking takes around 20 minutes, and the items you have to add are easily accessible.

👋 We're a small company and really care about our customers. If you have an issue, we want to put it right straight away. Everyone from the team reads and replies to reviews and we take all your feedback and suggestions on board. ","Restaurants & Bars",52668,5,"Fantastic range of tastes...",""
"simplycook.com","

At SimplyCook we want to get Britain cooking! Despite our nation’s love of food, recipe programs and celebrity chefs, most of us only have 6 meals or less in our repertoire. We aim to change that by making cooking a simple and hassle free process so you can expand your repertoire with ease!

😋 We love flavour – we want your dinners to taste amazing.
💷 We want to save you money – our short shopping lists mean you don’t have to buy 20 ingredients to cook a tasty new recipe and our meals work out between £2 and £6 per person in total.
⏱Ultimate convenience – you can use our kits when you want, cooking takes around 20 minutes, and the items you have to add are easily accessible.

👋 We're a small company and really care about our customers. If you have an issue, we want to put it right straight away. Everyone from the team reads and replies to reviews and we take all your feedback and suggestions on board. ","Restaurants & Bars",52669,5,"Outstanding Customer Service I have only communicated with this…",""
"simplycook.com","

At SimplyCook we want to get Britain cooking! Despite our nation’s love of food, recipe programs and celebrity chefs, most of us only have 6 meals or less in our repertoire. We aim to change that by making cooking a simple and hassle free process so you can expand your repertoire with ease!

😋 We love flavour – we want your dinners to taste amazing.
💷 We want to save you money – our short shopping lists mean you don’t have to buy 20 ingredients to cook a tasty new recipe and our meals work out between £2 and £6 per person in total.
⏱Ultimate convenience – you can use our kits when you want, cooking takes around 20 minutes, and the items you have to add are easily accessible.

👋 We're a small company and really care about our customers. If you have an issue, we want to put it right straight away. Everyone from the team reads and replies to reviews and we take all your feedback and suggestions on board. ","Restaurants & Bars",52670,5,"Responses always quick and friendly",""
"simplycook.com","

At SimplyCook we want to get Britain cooking! Despite our nation’s love of food, recipe programs and celebrity chefs, most of us only have 6 meals or less in our repertoire. We aim to change that by making cooking a simple and hassle free process so you can expand your repertoire with ease!

😋 We love flavour – we want your dinners to taste amazing.
💷 We want to save you money – our short shopping lists mean you don’t have to buy 20 ingredients to cook a tasty new recipe and our meals work out between £2 and £6 per person in total.
⏱Ultimate convenience – you can use our kits when you want, cooking takes around 20 minutes, and the items you have to add are easily accessible.

👋 We're a small company and really care about our customers. If you have an issue, we want to put it right straight away. Everyone from the team reads and replies to reviews and we take all your feedback and suggestions on board. ","Restaurants & Bars",52671,5,"It’s exactly as it says. Simply cook",""
"simplycook.com","

At SimplyCook we want to get Britain cooking! Despite our nation’s love of food, recipe programs and celebrity chefs, most of us only have 6 meals or less in our repertoire. We aim to change that by making cooking a simple and hassle free process so you can expand your repertoire with ease!

😋 We love flavour – we want your dinners to taste amazing.
💷 We want to save you money – our short shopping lists mean you don’t have to buy 20 ingredients to cook a tasty new recipe and our meals work out between £2 and £6 per person in total.
⏱Ultimate convenience – you can use our kits when you want, cooking takes around 20 minutes, and the items you have to add are easily accessible.

👋 We're a small company and really care about our customers. If you have an issue, we want to put it right straight away. Everyone from the team reads and replies to reviews and we take all your feedback and suggestions on board. ","Restaurants & Bars",52672,5,"First class servicerder…",""
"simplycook.com","

At SimplyCook we want to get Britain cooking! Despite our nation’s love of food, recipe programs and celebrity chefs, most of us only have 6 meals or less in our repertoire. We aim to change that by making cooking a simple and hassle free process so you can expand your repertoire with ease!

😋 We love flavour – we want your dinners to taste amazing.
💷 We want to save you money – our short shopping lists mean you don’t have to buy 20 ingredients to cook a tasty new recipe and our meals work out between £2 and £6 per person in total.
⏱Ultimate convenience – you can use our kits when you want, cooking takes around 20 minutes, and the items you have to add are easily accessible.

👋 We're a small company and really care about our customers. If you have an issue, we want to put it right straight away. Everyone from the team reads and replies to reviews and we take all your feedback and suggestions on board. ","Restaurants & Bars",52673,5,"Great customer service",""
"simplycook.com","

At SimplyCook we want to get Britain cooking! Despite our nation’s love of food, recipe programs and celebrity chefs, most of us only have 6 meals or less in our repertoire. We aim to change that by making cooking a simple and hassle free process so you can expand your repertoire with ease!

😋 We love flavour – we want your dinners to taste amazing.
💷 We want to save you money – our short shopping lists mean you don’t have to buy 20 ingredients to cook a tasty new recipe and our meals work out between £2 and £6 per person in total.
⏱Ultimate convenience – you can use our kits when you want, cooking takes around 20 minutes, and the items you have to add are easily accessible.

👋 We're a small company and really care about our customers. If you have an issue, we want to put it right straight away. Everyone from the team reads and replies to reviews and we take all your feedback and suggestions on board. ","Restaurants & Bars",52674,5,"Excellent,prompt customer service-on…",""
"simplycook.com","

At SimplyCook we want to get Britain cooking! Despite our nation’s love of food, recipe programs and celebrity chefs, most of us only have 6 meals or less in our repertoire. We aim to change that by making cooking a simple and hassle free process so you can expand your repertoire with ease!

😋 We love flavour – we want your dinners to taste amazing.
💷 We want to save you money – our short shopping lists mean you don’t have to buy 20 ingredients to cook a tasty new recipe and our meals work out between £2 and £6 per person in total.
⏱Ultimate convenience – you can use our kits when you want, cooking takes around 20 minutes, and the items you have to add are easily accessible.

👋 We're a small company and really care about our customers. If you have an issue, we want to put it right straight away. Everyone from the team reads and replies to reviews and we take all your feedback and suggestions on board. ","Restaurants & Bars",52685,4," Perfect Curry Every Time          I found Simply cook was efficient and…",""
"simplycook.com","

At SimplyCook we want to get Britain cooking! Despite our nation’s love of food, recipe programs and celebrity chefs, most of us only have 6 meals or less in our repertoire. We aim to change that by making cooking a simple and hassle free process so you can expand your repertoire with ease!

😋 We love flavour – we want your dinners to taste amazing.
💷 We want to save you money – our short shopping lists mean you don’t have to buy 20 ingredients to cook a tasty new recipe and our meals work out between £2 and £6 per person in total.
⏱Ultimate convenience – you can use our kits when you want, cooking takes around 20 minutes, and the items you have to add are easily accessible.

👋 We're a small company and really care about our customers. If you have an issue, we want to put it right straight away. Everyone from the team reads and replies to reviews and we take all your feedback and suggestions on board. ","Restaurants & Bars",52686,4,"Natural Spices",""
"simplycook.com","

At SimplyCook we want to get Britain cooking! Despite our nation’s love of food, recipe programs and celebrity chefs, most of us only have 6 meals or less in our repertoire. We aim to change that by making cooking a simple and hassle free process so you can expand your repertoire with ease!

😋 We love flavour – we want your dinners to taste amazing.
💷 We want to save you money – our short shopping lists mean you don’t have to buy 20 ingredients to cook a tasty new recipe and our meals work out between £2 and £6 per person in total.
⏱Ultimate convenience – you can use our kits when you want, cooking takes around 20 minutes, and the items you have to add are easily accessible.

👋 We're a small company and really care about our customers. If you have an issue, we want to put it right straight away. Everyone from the team reads and replies to reviews and we take all your feedback and suggestions on board. ","Restaurants & Bars",52687,4,"Not bad",""
"simplycook.com","

At SimplyCook we want to get Britain cooking! Despite our nation’s love of food, recipe programs and celebrity chefs, most of us only have 6 meals or less in our repertoire. We aim to change that by making cooking a simple and hassle free process so you can expand your repertoire with ease!

😋 We love flavour – we want your dinners to taste amazing.
💷 We want to save you money – our short shopping lists mean you don’t have to buy 20 ingredients to cook a tasty new recipe and our meals work out between £2 and £6 per person in total.
⏱Ultimate convenience – you can use our kits when you want, cooking takes around 20 minutes, and the items you have to add are easily accessible.

👋 We're a small company and really care about our customers. If you have an issue, we want to put it right straight away. Everyone from the team reads and replies to reviews and we take all your feedback and suggestions on board. ","Restaurants & Bars",52688,4,"I unwittingly signed up to 'SimplyCook'…",""
"simplycook.com","

At SimplyCook we want to get Britain cooking! Despite our nation’s love of food, recipe programs and celebrity chefs, most of us only have 6 meals or less in our repertoire. We aim to change that by making cooking a simple and hassle free process so you can expand your repertoire with ease!

😋 We love flavour – we want your dinners to taste amazing.
💷 We want to save you money – our short shopping lists mean you don’t have to buy 20 ingredients to cook a tasty new recipe and our meals work out between £2 and £6 per person in total.
⏱Ultimate convenience – you can use our kits when you want, cooking takes around 20 minutes, and the items you have to add are easily accessible.

👋 We're a small company and really care about our customers. If you have an issue, we want to put it right straight away. Everyone from the team reads and replies to reviews and we take all your feedback and suggestions on board. ","Restaurants & Bars",52689,4,"I paid for a set of 4 spices",""
"simplycook.com","

At SimplyCook we want to get Britain cooking! Despite our nation’s love of food, recipe programs and celebrity chefs, most of us only have 6 meals or less in our repertoire. We aim to change that by making cooking a simple and hassle free process so you can expand your repertoire with ease!

😋 We love flavour – we want your dinners to taste amazing.
💷 We want to save you money – our short shopping lists mean you don’t have to buy 20 ingredients to cook a tasty new recipe and our meals work out between £2 and £6 per person in total.
⏱Ultimate convenience – you can use our kits when you want, cooking takes around 20 minutes, and the items you have to add are easily accessible.

👋 We're a small company and really care about our customers. If you have an issue, we want to put it right straight away. Everyone from the team reads and replies to reviews and we take all your feedback and suggestions on board. ","Restaurants & Bars",52690,4,"Great tastes for such a hassle free…",""
"simplycook.com","

At SimplyCook we want to get Britain cooking! Despite our nation’s love of food, recipe programs and celebrity chefs, most of us only have 6 meals or less in our repertoire. We aim to change that by making cooking a simple and hassle free process so you can expand your repertoire with ease!

😋 We love flavour – we want your dinners to taste amazing.
💷 We want to save you money – our short shopping lists mean you don’t have to buy 20 ingredients to cook a tasty new recipe and our meals work out between £2 and £6 per person in total.
⏱Ultimate convenience – you can use our kits when you want, cooking takes around 20 minutes, and the items you have to add are easily accessible.

👋 We're a small company and really care about our customers. If you have an issue, we want to put it right straight away. Everyone from the team reads and replies to reviews and we take all your feedback and suggestions on board. ","Restaurants & Bars",52691,4,"Really happy with the recipe pots!",""
"simplycook.com","

At SimplyCook we want to get Britain cooking! Despite our nation’s love of food, recipe programs and celebrity chefs, most of us only have 6 meals or less in our repertoire. We aim to change that by making cooking a simple and hassle free process so you can expand your repertoire with ease!

😋 We love flavour – we want your dinners to taste amazing.
💷 We want to save you money – our short shopping lists mean you don’t have to buy 20 ingredients to cook a tasty new recipe and our meals work out between £2 and £6 per person in total.
⏱Ultimate convenience – you can use our kits when you want, cooking takes around 20 minutes, and the items you have to add are easily accessible.

👋 We're a small company and really care about our customers. If you have an issue, we want to put it right straight away. Everyone from the team reads and replies to reviews and we take all your feedback and suggestions on board. ","Restaurants & Bars",52692,4,"I had a lot of problems with my order…",""
"simplycook.com","

At SimplyCook we want to get Britain cooking! Despite our nation’s love of food, recipe programs and celebrity chefs, most of us only have 6 meals or less in our repertoire. We aim to change that by making cooking a simple and hassle free process so you can expand your repertoire with ease!

😋 We love flavour – we want your dinners to taste amazing.
💷 We want to save you money – our short shopping lists mean you don’t have to buy 20 ingredients to cook a tasty new recipe and our meals work out between £2 and £6 per person in total.
⏱Ultimate convenience – you can use our kits when you want, cooking takes around 20 minutes, and the items you have to add are easily accessible.

👋 We're a small company and really care about our customers. If you have an issue, we want to put it right straight away. Everyone from the team reads and replies to reviews and we take all your feedback and suggestions on board. ","Restaurants & Bars",52693,4,"Great recipes",""
"simplycook.com","

At SimplyCook we want to get Britain cooking! Despite our nation’s love of food, recipe programs and celebrity chefs, most of us only have 6 meals or less in our repertoire. We aim to change that by making cooking a simple and hassle free process so you can expand your repertoire with ease!

😋 We love flavour – we want your dinners to taste amazing.
💷 We want to save you money – our short shopping lists mean you don’t have to buy 20 ingredients to cook a tasty new recipe and our meals work out between £2 and £6 per person in total.
⏱Ultimate convenience – you can use our kits when you want, cooking takes around 20 minutes, and the items you have to add are easily accessible.

👋 We're a small company and really care about our customers. If you have an issue, we want to put it right straight away. Everyone from the team reads and replies to reviews and we take all your feedback and suggestions on board. ","Restaurants & Bars",52694,4,"Worth Trying as you may like them ",""
"simplycook.com","

At SimplyCook we want to get Britain cooking! Despite our nation’s love of food, recipe programs and celebrity chefs, most of us only have 6 meals or less in our repertoire. We aim to change that by making cooking a simple and hassle free process so you can expand your repertoire with ease!

😋 We love flavour – we want your dinners to taste amazing.
💷 We want to save you money – our short shopping lists mean you don’t have to buy 20 ingredients to cook a tasty new recipe and our meals work out between £2 and £6 per person in total.
⏱Ultimate convenience – you can use our kits when you want, cooking takes around 20 minutes, and the items you have to add are easily accessible.

👋 We're a small company and really care about our customers. If you have an issue, we want to put it right straight away. Everyone from the team reads and replies to reviews and we take all your feedback and suggestions on board. ","Restaurants & Bars",52695,4,"Delicious recipes, friendly staff",""
"simplycook.com","

At SimplyCook we want to get Britain cooking! Despite our nation’s love of food, recipe programs and celebrity chefs, most of us only have 6 meals or less in our repertoire. We aim to change that by making cooking a simple and hassle free process so you can expand your repertoire with ease!

😋 We love flavour – we want your dinners to taste amazing.
💷 We want to save you money – our short shopping lists mean you don’t have to buy 20 ingredients to cook a tasty new recipe and our meals work out between £2 and £6 per person in total.
⏱Ultimate convenience – you can use our kits when you want, cooking takes around 20 minutes, and the items you have to add are easily accessible.

👋 We're a small company and really care about our customers. If you have an issue, we want to put it right straight away. Everyone from the team reads and replies to reviews and we take all your feedback and suggestions on board. ","Restaurants & Bars",52696,4,"Great food and customer service. Limited recipe options for particular needs. ",""
"simplycook.com","

At SimplyCook we want to get Britain cooking! Despite our nation’s love of food, recipe programs and celebrity chefs, most of us only have 6 meals or less in our repertoire. We aim to change that by making cooking a simple and hassle free process so you can expand your repertoire with ease!

😋 We love flavour – we want your dinners to taste amazing.
💷 We want to save you money – our short shopping lists mean you don’t have to buy 20 ingredients to cook a tasty new recipe and our meals work out between £2 and £6 per person in total.
⏱Ultimate convenience – you can use our kits when you want, cooking takes around 20 minutes, and the items you have to add are easily accessible.

👋 We're a small company and really care about our customers. If you have an issue, we want to put it right straight away. Everyone from the team reads and replies to reviews and we take all your feedback and suggestions on board. ","Restaurants & Bars",52697,4,"Really Tasty Easy-to-Make Meals",""
"simplycook.com","

At SimplyCook we want to get Britain cooking! Despite our nation’s love of food, recipe programs and celebrity chefs, most of us only have 6 meals or less in our repertoire. We aim to change that by making cooking a simple and hassle free process so you can expand your repertoire with ease!

😋 We love flavour – we want your dinners to taste amazing.
💷 We want to save you money – our short shopping lists mean you don’t have to buy 20 ingredients to cook a tasty new recipe and our meals work out between £2 and £6 per person in total.
⏱Ultimate convenience – you can use our kits when you want, cooking takes around 20 minutes, and the items you have to add are easily accessible.

👋 We're a small company and really care about our customers. If you have an issue, we want to put it right straight away. Everyone from the team reads and replies to reviews and we take all your feedback and suggestions on board. ","Restaurants & Bars",52698,4,"Complicated website,good company though",""
"simplycook.com","

At SimplyCook we want to get Britain cooking! Despite our nation’s love of food, recipe programs and celebrity chefs, most of us only have 6 meals or less in our repertoire. We aim to change that by making cooking a simple and hassle free process so you can expand your repertoire with ease!

😋 We love flavour – we want your dinners to taste amazing.
💷 We want to save you money – our short shopping lists mean you don’t have to buy 20 ingredients to cook a tasty new recipe and our meals work out between £2 and £6 per person in total.
⏱Ultimate convenience – you can use our kits when you want, cooking takes around 20 minutes, and the items you have to add are easily accessible.

👋 We're a small company and really care about our customers. If you have an issue, we want to put it right straight away. Everyone from the team reads and replies to reviews and we take all your feedback and suggestions on board. ","Restaurants & Bars",52699,4,"If you love cooking...",""
"simplycook.com","

At SimplyCook we want to get Britain cooking! Despite our nation’s love of food, recipe programs and celebrity chefs, most of us only have 6 meals or less in our repertoire. We aim to change that by making cooking a simple and hassle free process so you can expand your repertoire with ease!

😋 We love flavour – we want your dinners to taste amazing.
💷 We want to save you money – our short shopping lists mean you don’t have to buy 20 ingredients to cook a tasty new recipe and our meals work out between £2 and £6 per person in total.
⏱Ultimate convenience – you can use our kits when you want, cooking takes around 20 minutes, and the items you have to add are easily accessible.

👋 We're a small company and really care about our customers. If you have an issue, we want to put it right straight away. Everyone from the team reads and replies to reviews and we take all your feedback and suggestions on board. ","Restaurants & Bars",52700,4,"I have been doing this subscription for…",""
"simplycook.com","

At SimplyCook we want to get Britain cooking! Despite our nation’s love of food, recipe programs and celebrity chefs, most of us only have 6 meals or less in our repertoire. We aim to change that by making cooking a simple and hassle free process so you can expand your repertoire with ease!

😋 We love flavour – we want your dinners to taste amazing.
💷 We want to save you money – our short shopping lists mean you don’t have to buy 20 ingredients to cook a tasty new recipe and our meals work out between £2 and £6 per person in total.
⏱Ultimate convenience – you can use our kits when you want, cooking takes around 20 minutes, and the items you have to add are easily accessible.

👋 We're a small company and really care about our customers. If you have an issue, we want to put it right straight away. Everyone from the team reads and replies to reviews and we take all your feedback and suggestions on board. ","Restaurants & Bars",52701,4,"The kits are fab, the website not so easy",""
"simplycook.com","

At SimplyCook we want to get Britain cooking! Despite our nation’s love of food, recipe programs and celebrity chefs, most of us only have 6 meals or less in our repertoire. We aim to change that by making cooking a simple and hassle free process so you can expand your repertoire with ease!

😋 We love flavour – we want your dinners to taste amazing.
💷 We want to save you money – our short shopping lists mean you don’t have to buy 20 ingredients to cook a tasty new recipe and our meals work out between £2 and £6 per person in total.
⏱Ultimate convenience – you can use our kits when you want, cooking takes around 20 minutes, and the items you have to add are easily accessible.

👋 We're a small company and really care about our customers. If you have an issue, we want to put it right straight away. Everyone from the team reads and replies to reviews and we take all your feedback and suggestions on board. ","Restaurants & Bars",52702,4,"Test it and then decide if it's really for you!",""
"simplycook.com","

At SimplyCook we want to get Britain cooking! Despite our nation’s love of food, recipe programs and celebrity chefs, most of us only have 6 meals or less in our repertoire. We aim to change that by making cooking a simple and hassle free process so you can expand your repertoire with ease!

😋 We love flavour – we want your dinners to taste amazing.
💷 We want to save you money – our short shopping lists mean you don’t have to buy 20 ingredients to cook a tasty new recipe and our meals work out between £2 and £6 per person in total.
⏱Ultimate convenience – you can use our kits when you want, cooking takes around 20 minutes, and the items you have to add are easily accessible.

👋 We're a small company and really care about our customers. If you have an issue, we want to put it right straight away. Everyone from the team reads and replies to reviews and we take all your feedback and suggestions on board. ","Restaurants & Bars",52703,4,"Great flavours and very easy recipes",""
"simplycook.com","

At SimplyCook we want to get Britain cooking! Despite our nation’s love of food, recipe programs and celebrity chefs, most of us only have 6 meals or less in our repertoire. We aim to change that by making cooking a simple and hassle free process so you can expand your repertoire with ease!

😋 We love flavour – we want your dinners to taste amazing.
💷 We want to save you money – our short shopping lists mean you don’t have to buy 20 ingredients to cook a tasty new recipe and our meals work out between £2 and £6 per person in total.
⏱Ultimate convenience – you can use our kits when you want, cooking takes around 20 minutes, and the items you have to add are easily accessible.

👋 We're a small company and really care about our customers. If you have an issue, we want to put it right straight away. Everyone from the team reads and replies to reviews and we take all your feedback and suggestions on board. ","Restaurants & Bars",52704,4,"The service is excellent and a speedy…",""
"simplycook.com","

At SimplyCook we want to get Britain cooking! Despite our nation’s love of food, recipe programs and celebrity chefs, most of us only have 6 meals or less in our repertoire. We aim to change that by making cooking a simple and hassle free process so you can expand your repertoire with ease!

😋 We love flavour – we want your dinners to taste amazing.
💷 We want to save you money – our short shopping lists mean you don’t have to buy 20 ingredients to cook a tasty new recipe and our meals work out between £2 and £6 per person in total.
⏱Ultimate convenience – you can use our kits when you want, cooking takes around 20 minutes, and the items you have to add are easily accessible.

👋 We're a small company and really care about our customers. If you have an issue, we want to put it right straight away. Everyone from the team reads and replies to reviews and we take all your feedback and suggestions on board. ","Restaurants & Bars",52705,3,"Food is quite tasty delivery rather…",""
"simplycook.com","

At SimplyCook we want to get Britain cooking! Despite our nation’s love of food, recipe programs and celebrity chefs, most of us only have 6 meals or less in our repertoire. We aim to change that by making cooking a simple and hassle free process so you can expand your repertoire with ease!

😋 We love flavour – we want your dinners to taste amazing.
💷 We want to save you money – our short shopping lists mean you don’t have to buy 20 ingredients to cook a tasty new recipe and our meals work out between £2 and £6 per person in total.
⏱Ultimate convenience – you can use our kits when you want, cooking takes around 20 minutes, and the items you have to add are easily accessible.

👋 We're a small company and really care about our customers. If you have an issue, we want to put it right straight away. Everyone from the team reads and replies to reviews and we take all your feedback and suggestions on board. ","Restaurants & Bars",52706,3,"Very good product but execution a bit poor",""
"simplycook.com","

At SimplyCook we want to get Britain cooking! Despite our nation’s love of food, recipe programs and celebrity chefs, most of us only have 6 meals or less in our repertoire. We aim to change that by making cooking a simple and hassle free process so you can expand your repertoire with ease!

😋 We love flavour – we want your dinners to taste amazing.
💷 We want to save you money – our short shopping lists mean you don’t have to buy 20 ingredients to cook a tasty new recipe and our meals work out between £2 and £6 per person in total.
⏱Ultimate convenience – you can use our kits when you want, cooking takes around 20 minutes, and the items you have to add are easily accessible.

👋 We're a small company and really care about our customers. If you have an issue, we want to put it right straight away. Everyone from the team reads and replies to reviews and we take all your feedback and suggestions on board. ","Restaurants & Bars",52707,3,"Simply Cookg…",""
"simplycook.com","

At SimplyCook we want to get Britain cooking! Despite our nation’s love of food, recipe programs and celebrity chefs, most of us only have 6 meals or less in our repertoire. We aim to change that by making cooking a simple and hassle free process so you can expand your repertoire with ease!

😋 We love flavour – we want your dinners to taste amazing.
💷 We want to save you money – our short shopping lists mean you don’t have to buy 20 ingredients to cook a tasty new recipe and our meals work out between £2 and £6 per person in total.
⏱Ultimate convenience – you can use our kits when you want, cooking takes around 20 minutes, and the items you have to add are easily accessible.

👋 We're a small company and really care about our customers. If you have an issue, we want to put it right straight away. Everyone from the team reads and replies to reviews and we take all your feedback and suggestions on board. ","Restaurants & Bars",52708,3,"Love it, but…",""
"simplycook.com","

At SimplyCook we want to get Britain cooking! Despite our nation’s love of food, recipe programs and celebrity chefs, most of us only have 6 meals or less in our repertoire. We aim to change that by making cooking a simple and hassle free process so you can expand your repertoire with ease!

😋 We love flavour – we want your dinners to taste amazing.
💷 We want to save you money – our short shopping lists mean you don’t have to buy 20 ingredients to cook a tasty new recipe and our meals work out between £2 and £6 per person in total.
⏱Ultimate convenience – you can use our kits when you want, cooking takes around 20 minutes, and the items you have to add are easily accessible.

👋 We're a small company and really care about our customers. If you have an issue, we want to put it right straight away. Everyone from the team reads and replies to reviews and we take all your feedback and suggestions on board. ","Restaurants & Bars",52709,3,"Yummy but expensive ",""
"simplycook.com","

At SimplyCook we want to get Britain cooking! Despite our nation’s love of food, recipe programs and celebrity chefs, most of us only have 6 meals or less in our repertoire. We aim to change that by making cooking a simple and hassle free process so you can expand your repertoire with ease!

😋 We love flavour – we want your dinners to taste amazing.
💷 We want to save you money – our short shopping lists mean you don’t have to buy 20 ingredients to cook a tasty new recipe and our meals work out between £2 and £6 per person in total.
⏱Ultimate convenience – you can use our kits when you want, cooking takes around 20 minutes, and the items you have to add are easily accessible.

👋 We're a small company and really care about our customers. If you have an issue, we want to put it right straight away. Everyone from the team reads and replies to reviews and we take all your feedback and suggestions on board. ","Restaurants & Bars",52710,3,"Where's the protein?",""
"simplycook.com","

At SimplyCook we want to get Britain cooking! Despite our nation’s love of food, recipe programs and celebrity chefs, most of us only have 6 meals or less in our repertoire. We aim to change that by making cooking a simple and hassle free process so you can expand your repertoire with ease!

😋 We love flavour – we want your dinners to taste amazing.
💷 We want to save you money – our short shopping lists mean you don’t have to buy 20 ingredients to cook a tasty new recipe and our meals work out between £2 and £6 per person in total.
⏱Ultimate convenience – you can use our kits when you want, cooking takes around 20 minutes, and the items you have to add are easily accessible.

👋 We're a small company and really care about our customers. If you have an issue, we want to put it right straight away. Everyone from the team reads and replies to reviews and we take all your feedback and suggestions on board. ","Restaurants & Bars",52711,3,"Products are great, ordering process rubbish ",""
"simplycook.com","

At SimplyCook we want to get Britain cooking! Despite our nation’s love of food, recipe programs and celebrity chefs, most of us only have 6 meals or less in our repertoire. We aim to change that by making cooking a simple and hassle free process so you can expand your repertoire with ease!

😋 We love flavour – we want your dinners to taste amazing.
💷 We want to save you money – our short shopping lists mean you don’t have to buy 20 ingredients to cook a tasty new recipe and our meals work out between £2 and £6 per person in total.
⏱Ultimate convenience – you can use our kits when you want, cooking takes around 20 minutes, and the items you have to add are easily accessible.

👋 We're a small company and really care about our customers. If you have an issue, we want to put it right straight away. Everyone from the team reads and replies to reviews and we take all your feedback and suggestions on board. ","Restaurants & Bars",52712,3,"Slightly confused when just tiny pots…",""
"simplycook.com","

At SimplyCook we want to get Britain cooking! Despite our nation’s love of food, recipe programs and celebrity chefs, most of us only have 6 meals or less in our repertoire. We aim to change that by making cooking a simple and hassle free process so you can expand your repertoire with ease!

😋 We love flavour – we want your dinners to taste amazing.
💷 We want to save you money – our short shopping lists mean you don’t have to buy 20 ingredients to cook a tasty new recipe and our meals work out between £2 and £6 per person in total.
⏱Ultimate convenience – you can use our kits when you want, cooking takes around 20 minutes, and the items you have to add are easily accessible.

👋 We're a small company and really care about our customers. If you have an issue, we want to put it right straight away. Everyone from the team reads and replies to reviews and we take all your feedback and suggestions on board. ","Restaurants & Bars",52713,3,"Charged me for a complimentary box",""
"simplycook.com","

At SimplyCook we want to get Britain cooking! Despite our nation’s love of food, recipe programs and celebrity chefs, most of us only have 6 meals or less in our repertoire. We aim to change that by making cooking a simple and hassle free process so you can expand your repertoire with ease!

😋 We love flavour – we want your dinners to taste amazing.
💷 We want to save you money – our short shopping lists mean you don’t have to buy 20 ingredients to cook a tasty new recipe and our meals work out between £2 and £6 per person in total.
⏱Ultimate convenience – you can use our kits when you want, cooking takes around 20 minutes, and the items you have to add are easily accessible.

👋 We're a small company and really care about our customers. If you have an issue, we want to put it right straight away. Everyone from the team reads and replies to reviews and we take all your feedback and suggestions on board. ","Restaurants & Bars",52714,3,"I agree with the review that the little…",""
"simplycook.com","

At SimplyCook we want to get Britain cooking! Despite our nation’s love of food, recipe programs and celebrity chefs, most of us only have 6 meals or less in our repertoire. We aim to change that by making cooking a simple and hassle free process so you can expand your repertoire with ease!

😋 We love flavour – we want your dinners to taste amazing.
💷 We want to save you money – our short shopping lists mean you don’t have to buy 20 ingredients to cook a tasty new recipe and our meals work out between £2 and £6 per person in total.
⏱Ultimate convenience – you can use our kits when you want, cooking takes around 20 minutes, and the items you have to add are easily accessible.

👋 We're a small company and really care about our customers. If you have an issue, we want to put it right straight away. Everyone from the team reads and replies to reviews and we take all your feedback and suggestions on board. ","Restaurants & Bars",52715,3,"I received 1 weeks for free through…",""
"simplycook.com","

At SimplyCook we want to get Britain cooking! Despite our nation’s love of food, recipe programs and celebrity chefs, most of us only have 6 meals or less in our repertoire. We aim to change that by making cooking a simple and hassle free process so you can expand your repertoire with ease!

😋 We love flavour – we want your dinners to taste amazing.
💷 We want to save you money – our short shopping lists mean you don’t have to buy 20 ingredients to cook a tasty new recipe and our meals work out between £2 and £6 per person in total.
⏱Ultimate convenience – you can use our kits when you want, cooking takes around 20 minutes, and the items you have to add are easily accessible.

👋 We're a small company and really care about our customers. If you have an issue, we want to put it right straight away. Everyone from the team reads and replies to reviews and we take all your feedback and suggestions on board. ","Restaurants & Bars",52716,3,"Prefer this to other full-meal boxed… but hate the pots!",""
"simplycook.com","

At SimplyCook we want to get Britain cooking! Despite our nation’s love of food, recipe programs and celebrity chefs, most of us only have 6 meals or less in our repertoire. We aim to change that by making cooking a simple and hassle free process so you can expand your repertoire with ease!

😋 We love flavour – we want your dinners to taste amazing.
💷 We want to save you money – our short shopping lists mean you don’t have to buy 20 ingredients to cook a tasty new recipe and our meals work out between £2 and £6 per person in total.
⏱Ultimate convenience – you can use our kits when you want, cooking takes around 20 minutes, and the items you have to add are easily accessible.

👋 We're a small company and really care about our customers. If you have an issue, we want to put it right straight away. Everyone from the team reads and replies to reviews and we take all your feedback and suggestions on board. ","Restaurants & Bars",52717,3,"Drop in Service",""
"simplycook.com","

At SimplyCook we want to get Britain cooking! Despite our nation’s love of food, recipe programs and celebrity chefs, most of us only have 6 meals or less in our repertoire. We aim to change that by making cooking a simple and hassle free process so you can expand your repertoire with ease!

😋 We love flavour – we want your dinners to taste amazing.
💷 We want to save you money – our short shopping lists mean you don’t have to buy 20 ingredients to cook a tasty new recipe and our meals work out between £2 and £6 per person in total.
⏱Ultimate convenience – you can use our kits when you want, cooking takes around 20 minutes, and the items you have to add are easily accessible.

👋 We're a small company and really care about our customers. If you have an issue, we want to put it right straight away. Everyone from the team reads and replies to reviews and we take all your feedback and suggestions on board. ","Restaurants & Bars",52718,3,"Quite good recipes but...",""
"simplycook.com","

At SimplyCook we want to get Britain cooking! Despite our nation’s love of food, recipe programs and celebrity chefs, most of us only have 6 meals or less in our repertoire. We aim to change that by making cooking a simple and hassle free process so you can expand your repertoire with ease!

😋 We love flavour – we want your dinners to taste amazing.
💷 We want to save you money – our short shopping lists mean you don’t have to buy 20 ingredients to cook a tasty new recipe and our meals work out between £2 and £6 per person in total.
⏱Ultimate convenience – you can use our kits when you want, cooking takes around 20 minutes, and the items you have to add are easily accessible.

👋 We're a small company and really care about our customers. If you have an issue, we want to put it right straight away. Everyone from the team reads and replies to reviews and we take all your feedback and suggestions on board. ","Restaurants & Bars",52719,3,"Need new recipes!",""
"simplycook.com","

At SimplyCook we want to get Britain cooking! Despite our nation’s love of food, recipe programs and celebrity chefs, most of us only have 6 meals or less in our repertoire. We aim to change that by making cooking a simple and hassle free process so you can expand your repertoire with ease!

😋 We love flavour – we want your dinners to taste amazing.
💷 We want to save you money – our short shopping lists mean you don’t have to buy 20 ingredients to cook a tasty new recipe and our meals work out between £2 and £6 per person in total.
⏱Ultimate convenience – you can use our kits when you want, cooking takes around 20 minutes, and the items you have to add are easily accessible.

👋 We're a small company and really care about our customers. If you have an issue, we want to put it right straight away. Everyone from the team reads and replies to reviews and we take all your feedback and suggestions on board. ","Restaurants & Bars",52720,3,"A little disappointed",""
"simplycook.com","

At SimplyCook we want to get Britain cooking! Despite our nation’s love of food, recipe programs and celebrity chefs, most of us only have 6 meals or less in our repertoire. We aim to change that by making cooking a simple and hassle free process so you can expand your repertoire with ease!

😋 We love flavour – we want your dinners to taste amazing.
💷 We want to save you money – our short shopping lists mean you don’t have to buy 20 ingredients to cook a tasty new recipe and our meals work out between £2 and £6 per person in total.
⏱Ultimate convenience – you can use our kits when you want, cooking takes around 20 minutes, and the items you have to add are easily accessible.

👋 We're a small company and really care about our customers. If you have an issue, we want to put it right straight away. Everyone from the team reads and replies to reviews and we take all your feedback and suggestions on board. ","Restaurants & Bars",52721,3,"Signed up for the £1 Free box",""
"simplycook.com","

At SimplyCook we want to get Britain cooking! Despite our nation’s love of food, recipe programs and celebrity chefs, most of us only have 6 meals or less in our repertoire. We aim to change that by making cooking a simple and hassle free process so you can expand your repertoire with ease!

😋 We love flavour – we want your dinners to taste amazing.
💷 We want to save you money – our short shopping lists mean you don’t have to buy 20 ingredients to cook a tasty new recipe and our meals work out between £2 and £6 per person in total.
⏱Ultimate convenience – you can use our kits when you want, cooking takes around 20 minutes, and the items you have to add are easily accessible.

👋 We're a small company and really care about our customers. If you have an issue, we want to put it right straight away. Everyone from the team reads and replies to reviews and we take all your feedback and suggestions on board. ","Restaurants & Bars",52722,3,"I tried to sign up as a new customer…",""
"simplycook.com","

At SimplyCook we want to get Britain cooking! Despite our nation’s love of food, recipe programs and celebrity chefs, most of us only have 6 meals or less in our repertoire. We aim to change that by making cooking a simple and hassle free process so you can expand your repertoire with ease!

😋 We love flavour – we want your dinners to taste amazing.
💷 We want to save you money – our short shopping lists mean you don’t have to buy 20 ingredients to cook a tasty new recipe and our meals work out between £2 and £6 per person in total.
⏱Ultimate convenience – you can use our kits when you want, cooking takes around 20 minutes, and the items you have to add are easily accessible.

👋 We're a small company and really care about our customers. If you have an issue, we want to put it right straight away. Everyone from the team reads and replies to reviews and we take all your feedback and suggestions on board. ","Restaurants & Bars",52723,3,"I didn't like the fact I had signed up…",""
"simplycook.com","

At SimplyCook we want to get Britain cooking! Despite our nation’s love of food, recipe programs and celebrity chefs, most of us only have 6 meals or less in our repertoire. We aim to change that by making cooking a simple and hassle free process so you can expand your repertoire with ease!

😋 We love flavour – we want your dinners to taste amazing.
💷 We want to save you money – our short shopping lists mean you don’t have to buy 20 ingredients to cook a tasty new recipe and our meals work out between £2 and £6 per person in total.
⏱Ultimate convenience – you can use our kits when you want, cooking takes around 20 minutes, and the items you have to add are easily accessible.

👋 We're a small company and really care about our customers. If you have an issue, we want to put it right straight away. Everyone from the team reads and replies to reviews and we take all your feedback and suggestions on board. ","Restaurants & Bars",52724,3,"I was given 4 Simply Cook packets last…",""
"simplycook.com","

At SimplyCook we want to get Britain cooking! Despite our nation’s love of food, recipe programs and celebrity chefs, most of us only have 6 meals or less in our repertoire. We aim to change that by making cooking a simple and hassle free process so you can expand your repertoire with ease!

😋 We love flavour – we want your dinners to taste amazing.
💷 We want to save you money – our short shopping lists mean you don’t have to buy 20 ingredients to cook a tasty new recipe and our meals work out between £2 and £6 per person in total.
⏱Ultimate convenience – you can use our kits when you want, cooking takes around 20 minutes, and the items you have to add are easily accessible.

👋 We're a small company and really care about our customers. If you have an issue, we want to put it right straight away. Everyone from the team reads and replies to reviews and we take all your feedback and suggestions on board. ","Restaurants & Bars",52725,2,"I was just about to sign up for their…",""
"simplycook.com","

At SimplyCook we want to get Britain cooking! Despite our nation’s love of food, recipe programs and celebrity chefs, most of us only have 6 meals or less in our repertoire. We aim to change that by making cooking a simple and hassle free process so you can expand your repertoire with ease!

😋 We love flavour – we want your dinners to taste amazing.
💷 We want to save you money – our short shopping lists mean you don’t have to buy 20 ingredients to cook a tasty new recipe and our meals work out between £2 and £6 per person in total.
⏱Ultimate convenience – you can use our kits when you want, cooking takes around 20 minutes, and the items you have to add are easily accessible.

👋 We're a small company and really care about our customers. If you have an issue, we want to put it right straight away. Everyone from the team reads and replies to reviews and we take all your feedback and suggestions on board. ","Restaurants & Bars",52726,2,"Made changes without speaking to me ",""
"simplycook.com","

At SimplyCook we want to get Britain cooking! Despite our nation’s love of food, recipe programs and celebrity chefs, most of us only have 6 meals or less in our repertoire. We aim to change that by making cooking a simple and hassle free process so you can expand your repertoire with ease!

😋 We love flavour – we want your dinners to taste amazing.
💷 We want to save you money – our short shopping lists mean you don’t have to buy 20 ingredients to cook a tasty new recipe and our meals work out between £2 and £6 per person in total.
⏱Ultimate convenience – you can use our kits when you want, cooking takes around 20 minutes, and the items you have to add are easily accessible.

👋 We're a small company and really care about our customers. If you have an issue, we want to put it right straight away. Everyone from the team reads and replies to reviews and we take all your feedback and suggestions on board. ","Restaurants & Bars",52727,2,"You should listen to the customers requirements. ",""
"simplycook.com","

At SimplyCook we want to get Britain cooking! Despite our nation’s love of food, recipe programs and celebrity chefs, most of us only have 6 meals or less in our repertoire. We aim to change that by making cooking a simple and hassle free process so you can expand your repertoire with ease!

😋 We love flavour – we want your dinners to taste amazing.
💷 We want to save you money – our short shopping lists mean you don’t have to buy 20 ingredients to cook a tasty new recipe and our meals work out between £2 and £6 per person in total.
⏱Ultimate convenience – you can use our kits when you want, cooking takes around 20 minutes, and the items you have to add are easily accessible.

👋 We're a small company and really care about our customers. If you have an issue, we want to put it right straight away. Everyone from the team reads and replies to reviews and we take all your feedback and suggestions on board. ","Restaurants & Bars",52728,2,"Keeping bank details ",""
"simplycook.com","

At SimplyCook we want to get Britain cooking! Despite our nation’s love of food, recipe programs and celebrity chefs, most of us only have 6 meals or less in our repertoire. We aim to change that by making cooking a simple and hassle free process so you can expand your repertoire with ease!

😋 We love flavour – we want your dinners to taste amazing.
💷 We want to save you money – our short shopping lists mean you don’t have to buy 20 ingredients to cook a tasty new recipe and our meals work out between £2 and £6 per person in total.
⏱Ultimate convenience – you can use our kits when you want, cooking takes around 20 minutes, and the items you have to add are easily accessible.

👋 We're a small company and really care about our customers. If you have an issue, we want to put it right straight away. Everyone from the team reads and replies to reviews and we take all your feedback and suggestions on board. ","Restaurants & Bars",52729,2,"Was great…now not so. ",""
"simplycook.com","

At SimplyCook we want to get Britain cooking! Despite our nation’s love of food, recipe programs and celebrity chefs, most of us only have 6 meals or less in our repertoire. We aim to change that by making cooking a simple and hassle free process so you can expand your repertoire with ease!

😋 We love flavour – we want your dinners to taste amazing.
💷 We want to save you money – our short shopping lists mean you don’t have to buy 20 ingredients to cook a tasty new recipe and our meals work out between £2 and £6 per person in total.
⏱Ultimate convenience – you can use our kits when you want, cooking takes around 20 minutes, and the items you have to add are easily accessible.

👋 We're a small company and really care about our customers. If you have an issue, we want to put it right straight away. Everyone from the team reads and replies to reviews and we take all your feedback and suggestions on board. ","Restaurants & Bars",52730,2,"Got food, I didn’t knowingly order",""
"simplycook.com","

At SimplyCook we want to get Britain cooking! Despite our nation’s love of food, recipe programs and celebrity chefs, most of us only have 6 meals or less in our repertoire. We aim to change that by making cooking a simple and hassle free process so you can expand your repertoire with ease!

😋 We love flavour – we want your dinners to taste amazing.
💷 We want to save you money – our short shopping lists mean you don’t have to buy 20 ingredients to cook a tasty new recipe and our meals work out between £2 and £6 per person in total.
⏱Ultimate convenience – you can use our kits when you want, cooking takes around 20 minutes, and the items you have to add are easily accessible.

👋 We're a small company and really care about our customers. If you have an issue, we want to put it right straight away. Everyone from the team reads and replies to reviews and we take all your feedback and suggestions on board. ","Restaurants & Bars",52731,2,"Subscription service built to catch you…",""
"simplycook.com","

At SimplyCook we want to get Britain cooking! Despite our nation’s love of food, recipe programs and celebrity chefs, most of us only have 6 meals or less in our repertoire. We aim to change that by making cooking a simple and hassle free process so you can expand your repertoire with ease!

😋 We love flavour – we want your dinners to taste amazing.
💷 We want to save you money – our short shopping lists mean you don’t have to buy 20 ingredients to cook a tasty new recipe and our meals work out between £2 and £6 per person in total.
⏱Ultimate convenience – you can use our kits when you want, cooking takes around 20 minutes, and the items you have to add are easily accessible.

👋 We're a small company and really care about our customers. If you have an issue, we want to put it right straight away. Everyone from the team reads and replies to reviews and we take all your feedback and suggestions on board. ","Restaurants & Bars",52732,2,"Do not recommend not useful or convenient…",""
"simplycook.com","

At SimplyCook we want to get Britain cooking! Despite our nation’s love of food, recipe programs and celebrity chefs, most of us only have 6 meals or less in our repertoire. We aim to change that by making cooking a simple and hassle free process so you can expand your repertoire with ease!

😋 We love flavour – we want your dinners to taste amazing.
💷 We want to save you money – our short shopping lists mean you don’t have to buy 20 ingredients to cook a tasty new recipe and our meals work out between £2 and £6 per person in total.
⏱Ultimate convenience – you can use our kits when you want, cooking takes around 20 minutes, and the items you have to add are easily accessible.

👋 We're a small company and really care about our customers. If you have an issue, we want to put it right straight away. Everyone from the team reads and replies to reviews and we take all your feedback and suggestions on board. ","Restaurants & Bars",52733,2,"You ARE signing up to regular deliveries",""
"simplycook.com","

At SimplyCook we want to get Britain cooking! Despite our nation’s love of food, recipe programs and celebrity chefs, most of us only have 6 meals or less in our repertoire. We aim to change that by making cooking a simple and hassle free process so you can expand your repertoire with ease!

😋 We love flavour – we want your dinners to taste amazing.
💷 We want to save you money – our short shopping lists mean you don’t have to buy 20 ingredients to cook a tasty new recipe and our meals work out between £2 and £6 per person in total.
⏱Ultimate convenience – you can use our kits when you want, cooking takes around 20 minutes, and the items you have to add are easily accessible.

👋 We're a small company and really care about our customers. If you have an issue, we want to put it right straight away. Everyone from the team reads and replies to reviews and we take all your feedback and suggestions on board. ","Restaurants & Bars",52734,2,"£1? More like £10",""
"www.chefonline.co.uk","


Welcome to ChefOnline, your gateway to takeaways!
Our online food ordering platform is the finest choice for ordering food. You can find a wide range of restaurants and takeaways from YOUR own neighbourhood with ChefOnline. Get exclusive discounts and deals on your first order, browse through mouth-watering menus, make instant table reservations, and get takeaways brought right to your doorstep — only with ChefOnline!


Order Online

","Restaurants & Bars",52765,5,"Delivered on time and an excellent…",""
"www.chefonline.co.uk","


Welcome to ChefOnline, your gateway to takeaways!
Our online food ordering platform is the finest choice for ordering food. You can find a wide range of restaurants and takeaways from YOUR own neighbourhood with ChefOnline. Get exclusive discounts and deals on your first order, browse through mouth-watering menus, make instant table reservations, and get takeaways brought right to your doorstep — only with ChefOnline!


Order Online

","Restaurants & Bars",52766,5,"Quick and Easy ",""
"www.chefonline.co.uk","


Welcome to ChefOnline, your gateway to takeaways!
Our online food ordering platform is the finest choice for ordering food. You can find a wide range of restaurants and takeaways from YOUR own neighbourhood with ChefOnline. Get exclusive discounts and deals on your first order, browse through mouth-watering menus, make instant table reservations, and get takeaways brought right to your doorstep — only with ChefOnline!


Order Online

","Restaurants & Bars",52767,5,"Easy to order and great food",""
"www.chefonline.co.uk","


Welcome to ChefOnline, your gateway to takeaways!
Our online food ordering platform is the finest choice for ordering food. You can find a wide range of restaurants and takeaways from YOUR own neighbourhood with ChefOnline. Get exclusive discounts and deals on your first order, browse through mouth-watering menus, make instant table reservations, and get takeaways brought right to your doorstep — only with ChefOnline!


Order Online

","Restaurants & Bars",52768,5,"Indian food was great and very tasty full of great spices. ",""
"www.chefonline.co.uk","


Welcome to ChefOnline, your gateway to takeaways!
Our online food ordering platform is the finest choice for ordering food. You can find a wide range of restaurants and takeaways from YOUR own neighbourhood with ChefOnline. Get exclusive discounts and deals on your first order, browse through mouth-watering menus, make instant table reservations, and get takeaways brought right to your doorstep — only with ChefOnline!


Order Online

","Restaurants & Bars",52769,5,"Very easy to order",""
"www.chefonline.co.uk","


Welcome to ChefOnline, your gateway to takeaways!
Our online food ordering platform is the finest choice for ordering food. You can find a wide range of restaurants and takeaways from YOUR own neighbourhood with ChefOnline. Get exclusive discounts and deals on your first order, browse through mouth-watering menus, make instant table reservations, and get takeaways brought right to your doorstep — only with ChefOnline!


Order Online

","Restaurants & Bars",52770,5,"Once I set up the site it was ok",""
"www.chefonline.co.uk","


Welcome to ChefOnline, your gateway to takeaways!
Our online food ordering platform is the finest choice for ordering food. You can find a wide range of restaurants and takeaways from YOUR own neighbourhood with ChefOnline. Get exclusive discounts and deals on your first order, browse through mouth-watering menus, make instant table reservations, and get takeaways brought right to your doorstep — only with ChefOnline!


Order Online

","Restaurants & Bars",52771,5,"Really nice ",""
"www.chefonline.co.uk","


Welcome to ChefOnline, your gateway to takeaways!
Our online food ordering platform is the finest choice for ordering food. You can find a wide range of restaurants and takeaways from YOUR own neighbourhood with ChefOnline. Get exclusive discounts and deals on your first order, browse through mouth-watering menus, make instant table reservations, and get takeaways brought right to your doorstep — only with ChefOnline!


Order Online

","Restaurants & Bars",52772,5,"Very easy to navigate",""
"www.chefonline.co.uk","


Welcome to ChefOnline, your gateway to takeaways!
Our online food ordering platform is the finest choice for ordering food. You can find a wide range of restaurants and takeaways from YOUR own neighbourhood with ChefOnline. Get exclusive discounts and deals on your first order, browse through mouth-watering menus, make instant table reservations, and get takeaways brought right to your doorstep — only with ChefOnline!


Order Online

","Restaurants & Bars",52773,5,"Good choice and great taste",""
"www.chefonline.co.uk","


Welcome to ChefOnline, your gateway to takeaways!
Our online food ordering platform is the finest choice for ordering food. You can find a wide range of restaurants and takeaways from YOUR own neighbourhood with ChefOnline. Get exclusive discounts and deals on your first order, browse through mouth-watering menus, make instant table reservations, and get takeaways brought right to your doorstep — only with ChefOnline!


Order Online

","Restaurants & Bars",52774,5,"Great food quick delivery time",""
"www.chefonline.co.uk","


Welcome to ChefOnline, your gateway to takeaways!
Our online food ordering platform is the finest choice for ordering food. You can find a wide range of restaurants and takeaways from YOUR own neighbourhood with ChefOnline. Get exclusive discounts and deals on your first order, browse through mouth-watering menus, make instant table reservations, and get takeaways brought right to your doorstep — only with ChefOnline!


Order Online

","Restaurants & Bars",52785,4,"Great food, but delayed",""
"www.chefonline.co.uk","


Welcome to ChefOnline, your gateway to takeaways!
Our online food ordering platform is the finest choice for ordering food. You can find a wide range of restaurants and takeaways from YOUR own neighbourhood with ChefOnline. Get exclusive discounts and deals on your first order, browse through mouth-watering menus, make instant table reservations, and get takeaways brought right to your doorstep — only with ChefOnline!


Order Online

","Restaurants & Bars",52786,4,"Platform user-friendly",""
"www.chefonline.co.uk","


Welcome to ChefOnline, your gateway to takeaways!
Our online food ordering platform is the finest choice for ordering food. You can find a wide range of restaurants and takeaways from YOUR own neighbourhood with ChefOnline. Get exclusive discounts and deals on your first order, browse through mouth-watering menus, make instant table reservations, and get takeaways brought right to your doorstep — only with ChefOnline!


Order Online

","Restaurants & Bars",52787,4,"Easy to use and the food came when on…",""
"www.chefonline.co.uk","


Welcome to ChefOnline, your gateway to takeaways!
Our online food ordering platform is the finest choice for ordering food. You can find a wide range of restaurants and takeaways from YOUR own neighbourhood with ChefOnline. Get exclusive discounts and deals on your first order, browse through mouth-watering menus, make instant table reservations, and get takeaways brought right to your doorstep — only with ChefOnline!


Order Online

","Restaurants & Bars",52788,4,"Good experience",""
"www.chefonline.co.uk","


Welcome to ChefOnline, your gateway to takeaways!
Our online food ordering platform is the finest choice for ordering food. You can find a wide range of restaurants and takeaways from YOUR own neighbourhood with ChefOnline. Get exclusive discounts and deals on your first order, browse through mouth-watering menus, make instant table reservations, and get takeaways brought right to your doorstep — only with ChefOnline!


Order Online

","Restaurants & Bars",52789,4,"Upgraded from one star following improvement ",""
"www.chefonline.co.uk","


Welcome to ChefOnline, your gateway to takeaways!
Our online food ordering platform is the finest choice for ordering food. You can find a wide range of restaurants and takeaways from YOUR own neighbourhood with ChefOnline. Get exclusive discounts and deals on your first order, browse through mouth-watering menus, make instant table reservations, and get takeaways brought right to your doorstep — only with ChefOnline!


Order Online

","Restaurants & Bars",52790,4,"Recommended ",""
"www.chefonline.co.uk","


Welcome to ChefOnline, your gateway to takeaways!
Our online food ordering platform is the finest choice for ordering food. You can find a wide range of restaurants and takeaways from YOUR own neighbourhood with ChefOnline. Get exclusive discounts and deals on your first order, browse through mouth-watering menus, make instant table reservations, and get takeaways brought right to your doorstep — only with ChefOnline!


Order Online

","Restaurants & Bars",52791,4,"Transaction was smooth and efficient",""
"www.chefonline.co.uk","


Welcome to ChefOnline, your gateway to takeaways!
Our online food ordering platform is the finest choice for ordering food. You can find a wide range of restaurants and takeaways from YOUR own neighbourhood with ChefOnline. Get exclusive discounts and deals on your first order, browse through mouth-watering menus, make instant table reservations, and get takeaways brought right to your doorstep — only with ChefOnline!


Order Online

","Restaurants & Bars",52792,4,"The food was real tasty …",""
"www.chefonline.co.uk","


Welcome to ChefOnline, your gateway to takeaways!
Our online food ordering platform is the finest choice for ordering food. You can find a wide range of restaurants and takeaways from YOUR own neighbourhood with ChefOnline. Get exclusive discounts and deals on your first order, browse through mouth-watering menus, make instant table reservations, and get takeaways brought right to your doorstep — only with ChefOnline!


Order Online

","Restaurants & Bars",52793,4,"POB Watford take away ",""
"www.chefonline.co.uk","


Welcome to ChefOnline, your gateway to takeaways!
Our online food ordering platform is the finest choice for ordering food. You can find a wide range of restaurants and takeaways from YOUR own neighbourhood with ChefOnline. Get exclusive discounts and deals on your first order, browse through mouth-watering menus, make instant table reservations, and get takeaways brought right to your doorstep — only with ChefOnline!


Order Online

","Restaurants & Bars",52794,4," Great deal if you order online",""
"www.chefonline.co.uk","


Welcome to ChefOnline, your gateway to takeaways!
Our online food ordering platform is the finest choice for ordering food. You can find a wide range of restaurants and takeaways from YOUR own neighbourhood with ChefOnline. Get exclusive discounts and deals on your first order, browse through mouth-watering menus, make instant table reservations, and get takeaways brought right to your doorstep — only with ChefOnline!


Order Online

","Restaurants & Bars",52795,4,"Lucky to have this on our doorstep",""
"www.chefonline.co.uk","


Welcome to ChefOnline, your gateway to takeaways!
Our online food ordering platform is the finest choice for ordering food. You can find a wide range of restaurants and takeaways from YOUR own neighbourhood with ChefOnline. Get exclusive discounts and deals on your first order, browse through mouth-watering menus, make instant table reservations, and get takeaways brought right to your doorstep — only with ChefOnline!


Order Online

","Restaurants & Bars",52796,4,"Wheres my nan and free delivery?",""
"www.chefonline.co.uk","


Welcome to ChefOnline, your gateway to takeaways!
Our online food ordering platform is the finest choice for ordering food. You can find a wide range of restaurants and takeaways from YOUR own neighbourhood with ChefOnline. Get exclusive discounts and deals on your first order, browse through mouth-watering menus, make instant table reservations, and get takeaways brought right to your doorstep — only with ChefOnline!


Order Online

","Restaurants & Bars",52797,4,"Food was lovely and staff at Paneer too.…",""
"www.chefonline.co.uk","


Welcome to ChefOnline, your gateway to takeaways!
Our online food ordering platform is the finest choice for ordering food. You can find a wide range of restaurants and takeaways from YOUR own neighbourhood with ChefOnline. Get exclusive discounts and deals on your first order, browse through mouth-watering menus, make instant table reservations, and get takeaways brought right to your doorstep — only with ChefOnline!


Order Online

","Restaurants & Bars",52798,4,"The food is very good",""
"www.chefonline.co.uk","


Welcome to ChefOnline, your gateway to takeaways!
Our online food ordering platform is the finest choice for ordering food. You can find a wide range of restaurants and takeaways from YOUR own neighbourhood with ChefOnline. Get exclusive discounts and deals on your first order, browse through mouth-watering menus, make instant table reservations, and get takeaways brought right to your doorstep — only with ChefOnline!


Order Online

","Restaurants & Bars",52799,4,"The ordering system online is clunky…",""
"www.chefonline.co.uk","


Welcome to ChefOnline, your gateway to takeaways!
Our online food ordering platform is the finest choice for ordering food. You can find a wide range of restaurants and takeaways from YOUR own neighbourhood with ChefOnline. Get exclusive discounts and deals on your first order, browse through mouth-watering menus, make instant table reservations, and get takeaways brought right to your doorstep — only with ChefOnline!


Order Online

","Restaurants & Bars",52800,4,"Easy to order and reasonably priced",""
"www.chefonline.co.uk","


Welcome to ChefOnline, your gateway to takeaways!
Our online food ordering platform is the finest choice for ordering food. You can find a wide range of restaurants and takeaways from YOUR own neighbourhood with ChefOnline. Get exclusive discounts and deals on your first order, browse through mouth-watering menus, make instant table reservations, and get takeaways brought right to your doorstep — only with ChefOnline!


Order Online

","Restaurants & Bars",52801,4,"Clear and simple ordering",""
"www.chefonline.co.uk","


Welcome to ChefOnline, your gateway to takeaways!
Our online food ordering platform is the finest choice for ordering food. You can find a wide range of restaurants and takeaways from YOUR own neighbourhood with ChefOnline. Get exclusive discounts and deals on your first order, browse through mouth-watering menus, make instant table reservations, and get takeaways brought right to your doorstep — only with ChefOnline!


Order Online

","Restaurants & Bars",52802,4,"food was good",""
"www.chefonline.co.uk","


Welcome to ChefOnline, your gateway to takeaways!
Our online food ordering platform is the finest choice for ordering food. You can find a wide range of restaurants and takeaways from YOUR own neighbourhood with ChefOnline. Get exclusive discounts and deals on your first order, browse through mouth-watering menus, make instant table reservations, and get takeaways brought right to your doorstep — only with ChefOnline!


Order Online

","Restaurants & Bars",52803,4,"Great takeaway…",""
"www.chefonline.co.uk","


Welcome to ChefOnline, your gateway to takeaways!
Our online food ordering platform is the finest choice for ordering food. You can find a wide range of restaurants and takeaways from YOUR own neighbourhood with ChefOnline. Get exclusive discounts and deals on your first order, browse through mouth-watering menus, make instant table reservations, and get takeaways brought right to your doorstep — only with ChefOnline!


Order Online

","Restaurants & Bars",52804,4,"The website is a bit clunky when trying…",""
"www.chefonline.co.uk","


Welcome to ChefOnline, your gateway to takeaways!
Our online food ordering platform is the finest choice for ordering food. You can find a wide range of restaurants and takeaways from YOUR own neighbourhood with ChefOnline. Get exclusive discounts and deals on your first order, browse through mouth-watering menus, make instant table reservations, and get takeaways brought right to your doorstep — only with ChefOnline!


Order Online

","Restaurants & Bars",52805,3,"Food was ok…..",""
"www.chefonline.co.uk","


Welcome to ChefOnline, your gateway to takeaways!
Our online food ordering platform is the finest choice for ordering food. You can find a wide range of restaurants and takeaways from YOUR own neighbourhood with ChefOnline. Get exclusive discounts and deals on your first order, browse through mouth-watering menus, make instant table reservations, and get takeaways brought right to your doorstep — only with ChefOnline!


Order Online

","Restaurants & Bars",52806,3,"Disappointed with the food last night",""
"www.chefonline.co.uk","


Welcome to ChefOnline, your gateway to takeaways!
Our online food ordering platform is the finest choice for ordering food. You can find a wide range of restaurants and takeaways from YOUR own neighbourhood with ChefOnline. Get exclusive discounts and deals on your first order, browse through mouth-watering menus, make instant table reservations, and get takeaways brought right to your doorstep — only with ChefOnline!


Order Online

","Restaurants & Bars",52807,3,"Took me three attempts to place the…",""
"www.chefonline.co.uk","


Welcome to ChefOnline, your gateway to takeaways!
Our online food ordering platform is the finest choice for ordering food. You can find a wide range of restaurants and takeaways from YOUR own neighbourhood with ChefOnline. Get exclusive discounts and deals on your first order, browse through mouth-watering menus, make instant table reservations, and get takeaways brought right to your doorstep — only with ChefOnline!


Order Online

","Restaurants & Bars",52808,3,"Chicken not the best quality chewy and…",""
"www.chefonline.co.uk","


Welcome to ChefOnline, your gateway to takeaways!
Our online food ordering platform is the finest choice for ordering food. You can find a wide range of restaurants and takeaways from YOUR own neighbourhood with ChefOnline. Get exclusive discounts and deals on your first order, browse through mouth-watering menus, make instant table reservations, and get takeaways brought right to your doorstep — only with ChefOnline!


Order Online

","Restaurants & Bars",52809,3,"You offered 10% discount when ordering…",""
"www.chefonline.co.uk","


Welcome to ChefOnline, your gateway to takeaways!
Our online food ordering platform is the finest choice for ordering food. You can find a wide range of restaurants and takeaways from YOUR own neighbourhood with ChefOnline. Get exclusive discounts and deals on your first order, browse through mouth-watering menus, make instant table reservations, and get takeaways brought right to your doorstep — only with ChefOnline!


Order Online

","Restaurants & Bars",52810,3,"The system is clunky",""
"www.chefonline.co.uk","


Welcome to ChefOnline, your gateway to takeaways!
Our online food ordering platform is the finest choice for ordering food. You can find a wide range of restaurants and takeaways from YOUR own neighbourhood with ChefOnline. Get exclusive discounts and deals on your first order, browse through mouth-watering menus, make instant table reservations, and get takeaways brought right to your doorstep — only with ChefOnline!


Order Online

","Restaurants & Bars",52811,3,"Food was excellent but it wasn't ready at the booked time ",""
"www.chefonline.co.uk","


Welcome to ChefOnline, your gateway to takeaways!
Our online food ordering platform is the finest choice for ordering food. You can find a wide range of restaurants and takeaways from YOUR own neighbourhood with ChefOnline. Get exclusive discounts and deals on your first order, browse through mouth-watering menus, make instant table reservations, and get takeaways brought right to your doorstep — only with ChefOnline!


Order Online

","Restaurants & Bars",52812,3,"The food I ordered was not ready on…",""
"www.chefonline.co.uk","


Welcome to ChefOnline, your gateway to takeaways!
Our online food ordering platform is the finest choice for ordering food. You can find a wide range of restaurants and takeaways from YOUR own neighbourhood with ChefOnline. Get exclusive discounts and deals on your first order, browse through mouth-watering menus, make instant table reservations, and get takeaways brought right to your doorstep — only with ChefOnline!


Order Online

","Restaurants & Bars",52813,3,"Online order was missing items on…",""
"www.chefonline.co.uk","


Welcome to ChefOnline, your gateway to takeaways!
Our online food ordering platform is the finest choice for ordering food. You can find a wide range of restaurants and takeaways from YOUR own neighbourhood with ChefOnline. Get exclusive discounts and deals on your first order, browse through mouth-watering menus, make instant table reservations, and get takeaways brought right to your doorstep — only with ChefOnline!


Order Online

","Restaurants & Bars",52814,3,"When I decided to pay by cash I…",""
"www.chefonline.co.uk","


Welcome to ChefOnline, your gateway to takeaways!
Our online food ordering platform is the finest choice for ordering food. You can find a wide range of restaurants and takeaways from YOUR own neighbourhood with ChefOnline. Get exclusive discounts and deals on your first order, browse through mouth-watering menus, make instant table reservations, and get takeaways brought right to your doorstep — only with ChefOnline!


Order Online

","Restaurants & Bars",52815,3,"The food was very nice and well presented, but!!",""
"www.chefonline.co.uk","


Welcome to ChefOnline, your gateway to takeaways!
Our online food ordering platform is the finest choice for ordering food. You can find a wide range of restaurants and takeaways from YOUR own neighbourhood with ChefOnline. Get exclusive discounts and deals on your first order, browse through mouth-watering menus, make instant table reservations, and get takeaways brought right to your doorstep — only with ChefOnline!


Order Online

","Restaurants & Bars",52816,3,"Delivery was within specified times",""
"www.chefonline.co.uk","


Welcome to ChefOnline, your gateway to takeaways!
Our online food ordering platform is the finest choice for ordering food. You can find a wide range of restaurants and takeaways from YOUR own neighbourhood with ChefOnline. Get exclusive discounts and deals on your first order, browse through mouth-watering menus, make instant table reservations, and get takeaways brought right to your doorstep — only with ChefOnline!


Order Online

","Restaurants & Bars",52817,3,"It has been a bit disappointing",""
"www.chefonline.co.uk","


Welcome to ChefOnline, your gateway to takeaways!
Our online food ordering platform is the finest choice for ordering food. You can find a wide range of restaurants and takeaways from YOUR own neighbourhood with ChefOnline. Get exclusive discounts and deals on your first order, browse through mouth-watering menus, make instant table reservations, and get takeaways brought right to your doorstep — only with ChefOnline!


Order Online

","Restaurants & Bars",52818,3,"Early arrival",""
"www.chefonline.co.uk","


Welcome to ChefOnline, your gateway to takeaways!
Our online food ordering platform is the finest choice for ordering food. You can find a wide range of restaurants and takeaways from YOUR own neighbourhood with ChefOnline. Get exclusive discounts and deals on your first order, browse through mouth-watering menus, make instant table reservations, and get takeaways brought right to your doorstep — only with ChefOnline!


Order Online

","Restaurants & Bars",52819,3,"Used the website for the first time",""
"www.chefonline.co.uk","


Welcome to ChefOnline, your gateway to takeaways!
Our online food ordering platform is the finest choice for ordering food. You can find a wide range of restaurants and takeaways from YOUR own neighbourhood with ChefOnline. Get exclusive discounts and deals on your first order, browse through mouth-watering menus, make instant table reservations, and get takeaways brought right to your doorstep — only with ChefOnline!


Order Online

","Restaurants & Bars",52820,3,"45 minutes late (after I called to see…",""
"www.chefonline.co.uk","


Welcome to ChefOnline, your gateway to takeaways!
Our online food ordering platform is the finest choice for ordering food. You can find a wide range of restaurants and takeaways from YOUR own neighbourhood with ChefOnline. Get exclusive discounts and deals on your first order, browse through mouth-watering menus, make instant table reservations, and get takeaways brought right to your doorstep — only with ChefOnline!


Order Online

","Restaurants & Bars",52821,3,"It would be useful to get a reminder…",""
"www.chefonline.co.uk","


Welcome to ChefOnline, your gateway to takeaways!
Our online food ordering platform is the finest choice for ordering food. You can find a wide range of restaurants and takeaways from YOUR own neighbourhood with ChefOnline. Get exclusive discounts and deals on your first order, browse through mouth-watering menus, make instant table reservations, and get takeaways brought right to your doorstep — only with ChefOnline!


Order Online

","Restaurants & Bars",52822,3,"Very ordinary Biriyani",""
"www.chefonline.co.uk","


Welcome to ChefOnline, your gateway to takeaways!
Our online food ordering platform is the finest choice for ordering food. You can find a wide range of restaurants and takeaways from YOUR own neighbourhood with ChefOnline. Get exclusive discounts and deals on your first order, browse through mouth-watering menus, make instant table reservations, and get takeaways brought right to your doorstep — only with ChefOnline!


Order Online

","Restaurants & Bars",52823,3,"Delivery charge",""
"www.chefonline.co.uk","


Welcome to ChefOnline, your gateway to takeaways!
Our online food ordering platform is the finest choice for ordering food. You can find a wide range of restaurants and takeaways from YOUR own neighbourhood with ChefOnline. Get exclusive discounts and deals on your first order, browse through mouth-watering menus, make instant table reservations, and get takeaways brought right to your doorstep — only with ChefOnline!


Order Online

","Restaurants & Bars",52824,3,"Lovely food. Long wait",""
"www.chefonline.co.uk","


Welcome to ChefOnline, your gateway to takeaways!
Our online food ordering platform is the finest choice for ordering food. You can find a wide range of restaurants and takeaways from YOUR own neighbourhood with ChefOnline. Get exclusive discounts and deals on your first order, browse through mouth-watering menus, make instant table reservations, and get takeaways brought right to your doorstep — only with ChefOnline!


Order Online

","Restaurants & Bars",52825,2,"Disappointing First Experience",""
"www.chefonline.co.uk","


Welcome to ChefOnline, your gateway to takeaways!
Our online food ordering platform is the finest choice for ordering food. You can find a wide range of restaurants and takeaways from YOUR own neighbourhood with ChefOnline. Get exclusive discounts and deals on your first order, browse through mouth-watering menus, make instant table reservations, and get takeaways brought right to your doorstep — only with ChefOnline!


Order Online

","Restaurants & Bars",52826,2,"Inputting a password was a pain",""
"www.chefonline.co.uk","


Welcome to ChefOnline, your gateway to takeaways!
Our online food ordering platform is the finest choice for ordering food. You can find a wide range of restaurants and takeaways from YOUR own neighbourhood with ChefOnline. Get exclusive discounts and deals on your first order, browse through mouth-watering menus, make instant table reservations, and get takeaways brought right to your doorstep — only with ChefOnline!


Order Online

","Restaurants & Bars",52827,2,"The website for the restaurant was very…",""
"www.chefonline.co.uk","


Welcome to ChefOnline, your gateway to takeaways!
Our online food ordering platform is the finest choice for ordering food. You can find a wide range of restaurants and takeaways from YOUR own neighbourhood with ChefOnline. Get exclusive discounts and deals on your first order, browse through mouth-watering menus, make instant table reservations, and get takeaways brought right to your doorstep — only with ChefOnline!


Order Online

","Restaurants & Bars",52828,2,"First time ordering  not very nice  the…",""
"www.chefonline.co.uk","


Welcome to ChefOnline, your gateway to takeaways!
Our online food ordering platform is the finest choice for ordering food. You can find a wide range of restaurants and takeaways from YOUR own neighbourhood with ChefOnline. Get exclusive discounts and deals on your first order, browse through mouth-watering menus, make instant table reservations, and get takeaways brought right to your doorstep — only with ChefOnline!


Order Online

","Restaurants & Bars",52829,2,"Ok basically I was given 20% discount…What discount!!!",""
"www.chefonline.co.uk","


Welcome to ChefOnline, your gateway to takeaways!
Our online food ordering platform is the finest choice for ordering food. You can find a wide range of restaurants and takeaways from YOUR own neighbourhood with ChefOnline. Get exclusive discounts and deals on your first order, browse through mouth-watering menus, make instant table reservations, and get takeaways brought right to your doorstep — only with ChefOnline!


Order Online

","Restaurants & Bars",52830,2,"Worked generally OK but at one point I…",""
"www.chefonline.co.uk","


Welcome to ChefOnline, your gateway to takeaways!
Our online food ordering platform is the finest choice for ordering food. You can find a wide range of restaurants and takeaways from YOUR own neighbourhood with ChefOnline. Get exclusive discounts and deals on your first order, browse through mouth-watering menus, make instant table reservations, and get takeaways brought right to your doorstep — only with ChefOnline!


Order Online

","Restaurants & Bars",52831,2,"Collection time not met",""
"www.chefonline.co.uk","


Welcome to ChefOnline, your gateway to takeaways!
Our online food ordering platform is the finest choice for ordering food. You can find a wide range of restaurants and takeaways from YOUR own neighbourhood with ChefOnline. Get exclusive discounts and deals on your first order, browse through mouth-watering menus, make instant table reservations, and get takeaways brought right to your doorstep — only with ChefOnline!


Order Online

","Restaurants & Bars",52832,2,"Never ordered from Vine before but with…",""
"www.chefonline.co.uk","


Welcome to ChefOnline, your gateway to takeaways!
Our online food ordering platform is the finest choice for ordering food. You can find a wide range of restaurants and takeaways from YOUR own neighbourhood with ChefOnline. Get exclusive discounts and deals on your first order, browse through mouth-watering menus, make instant table reservations, and get takeaways brought right to your doorstep — only with ChefOnline!


Order Online

","Restaurants & Bars",52833,2,"App doesn't allow for special offers...",""
"www.chefonline.co.uk","


Welcome to ChefOnline, your gateway to takeaways!
Our online food ordering platform is the finest choice for ordering food. You can find a wide range of restaurants and takeaways from YOUR own neighbourhood with ChefOnline. Get exclusive discounts and deals on your first order, browse through mouth-watering menus, make instant table reservations, and get takeaways brought right to your doorstep — only with ChefOnline!


Order Online

","Restaurants & Bars",52834,2,"Website still clearly states free…",""
"smakolyki.net","Smakolyki, meaning ""tasty food"" in Ukrainian, is a family-run business, established by a family who fled from the war in Ukraine. We specialise in healthy, fresh, and never processed food, prepared according to traditional Ukrainian and Polish cuisines with a modern twist. Our dishes are adorned with natural, colorful ingredients that promote healthy eating. Our menu includes national favorites like Vareniki (Polish Pierogi), which are handmade daily in our kitchen, delicious Pelmeni dumplings, as well as Nalystnyki (Spring Rolls) and Borscht soup. For those feeling more adventurous, we recommend trying our traditional Chicken Kiev. 
We also have a special vegetarian menu with a few vegan options. 
Smakolyki takeaway provides food delivery services to Bolton, Manchester, Wigan, Bury, Leigh, Chorley, and Horwich","Restaurants & Bars",52865,5,"The food is always fresh and warm",""
"smakolyki.net","Smakolyki, meaning ""tasty food"" in Ukrainian, is a family-run business, established by a family who fled from the war in Ukraine. We specialise in healthy, fresh, and never processed food, prepared according to traditional Ukrainian and Polish cuisines with a modern twist. Our dishes are adorned with natural, colorful ingredients that promote healthy eating. Our menu includes national favorites like Vareniki (Polish Pierogi), which are handmade daily in our kitchen, delicious Pelmeni dumplings, as well as Nalystnyki (Spring Rolls) and Borscht soup. For those feeling more adventurous, we recommend trying our traditional Chicken Kiev. 
We also have a special vegetarian menu with a few vegan options. 
Smakolyki takeaway provides food delivery services to Bolton, Manchester, Wigan, Bury, Leigh, Chorley, and Horwich","Restaurants & Bars",52866,5,"So flavourful ",""
"smakolyki.net","Smakolyki, meaning ""tasty food"" in Ukrainian, is a family-run business, established by a family who fled from the war in Ukraine. We specialise in healthy, fresh, and never processed food, prepared according to traditional Ukrainian and Polish cuisines with a modern twist. Our dishes are adorned with natural, colorful ingredients that promote healthy eating. Our menu includes national favorites like Vareniki (Polish Pierogi), which are handmade daily in our kitchen, delicious Pelmeni dumplings, as well as Nalystnyki (Spring Rolls) and Borscht soup. For those feeling more adventurous, we recommend trying our traditional Chicken Kiev. 
We also have a special vegetarian menu with a few vegan options. 
Smakolyki takeaway provides food delivery services to Bolton, Manchester, Wigan, Bury, Leigh, Chorley, and Horwich","Restaurants & Bars",52867,5,"The food here is SUBERB!!",""
"smakolyki.net","Smakolyki, meaning ""tasty food"" in Ukrainian, is a family-run business, established by a family who fled from the war in Ukraine. We specialise in healthy, fresh, and never processed food, prepared according to traditional Ukrainian and Polish cuisines with a modern twist. Our dishes are adorned with natural, colorful ingredients that promote healthy eating. Our menu includes national favorites like Vareniki (Polish Pierogi), which are handmade daily in our kitchen, delicious Pelmeni dumplings, as well as Nalystnyki (Spring Rolls) and Borscht soup. For those feeling more adventurous, we recommend trying our traditional Chicken Kiev. 
We also have a special vegetarian menu with a few vegan options. 
Smakolyki takeaway provides food delivery services to Bolton, Manchester, Wigan, Bury, Leigh, Chorley, and Horwich","Restaurants & Bars",52868,5,"Excellent food",""
"smakolyki.net","Smakolyki, meaning ""tasty food"" in Ukrainian, is a family-run business, established by a family who fled from the war in Ukraine. We specialise in healthy, fresh, and never processed food, prepared according to traditional Ukrainian and Polish cuisines with a modern twist. Our dishes are adorned with natural, colorful ingredients that promote healthy eating. Our menu includes national favorites like Vareniki (Polish Pierogi), which are handmade daily in our kitchen, delicious Pelmeni dumplings, as well as Nalystnyki (Spring Rolls) and Borscht soup. For those feeling more adventurous, we recommend trying our traditional Chicken Kiev. 
We also have a special vegetarian menu with a few vegan options. 
Smakolyki takeaway provides food delivery services to Bolton, Manchester, Wigan, Bury, Leigh, Chorley, and Horwich","Restaurants & Bars",52869,5,"The first of many orders.",""
"smakolyki.net","Smakolyki, meaning ""tasty food"" in Ukrainian, is a family-run business, established by a family who fled from the war in Ukraine. We specialise in healthy, fresh, and never processed food, prepared according to traditional Ukrainian and Polish cuisines with a modern twist. Our dishes are adorned with natural, colorful ingredients that promote healthy eating. Our menu includes national favorites like Vareniki (Polish Pierogi), which are handmade daily in our kitchen, delicious Pelmeni dumplings, as well as Nalystnyki (Spring Rolls) and Borscht soup. For those feeling more adventurous, we recommend trying our traditional Chicken Kiev. 
We also have a special vegetarian menu with a few vegan options. 
Smakolyki takeaway provides food delivery services to Bolton, Manchester, Wigan, Bury, Leigh, Chorley, and Horwich","Restaurants & Bars",52870,5,"First time visiting smakolyki catering.",""
"smakolyki.net","Smakolyki, meaning ""tasty food"" in Ukrainian, is a family-run business, established by a family who fled from the war in Ukraine. We specialise in healthy, fresh, and never processed food, prepared according to traditional Ukrainian and Polish cuisines with a modern twist. Our dishes are adorned with natural, colorful ingredients that promote healthy eating. Our menu includes national favorites like Vareniki (Polish Pierogi), which are handmade daily in our kitchen, delicious Pelmeni dumplings, as well as Nalystnyki (Spring Rolls) and Borscht soup. For those feeling more adventurous, we recommend trying our traditional Chicken Kiev. 
We also have a special vegetarian menu with a few vegan options. 
Smakolyki takeaway provides food delivery services to Bolton, Manchester, Wigan, Bury, Leigh, Chorley, and Horwich","Restaurants & Bars",52871,5,"Great authentic Ukranian food",""
"smakolyki.net","Smakolyki, meaning ""tasty food"" in Ukrainian, is a family-run business, established by a family who fled from the war in Ukraine. We specialise in healthy, fresh, and never processed food, prepared according to traditional Ukrainian and Polish cuisines with a modern twist. Our dishes are adorned with natural, colorful ingredients that promote healthy eating. Our menu includes national favorites like Vareniki (Polish Pierogi), which are handmade daily in our kitchen, delicious Pelmeni dumplings, as well as Nalystnyki (Spring Rolls) and Borscht soup. For those feeling more adventurous, we recommend trying our traditional Chicken Kiev. 
We also have a special vegetarian menu with a few vegan options. 
Smakolyki takeaway provides food delivery services to Bolton, Manchester, Wigan, Bury, Leigh, Chorley, and Horwich","Restaurants & Bars",52872,5,"Incredibly tasty dishes",""
"smakolyki.net","Smakolyki, meaning ""tasty food"" in Ukrainian, is a family-run business, established by a family who fled from the war in Ukraine. We specialise in healthy, fresh, and never processed food, prepared according to traditional Ukrainian and Polish cuisines with a modern twist. Our dishes are adorned with natural, colorful ingredients that promote healthy eating. Our menu includes national favorites like Vareniki (Polish Pierogi), which are handmade daily in our kitchen, delicious Pelmeni dumplings, as well as Nalystnyki (Spring Rolls) and Borscht soup. For those feeling more adventurous, we recommend trying our traditional Chicken Kiev. 
We also have a special vegetarian menu with a few vegan options. 
Smakolyki takeaway provides food delivery services to Bolton, Manchester, Wigan, Bury, Leigh, Chorley, and Horwich","Restaurants & Bars",52873,5,"Delicious",""
"smakolyki.net","Smakolyki, meaning ""tasty food"" in Ukrainian, is a family-run business, established by a family who fled from the war in Ukraine. We specialise in healthy, fresh, and never processed food, prepared according to traditional Ukrainian and Polish cuisines with a modern twist. Our dishes are adorned with natural, colorful ingredients that promote healthy eating. Our menu includes national favorites like Vareniki (Polish Pierogi), which are handmade daily in our kitchen, delicious Pelmeni dumplings, as well as Nalystnyki (Spring Rolls) and Borscht soup. For those feeling more adventurous, we recommend trying our traditional Chicken Kiev. 
We also have a special vegetarian menu with a few vegan options. 
Smakolyki takeaway provides food delivery services to Bolton, Manchester, Wigan, Bury, Leigh, Chorley, and Horwich","Restaurants & Bars",52874,5,"Really great takeout with a difference",""
"smakolyki.net","Smakolyki, meaning ""tasty food"" in Ukrainian, is a family-run business, established by a family who fled from the war in Ukraine. We specialise in healthy, fresh, and never processed food, prepared according to traditional Ukrainian and Polish cuisines with a modern twist. Our dishes are adorned with natural, colorful ingredients that promote healthy eating. Our menu includes national favorites like Vareniki (Polish Pierogi), which are handmade daily in our kitchen, delicious Pelmeni dumplings, as well as Nalystnyki (Spring Rolls) and Borscht soup. For those feeling more adventurous, we recommend trying our traditional Chicken Kiev. 
We also have a special vegetarian menu with a few vegan options. 
Smakolyki takeaway provides food delivery services to Bolton, Manchester, Wigan, Bury, Leigh, Chorley, and Horwich","Restaurants & Bars",52885,4,"Good",""
"smakolyki.net","Smakolyki, meaning ""tasty food"" in Ukrainian, is a family-run business, established by a family who fled from the war in Ukraine. We specialise in healthy, fresh, and never processed food, prepared according to traditional Ukrainian and Polish cuisines with a modern twist. Our dishes are adorned with natural, colorful ingredients that promote healthy eating. Our menu includes national favorites like Vareniki (Polish Pierogi), which are handmade daily in our kitchen, delicious Pelmeni dumplings, as well as Nalystnyki (Spring Rolls) and Borscht soup. For those feeling more adventurous, we recommend trying our traditional Chicken Kiev. 
We also have a special vegetarian menu with a few vegan options. 
Smakolyki takeaway provides food delivery services to Bolton, Manchester, Wigan, Bury, Leigh, Chorley, and Horwich","Restaurants & Bars",52886,4,"Service and atmosphere is fantastic",""
"smakolyki.net","Smakolyki, meaning ""tasty food"" in Ukrainian, is a family-run business, established by a family who fled from the war in Ukraine. We specialise in healthy, fresh, and never processed food, prepared according to traditional Ukrainian and Polish cuisines with a modern twist. Our dishes are adorned with natural, colorful ingredients that promote healthy eating. Our menu includes national favorites like Vareniki (Polish Pierogi), which are handmade daily in our kitchen, delicious Pelmeni dumplings, as well as Nalystnyki (Spring Rolls) and Borscht soup. For those feeling more adventurous, we recommend trying our traditional Chicken Kiev. 
We also have a special vegetarian menu with a few vegan options. 
Smakolyki takeaway provides food delivery services to Bolton, Manchester, Wigan, Bury, Leigh, Chorley, and Horwich","Restaurants & Bars",52887,2,"I ordered all of the desserts and…",""
"gauthierhome.co.uk","Plant-based meal kits from award-winning vegan chef Alexis Gauthier, delivered nationwide direct from Soho, London","Restaurants & Bars",52888,5,"Absolutely amazing!",""
"gauthierhome.co.uk","Plant-based meal kits from award-winning vegan chef Alexis Gauthier, delivered nationwide direct from Soho, London","Restaurants & Bars",52889,5,"I had a great experience",""
"gauthierhome.co.uk","Plant-based meal kits from award-winning vegan chef Alexis Gauthier, delivered nationwide direct from Soho, London","Restaurants & Bars",52890,5,"The food was exceptional",""
"gauthierhome.co.uk","Plant-based meal kits from award-winning vegan chef Alexis Gauthier, delivered nationwide direct from Soho, London","Restaurants & Bars",52891,5,"This was such a treat",""
"gauthierhome.co.uk","Plant-based meal kits from award-winning vegan chef Alexis Gauthier, delivered nationwide direct from Soho, London","Restaurants & Bars",52892,5,"Excellent box",""
"gauthierhome.co.uk","Plant-based meal kits from award-winning vegan chef Alexis Gauthier, delivered nationwide direct from Soho, London","Restaurants & Bars",52893,5,"Best experience",""
"gauthierhome.co.uk","Plant-based meal kits from award-winning vegan chef Alexis Gauthier, delivered nationwide direct from Soho, London","Restaurants & Bars",52894,5,"Dining in in style",""
"gauthierhome.co.uk","Plant-based meal kits from award-winning vegan chef Alexis Gauthier, delivered nationwide direct from Soho, London","Restaurants & Bars",52895,5,"Mega Vegan experiance.",""
"gauthierhome.co.uk","Plant-based meal kits from award-winning vegan chef Alexis Gauthier, delivered nationwide direct from Soho, London","Restaurants & Bars",52896,5,"Restaurant experience at your door",""
"gauthierhome.co.uk","Plant-based meal kits from award-winning vegan chef Alexis Gauthier, delivered nationwide direct from Soho, London","Restaurants & Bars",52897,5,"Amazing food for a very reasonable…",""
"gauthierhome.co.uk","Plant-based meal kits from award-winning vegan chef Alexis Gauthier, delivered nationwide direct from Soho, London","Restaurants & Bars",52908,4,"Bangkok at home!",""
"gauthierhome.co.uk","Plant-based meal kits from award-winning vegan chef Alexis Gauthier, delivered nationwide direct from Soho, London","Restaurants & Bars",52909,4,"Excellent food and overall experience",""
"gauthierhome.co.uk","Plant-based meal kits from award-winning vegan chef Alexis Gauthier, delivered nationwide direct from Soho, London","Restaurants & Bars",52910,4,"Inspired, delicious and memorable!",""
"gauthierhome.co.uk","Plant-based meal kits from award-winning vegan chef Alexis Gauthier, delivered nationwide direct from Soho, London","Restaurants & Bars",52911,4,"Almost everything was perfect",""
"gauthierhome.co.uk","Plant-based meal kits from award-winning vegan chef Alexis Gauthier, delivered nationwide direct from Soho, London","Restaurants & Bars",52912,2,"Disappointing",""
"gauthierhome.co.uk","Plant-based meal kits from award-winning vegan chef Alexis Gauthier, delivered nationwide direct from Soho, London","Restaurants & Bars",52913,2,"Just OK",""
"gauthierhome.co.uk","Plant-based meal kits from award-winning vegan chef Alexis Gauthier, delivered nationwide direct from Soho, London","Restaurants & Bars",52914,2,"Disappointing",""
"gauthierhome.co.uk","Plant-based meal kits from award-winning vegan chef Alexis Gauthier, delivered nationwide direct from Soho, London","Restaurants & Bars",52915,2,"I was very disappointed",""
"gauthierhome.co.uk","Plant-based meal kits from award-winning vegan chef Alexis Gauthier, delivered nationwide direct from Soho, London","Restaurants & Bars",52916,1,"Arrived smashed, no compensation",""
"gauthierhome.co.uk","Plant-based meal kits from award-winning vegan chef Alexis Gauthier, delivered nationwide direct from Soho, London","Restaurants & Bars",52917,1,"Not an enjoyable experience",""
"gauthierhome.co.uk","Plant-based meal kits from award-winning vegan chef Alexis Gauthier, delivered nationwide direct from Soho, London","Restaurants & Bars",52918,1,"Truly disappointing Valentine's box",""
"gauthierhome.co.uk","Plant-based meal kits from award-winning vegan chef Alexis Gauthier, delivered nationwide direct from Soho, London","Restaurants & Bars",52919,1,"I bought a voucher for a three course…",""
"gauthierhome.co.uk","Plant-based meal kits from award-winning vegan chef Alexis Gauthier, delivered nationwide direct from Soho, London","Restaurants & Bars",52920,1,"Expensive mistake not to be repeated",""
"gauthierhome.co.uk","Plant-based meal kits from award-winning vegan chef Alexis Gauthier, delivered nationwide direct from Soho, London","Restaurants & Bars",52921,1,"How shall I put it? 'COULD DO BETTER'",""
"www.yosushi.com","YO! Sushi brings you tasty Japanese food in a fun environment and on your own doorstep. So bring your friends and family and join the growing YO! Family! Give YO! a go!","Restaurants & Bars",52923,5,"My daughter and I ate there this…",""
"www.yosushi.com","YO! Sushi brings you tasty Japanese food in a fun environment and on your own doorstep. So bring your friends and family and join the growing YO! Family! Give YO! a go!","Restaurants & Bars",52924,5,"Excellent experience!!",""
"www.yosushi.com","YO! Sushi brings you tasty Japanese food in a fun environment and on your own doorstep. So bring your friends and family and join the growing YO! Family! Give YO! a go!","Restaurants & Bars",52925,5,"Superb service from Emma",""
"www.yosushi.com","YO! Sushi brings you tasty Japanese food in a fun environment and on your own doorstep. So bring your friends and family and join the growing YO! Family! Give YO! a go!","Restaurants & Bars",52926,5,"This was the branch off Bond Street",""
"www.yosushi.com","YO! Sushi brings you tasty Japanese food in a fun environment and on your own doorstep. So bring your friends and family and join the growing YO! Family! Give YO! a go!","Restaurants & Bars",52927,5,"superb customer service",""
"www.yosushi.com","YO! Sushi brings you tasty Japanese food in a fun environment and on your own doorstep. So bring your friends and family and join the growing YO! Family! Give YO! a go!","Restaurants & Bars",52928,5,"Absolutely wonderful",""
"www.yosushi.com","YO! Sushi brings you tasty Japanese food in a fun environment and on your own doorstep. So bring your friends and family and join the growing YO! Family! Give YO! a go!","Restaurants & Bars",52929,5,"Bathgate super service",""
"www.yosushi.com","YO! Sushi brings you tasty Japanese food in a fun environment and on your own doorstep. So bring your friends and family and join the growing YO! Family! Give YO! a go!","Restaurants & Bars",52930,5,"Amazing!!!!went with my late grandma…",""
"www.yosushi.com","YO! Sushi brings you tasty Japanese food in a fun environment and on your own doorstep. So bring your friends and family and join the growing YO! Family! Give YO! a go!","Restaurants & Bars",52931,5,"Sushi school ",""
"www.yosushi.com","YO! Sushi brings you tasty Japanese food in a fun environment and on your own doorstep. So bring your friends and family and join the growing YO! Family! Give YO! a go!","Restaurants & Bars",52932,5,"I thought it was amazing",""
"www.yosushi.com","YO! Sushi brings you tasty Japanese food in a fun environment and on your own doorstep. So bring your friends and family and join the growing YO! Family! Give YO! a go!","Restaurants & Bars",52943,4,"First time ",""
"www.yosushi.com","YO! Sushi brings you tasty Japanese food in a fun environment and on your own doorstep. So bring your friends and family and join the growing YO! Family! Give YO! a go!","Restaurants & Bars",52944,4,"Really good",""
"www.yosushi.com","YO! Sushi brings you tasty Japanese food in a fun environment and on your own doorstep. So bring your friends and family and join the growing YO! Family! Give YO! a go!","Restaurants & Bars",52945,4,"Booked a table to Yo sushi in…",""
"www.yosushi.com","YO! Sushi brings you tasty Japanese food in a fun environment and on your own doorstep. So bring your friends and family and join the growing YO! Family! Give YO! a go!","Restaurants & Bars",52946,4,"We visited the swindon outlet Yo Sushi…",""
"www.yosushi.com","YO! Sushi brings you tasty Japanese food in a fun environment and on your own doorstep. So bring your friends and family and join the growing YO! Family! Give YO! a go!","Restaurants & Bars",52947,4,"Delicious food, good experience -Liverpool",""
"www.yosushi.com","YO! Sushi brings you tasty Japanese food in a fun environment and on your own doorstep. So bring your friends and family and join the growing YO! Family! Give YO! a go!","Restaurants & Bars",52948,4,"Great Food",""
"www.yosushi.com","YO! Sushi brings you tasty Japanese food in a fun environment and on your own doorstep. So bring your friends and family and join the growing YO! Family! Give YO! a go!","Restaurants & Bars",52949,4,"The Yo Sushi counter in Tesco Reading",""
"www.yosushi.com","YO! Sushi brings you tasty Japanese food in a fun environment and on your own doorstep. So bring your friends and family and join the growing YO! Family! Give YO! a go!","Restaurants & Bars",52950,4,"Would of been five star",""
"www.yosushi.com","YO! Sushi brings you tasty Japanese food in a fun environment and on your own doorstep. So bring your friends and family and join the growing YO! Family! Give YO! a go!","Restaurants & Bars",52951,4,"Love Sushi, however could do with a little more attention to customers",""
"www.yosushi.com","YO! Sushi brings you tasty Japanese food in a fun environment and on your own doorstep. So bring your friends and family and join the growing YO! Family! Give YO! a go!","Restaurants & Bars",52952,4,"YoSushi in Newcastle town centre good service",""
"www.yosushi.com","YO! Sushi brings you tasty Japanese food in a fun environment and on your own doorstep. So bring your friends and family and join the growing YO! Family! Give YO! a go!","Restaurants & Bars",52953,4,"the food is quite nice but could be…",""
"www.yosushi.com","YO! Sushi brings you tasty Japanese food in a fun environment and on your own doorstep. So bring your friends and family and join the growing YO! Family! Give YO! a go!","Restaurants & Bars",52954,4,"The average meal is spot on",""
"www.yosushi.com","YO! Sushi brings you tasty Japanese food in a fun environment and on your own doorstep. So bring your friends and family and join the growing YO! Family! Give YO! a go!","Restaurants & Bars",52955,4,"Impressive",""
"www.yosushi.com","YO! Sushi brings you tasty Japanese food in a fun environment and on your own doorstep. So bring your friends and family and join the growing YO! Family! Give YO! a go!","Restaurants & Bars",52956,4,"love the food here",""
"www.yosushi.com","YO! Sushi brings you tasty Japanese food in a fun environment and on your own doorstep. So bring your friends and family and join the growing YO! Family! Give YO! a go!","Restaurants & Bars",52957,3,"Pumpkin Katsu bought from St Pancras",""
"www.yosushi.com","YO! Sushi brings you tasty Japanese food in a fun environment and on your own doorstep. So bring your friends and family and join the growing YO! Family! Give YO! a go!","Restaurants & Bars",52958,3,"From good to bad",""
"www.yosushi.com","YO! Sushi brings you tasty Japanese food in a fun environment and on your own doorstep. So bring your friends and family and join the growing YO! Family! Give YO! a go!","Restaurants & Bars",52959,3,"Usually buy a Seafood Soup",""
"www.yosushi.com","YO! Sushi brings you tasty Japanese food in a fun environment and on your own doorstep. So bring your friends and family and join the growing YO! Family! Give YO! a go!","Restaurants & Bars",52960,3,"A long view of the decline of Yo!",""
"www.yosushi.com","YO! Sushi brings you tasty Japanese food in a fun environment and on your own doorstep. So bring your friends and family and join the growing YO! Family! Give YO! a go!","Restaurants & Bars",52961,3,"Aberdeen branch",""
"www.yosushi.com","YO! Sushi brings you tasty Japanese food in a fun environment and on your own doorstep. So bring your friends and family and join the growing YO! Family! Give YO! a go!","Restaurants & Bars",52962,3,"When did YoSushi lose its atmosphere",""
"www.yosushi.com","YO! Sushi brings you tasty Japanese food in a fun environment and on your own doorstep. So bring your friends and family and join the growing YO! Family! Give YO! a go!","Restaurants & Bars",52963,3,"Will Yo Sushi ever revert to its previous belt charm?",""
"www.yosushi.com","YO! Sushi brings you tasty Japanese food in a fun environment and on your own doorstep. So bring your friends and family and join the growing YO! Family! Give YO! a go!","Restaurants & Bars",52964,3,"Bone in the Salmon sushi",""
"www.yosushi.com","YO! Sushi brings you tasty Japanese food in a fun environment and on your own doorstep. So bring your friends and family and join the growing YO! Family! Give YO! a go!","Restaurants & Bars",52965,3,"Used to love Yo Sushi but todays visit…",""
"www.yosushi.com","YO! Sushi brings you tasty Japanese food in a fun environment and on your own doorstep. So bring your friends and family and join the growing YO! Family! Give YO! a go!","Restaurants & Bars",52966,3,"All the ""covid measures"" destroyed the experience",""
"www.yosushi.com","YO! Sushi brings you tasty Japanese food in a fun environment and on your own doorstep. So bring your friends and family and join the growing YO! Family! Give YO! a go!","Restaurants & Bars",52967,3,"Yo! Sushi.  Swindon designer Outlet",""
"www.yosushi.com","YO! Sushi brings you tasty Japanese food in a fun environment and on your own doorstep. So bring your friends and family and join the growing YO! Family! Give YO! a go!","Restaurants & Bars",52968,3,"Good service",""
"www.yosushi.com","YO! Sushi brings you tasty Japanese food in a fun environment and on your own doorstep. So bring your friends and family and join the growing YO! Family! Give YO! a go!","Restaurants & Bars",52969,3,"First time at you sushi in silver burn…",""
"www.yosushi.com","YO! Sushi brings you tasty Japanese food in a fun environment and on your own doorstep. So bring your friends and family and join the growing YO! Family! Give YO! a go!","Restaurants & Bars",52970,3,"I can not remember a time when yo sushi…",""
"www.yosushi.com","YO! Sushi brings you tasty Japanese food in a fun environment and on your own doorstep. So bring your friends and family and join the growing YO! Family! Give YO! a go!","Restaurants & Bars",52971,3,"Watford",""
"www.yosushi.com","YO! Sushi brings you tasty Japanese food in a fun environment and on your own doorstep. So bring your friends and family and join the growing YO! Family! Give YO! a go!","Restaurants & Bars",52972,3,"It's difficult to review a chain",""
"www.yosushi.com","YO! Sushi brings you tasty Japanese food in a fun environment and on your own doorstep. So bring your friends and family and join the growing YO! Family! Give YO! a go!","Restaurants & Bars",52973,3,"I like Sushi and the food at Yo Sushi…",""
"www.yosushi.com","YO! Sushi brings you tasty Japanese food in a fun environment and on your own doorstep. So bring your friends and family and join the growing YO! Family! Give YO! a go!","Restaurants & Bars",52974,2,"Pitiful portions for premium prices",""
"www.yosushi.com","YO! Sushi brings you tasty Japanese food in a fun environment and on your own doorstep. So bring your friends and family and join the growing YO! Family! Give YO! a go!","Restaurants & Bars",52975,2,"Warm sushi",""
"www.yosushi.com","YO! Sushi brings you tasty Japanese food in a fun environment and on your own doorstep. So bring your friends and family and join the growing YO! Family! Give YO! a go!","Restaurants & Bars",52976,2,"Not so keen on the Ashford Outlet…",""
"www.yosushi.com","YO! Sushi brings you tasty Japanese food in a fun environment and on your own doorstep. So bring your friends and family and join the growing YO! Family! Give YO! a go!","Restaurants & Bars",52977,2,"New Ordering System Creates Poor Service",""
"www.yosushi.com","YO! Sushi brings you tasty Japanese food in a fun environment and on your own doorstep. So bring your friends and family and join the growing YO! Family! Give YO! a go!","Restaurants & Bars",52978,2,"Went to the new one in Bluewater today",""
"www.yosushi.com","YO! Sushi brings you tasty Japanese food in a fun environment and on your own doorstep. So bring your friends and family and join the growing YO! Family! Give YO! a go!","Restaurants & Bars",52979,2,"Swindon branch, poor service, sub par food. Over priced.",""
"www.yosushi.com","YO! Sushi brings you tasty Japanese food in a fun environment and on your own doorstep. So bring your friends and family and join the growing YO! Family! Give YO! a go!","Restaurants & Bars",52980,2,"Fair enough Product, Obliterated by Onion",""
"www.yosushi.com","YO! Sushi brings you tasty Japanese food in a fun environment and on your own doorstep. So bring your friends and family and join the growing YO! Family! Give YO! a go!","Restaurants & Bars",52981,2,"The sushi was of bad quality...",""
"www.yosushi.com","YO! Sushi brings you tasty Japanese food in a fun environment and on your own doorstep. So bring your friends and family and join the growing YO! Family! Give YO! a go!","Restaurants & Bars",52982,2,"Today for the first time went to YO in…",""
"www.yosushi.com","YO! Sushi brings you tasty Japanese food in a fun environment and on your own doorstep. So bring your friends and family and join the growing YO! Family! Give YO! a go!","Restaurants & Bars",52983,2,"The sushi was of bad quality...",""
"keytofood.co.uk","Healthy meal prep delivery in London, prepared fresh daily & delivered to 
  your home or office! Weekly changing menu bespoke to your personal health 
  goals.","Restaurants & Bars",53014,5,"Time saver",""
"keytofood.co.uk","Healthy meal prep delivery in London, prepared fresh daily & delivered to 
  your home or office! Weekly changing menu bespoke to your personal health 
  goals.","Restaurants & Bars",53015,5,"A friend suggested the company to me so…",""
"keytofood.co.uk","Healthy meal prep delivery in London, prepared fresh daily & delivered to 
  your home or office! Weekly changing menu bespoke to your personal health 
  goals.","Restaurants & Bars",53016,5,"Ticks all my boxes",""
"keytofood.co.uk","Healthy meal prep delivery in London, prepared fresh daily & delivered to 
  your home or office! Weekly changing menu bespoke to your personal health 
  goals.","Restaurants & Bars",53017,5,"Best food delivery in London!",""
"keytofood.co.uk","Healthy meal prep delivery in London, prepared fresh daily & delivered to 
  your home or office! Weekly changing menu bespoke to your personal health 
  goals.","Restaurants & Bars",53018,5,"I was extremely impressed by my week of food",""
"keytofood.co.uk","Healthy meal prep delivery in London, prepared fresh daily & delivered to 
  your home or office! Weekly changing menu bespoke to your personal health 
  goals.","Restaurants & Bars",53019,5,"Couldn’t be better!",""
"keytofood.co.uk","Healthy meal prep delivery in London, prepared fresh daily & delivered to 
  your home or office! Weekly changing menu bespoke to your personal health 
  goals.","Restaurants & Bars",53020,5,"Best In Class!",""
"keytofood.co.uk","Healthy meal prep delivery in London, prepared fresh daily & delivered to 
  your home or office! Weekly changing menu bespoke to your personal health 
  goals.","Restaurants & Bars",53021,5,"Amazing variation and quality",""
"keytofood.co.uk","Healthy meal prep delivery in London, prepared fresh daily & delivered to 
  your home or office! Weekly changing menu bespoke to your personal health 
  goals.","Restaurants & Bars",53022,5,"Key to Food has changed my life for the…",""
"keytofood.co.uk","Healthy meal prep delivery in London, prepared fresh daily & delivered to 
  your home or office! Weekly changing menu bespoke to your personal health 
  goals.","Restaurants & Bars",53023,5,"Would give 6 stars if I could",""
"keytofood.co.uk","Healthy meal prep delivery in London, prepared fresh daily & delivered to 
  your home or office! Weekly changing menu bespoke to your personal health 
  goals.","Restaurants & Bars",53034,4,"Lovely food",""
"keytofood.co.uk","Healthy meal prep delivery in London, prepared fresh daily & delivered to 
  your home or office! Weekly changing menu bespoke to your personal health 
  goals.","Restaurants & Bars",53035,4,"Pretty good",""
"keytofood.co.uk","Healthy meal prep delivery in London, prepared fresh daily & delivered to 
  your home or office! Weekly changing menu bespoke to your personal health 
  goals.","Restaurants & Bars",53036,4,"Great quality and taste",""
"keytofood.co.uk","Healthy meal prep delivery in London, prepared fresh daily & delivered to 
  your home or office! Weekly changing menu bespoke to your personal health 
  goals.","Restaurants & Bars",53037,4,"Food is healthy and delicious",""
"keytofood.co.uk","Healthy meal prep delivery in London, prepared fresh daily & delivered to 
  your home or office! Weekly changing menu bespoke to your personal health 
  goals.","Restaurants & Bars",53038,4,"Good quality, tasty and well balanced meals.",""
"keytofood.co.uk","Healthy meal prep delivery in London, prepared fresh daily & delivered to 
  your home or office! Weekly changing menu bespoke to your personal health 
  goals.","Restaurants & Bars",53039,4,"Really great varied food",""
"keytofood.co.uk","Healthy meal prep delivery in London, prepared fresh daily & delivered to 
  your home or office! Weekly changing menu bespoke to your personal health 
  goals.","Restaurants & Bars",53040,4,"Great good for a packaged service and…",""
"keytofood.co.uk","Healthy meal prep delivery in London, prepared fresh daily & delivered to 
  your home or office! Weekly changing menu bespoke to your personal health 
  goals.","Restaurants & Bars",53041,3,"Healthy but tasteless",""
"keytofood.co.uk","Healthy meal prep delivery in London, prepared fresh daily & delivered to 
  your home or office! Weekly changing menu bespoke to your personal health 
  goals.","Restaurants & Bars",53042,3,"Unfortunately there were three days of…",""
"keytofood.co.uk","Healthy meal prep delivery in London, prepared fresh daily & delivered to 
  your home or office! Weekly changing menu bespoke to your personal health 
  goals.","Restaurants & Bars",53043,2,"repetitive meals, meat mixup in vegan meals",""
"keytofood.co.uk","Healthy meal prep delivery in London, prepared fresh daily & delivered to 
  your home or office! Weekly changing menu bespoke to your personal health 
  goals.","Restaurants & Bars",53044,2,"Not as great as it would first appear",""
"keytofood.co.uk","Healthy meal prep delivery in London, prepared fresh daily & delivered to 
  your home or office! Weekly changing menu bespoke to your personal health 
  goals.","Restaurants & Bars",53045,2,"I had a good experience first time…",""
"keytofood.co.uk","Healthy meal prep delivery in London, prepared fresh daily & delivered to 
  your home or office! Weekly changing menu bespoke to your personal health 
  goals.","Restaurants & Bars",53046,2,"Good food but never delivered on time",""
"keytofood.co.uk","Healthy meal prep delivery in London, prepared fresh daily & delivered to 
  your home or office! Weekly changing menu bespoke to your personal health 
  goals.","Restaurants & Bars",53047,1,"Avoid Queens Kebab Ramsgate",""
"keytofood.co.uk","Healthy meal prep delivery in London, prepared fresh daily & delivered to 
  your home or office! Weekly changing menu bespoke to your personal health 
  goals.","Restaurants & Bars",53048,1,"Poor service",""
"keytofood.co.uk","Healthy meal prep delivery in London, prepared fresh daily & delivered to 
  your home or office! Weekly changing menu bespoke to your personal health 
  goals.","Restaurants & Bars",53049,1,"Horrible food, exceptionally poor, stubborn service.",""
"keytofood.co.uk","Healthy meal prep delivery in London, prepared fresh daily & delivered to 
  your home or office! Weekly changing menu bespoke to your personal health 
  goals.","Restaurants & Bars",53050,1,"Careless company that doesn’t take proper care of people with coeliac, but promises to do so!",""
"keytofood.co.uk","Healthy meal prep delivery in London, prepared fresh daily & delivered to 
  your home or office! Weekly changing menu bespoke to your personal health 
  goals.","Restaurants & Bars",53051,1,"Avoid at all costs",""
"keytofood.co.uk","Healthy meal prep delivery in London, prepared fresh daily & delivered to 
  your home or office! Weekly changing menu bespoke to your personal health 
  goals.","Restaurants & Bars",53052,1,"Horrible service",""
"www.gainzhealthkitchen.co.uk","Gainz Kitchen - healthy fast food company.","Restaurants & Bars",53056,5,"Great customer service",""
"www.gainzhealthkitchen.co.uk","Gainz Kitchen - healthy fast food company.","Restaurants & Bars",53057,5,"Absolutely the best food preps ever",""
"www.gainzhealthkitchen.co.uk","Gainz Kitchen - healthy fast food company.","Restaurants & Bars",53058,5,"Brilliant experience so far",""
"www.gainzhealthkitchen.co.uk","Gainz Kitchen - healthy fast food company.","Restaurants & Bars",53059,5,"gainz kitchen 10/10 meal prep",""
"www.gainzhealthkitchen.co.uk","Gainz Kitchen - healthy fast food company.","Restaurants & Bars",53060,5,"The best meal prep I’ve used to date…",""
"www.gainzhealthkitchen.co.uk","Gainz Kitchen - healthy fast food company.","Restaurants & Bars",53061,5,"Absolutely amazing",""
"www.gainzhealthkitchen.co.uk","Gainz Kitchen - healthy fast food company.","Restaurants & Bars",53062,5,"Delicious and quick",""
"www.gainzhealthkitchen.co.uk","Gainz Kitchen - healthy fast food company.","Restaurants & Bars",53063,5,"Love Gainz! Best investment in health during diet",""
"www.gainzhealthkitchen.co.uk","Gainz Kitchen - healthy fast food company.","Restaurants & Bars",53064,5,"10/10 meal prep …",""
"www.gainzhealthkitchen.co.uk","Gainz Kitchen - healthy fast food company.","Restaurants & Bars",53065,5,"Definitely recommended!",""
"www.gainzhealthkitchen.co.uk","Gainz Kitchen - healthy fast food company.","Restaurants & Bars",53076,4,"I love the convenience that…",""
"www.gainzhealthkitchen.co.uk","Gainz Kitchen - healthy fast food company.","Restaurants & Bars",53077,3,"Overall",""
"www.gainzhealthkitchen.co.uk","Gainz Kitchen - healthy fast food company.","Restaurants & Bars",53078,3,"A few the meals just know that there’s…",""
"www.gainzhealthkitchen.co.uk","Gainz Kitchen - healthy fast food company.","Restaurants & Bars",53079,2,"Advertised Halal but Beware!!",""
"www.gainzhealthkitchen.co.uk","Gainz Kitchen - healthy fast food company.","Restaurants & Bars",53080,2,"Never recieved some of my meals, was offered a refund but never recieved this and my messages are now getting ignored",""
"www.gainzhealthkitchen.co.uk","Gainz Kitchen - healthy fast food company.","Restaurants & Bars",53081,2,"Not worth it",""
"www.gainzhealthkitchen.co.uk","Gainz Kitchen - healthy fast food company.","Restaurants & Bars",53082,2,"Food arrived smashed and broken and…",""
"www.gainzhealthkitchen.co.uk","Gainz Kitchen - healthy fast food company.","Restaurants & Bars",53083,1,"They have taken money from my card…",""
"www.gainzhealthkitchen.co.uk","Gainz Kitchen - healthy fast food company.","Restaurants & Bars",53084,1,"DO NOT USE - THEY WILL SCAM YOU",""
"www.gainzhealthkitchen.co.uk","Gainz Kitchen - healthy fast food company.","Restaurants & Bars",53085,1,"its a scam",""
"www.gainzhealthkitchen.co.uk","Gainz Kitchen - healthy fast food company.","Restaurants & Bars",53086,1,"THE WORST COMPANY EVER",""
"www.gainzhealthkitchen.co.uk","Gainz Kitchen - healthy fast food company.","Restaurants & Bars",53087,1,"DO NOT ORDER FROM THIS COMPANY",""
"www.gainzhealthkitchen.co.uk","Gainz Kitchen - healthy fast food company.","Restaurants & Bars",53088,1,"IGNORING MY MESSAGES ABOUT BEING OVERCHARGED!!",""
"pastan.co.uk","Pastan is a family-owned plant-based pasta restaurant. 

We serve a range of delicious handmade pasta dishes and delicacies; all made with the finest ingredients. At Pastan, we believe you shouldn't have to compromise on flavour or enjoyment when it comes to eating food that respects the planet. 

Carbon Free Dining partner. ","Restaurants & Bars",53094,5,"Delicious ",""
"pastan.co.uk","Pastan is a family-owned plant-based pasta restaurant. 

We serve a range of delicious handmade pasta dishes and delicacies; all made with the finest ingredients. At Pastan, we believe you shouldn't have to compromise on flavour or enjoyment when it comes to eating food that respects the planet. 

Carbon Free Dining partner. ","Restaurants & Bars",53095,5,"What a gem!",""
"pastan.co.uk","Pastan is a family-owned plant-based pasta restaurant. 

We serve a range of delicious handmade pasta dishes and delicacies; all made with the finest ingredients. At Pastan, we believe you shouldn't have to compromise on flavour or enjoyment when it comes to eating food that respects the planet. 

Carbon Free Dining partner. ","Restaurants & Bars",53096,5,"This has quickly become our favourite…",""
"pastan.co.uk","Pastan is a family-owned plant-based pasta restaurant. 

We serve a range of delicious handmade pasta dishes and delicacies; all made with the finest ingredients. At Pastan, we believe you shouldn't have to compromise on flavour or enjoyment when it comes to eating food that respects the planet. 

Carbon Free Dining partner. ","Restaurants & Bars",53097,5,"Excellent customer service. Delicious food!",""
"pastan.co.uk","Pastan is a family-owned plant-based pasta restaurant. 

We serve a range of delicious handmade pasta dishes and delicacies; all made with the finest ingredients. At Pastan, we believe you shouldn't have to compromise on flavour or enjoyment when it comes to eating food that respects the planet. 

Carbon Free Dining partner. ","Restaurants & Bars",53098,5,"Lovely birthday celebrations",""
"pastan.co.uk","Pastan is a family-owned plant-based pasta restaurant. 

We serve a range of delicious handmade pasta dishes and delicacies; all made with the finest ingredients. At Pastan, we believe you shouldn't have to compromise on flavour or enjoyment when it comes to eating food that respects the planet. 

Carbon Free Dining partner. ","Restaurants & Bars",53099,5,"My new favourite place in Manchester!",""
"pastan.co.uk","Pastan is a family-owned plant-based pasta restaurant. 

We serve a range of delicious handmade pasta dishes and delicacies; all made with the finest ingredients. At Pastan, we believe you shouldn't have to compromise on flavour or enjoyment when it comes to eating food that respects the planet. 

Carbon Free Dining partner. ","Restaurants & Bars",53100,5,"Great food (especially the gnocchi…",""
"pastan.co.uk","Pastan is a family-owned plant-based pasta restaurant. 

We serve a range of delicious handmade pasta dishes and delicacies; all made with the finest ingredients. At Pastan, we believe you shouldn't have to compromise on flavour or enjoyment when it comes to eating food that respects the planet. 

Carbon Free Dining partner. ","Restaurants & Bars",53101,5,"Really special little restaurant",""
"pastan.co.uk","Pastan is a family-owned plant-based pasta restaurant. 

We serve a range of delicious handmade pasta dishes and delicacies; all made with the finest ingredients. At Pastan, we believe you shouldn't have to compromise on flavour or enjoyment when it comes to eating food that respects the planet. 

Carbon Free Dining partner. ","Restaurants & Bars",53102,5,"Absolutely delicious",""
"pastan.co.uk","Pastan is a family-owned plant-based pasta restaurant. 

We serve a range of delicious handmade pasta dishes and delicacies; all made with the finest ingredients. At Pastan, we believe you shouldn't have to compromise on flavour or enjoyment when it comes to eating food that respects the planet. 

Carbon Free Dining partner. ","Restaurants & Bars",53103,5,"Great vegan pasta",""
"pastan.co.uk","Pastan is a family-owned plant-based pasta restaurant. 

We serve a range of delicious handmade pasta dishes and delicacies; all made with the finest ingredients. At Pastan, we believe you shouldn't have to compromise on flavour or enjoyment when it comes to eating food that respects the planet. 

Carbon Free Dining partner. ","Restaurants & Bars",53114,4,"Gift Voucher",""
"pastan.co.uk","Pastan is a family-owned plant-based pasta restaurant. 

We serve a range of delicious handmade pasta dishes and delicacies; all made with the finest ingredients. At Pastan, we believe you shouldn't have to compromise on flavour or enjoyment when it comes to eating food that respects the planet. 

Carbon Free Dining partner. ","Restaurants & Bars",53115,3,"Wouldn’t rush back.",""
"pastan.co.uk","Pastan is a family-owned plant-based pasta restaurant. 

We serve a range of delicious handmade pasta dishes and delicacies; all made with the finest ingredients. At Pastan, we believe you shouldn't have to compromise on flavour or enjoyment when it comes to eating food that respects the planet. 

Carbon Free Dining partner. ","Restaurants & Bars",53116,3,"it's fully vegan",""
"pastan.co.uk","Pastan is a family-owned plant-based pasta restaurant. 

We serve a range of delicious handmade pasta dishes and delicacies; all made with the finest ingredients. At Pastan, we believe you shouldn't have to compromise on flavour or enjoyment when it comes to eating food that respects the planet. 

Carbon Free Dining partner. ","Restaurants & Bars",53117,3,"Nice but lacking",""
"pastan.co.uk","Pastan is a family-owned plant-based pasta restaurant. 

We serve a range of delicious handmade pasta dishes and delicacies; all made with the finest ingredients. At Pastan, we believe you shouldn't have to compromise on flavour or enjoyment when it comes to eating food that respects the planet. 

Carbon Free Dining partner. ","Restaurants & Bars",53118,2,"Staff were super lovely and…",""
"pastan.co.uk","Pastan is a family-owned plant-based pasta restaurant. 

We serve a range of delicious handmade pasta dishes and delicacies; all made with the finest ingredients. At Pastan, we believe you shouldn't have to compromise on flavour or enjoyment when it comes to eating food that respects the planet. 

Carbon Free Dining partner. ","Restaurants & Bars",53119,2,"Food was delicious but service was…",""
"pastan.co.uk","Pastan is a family-owned plant-based pasta restaurant. 

We serve a range of delicious handmade pasta dishes and delicacies; all made with the finest ingredients. At Pastan, we believe you shouldn't have to compromise on flavour or enjoyment when it comes to eating food that respects the planet. 

Carbon Free Dining partner. ","Restaurants & Bars",53120,1,"PASTAN took booking but was closed?!",""
"www.eattokyo.co.uk","Authentic Japanese cuisine from our Japanese restaurants across London. Including sushi, sashimi and bento. Call 020 8209 0079","Restaurants & Bars",53121,5,"H’Smith location - Contrary to some of the poor review..",""
"www.eattokyo.co.uk","Authentic Japanese cuisine from our Japanese restaurants across London. Including sushi, sashimi and bento. Call 020 8209 0079","Restaurants & Bars",53122,5,"My favourite Japanese restaurant chain…",""
"www.eattokyo.co.uk","Authentic Japanese cuisine from our Japanese restaurants across London. Including sushi, sashimi and bento. Call 020 8209 0079","Restaurants & Bars",53123,5,"Always amazing food",""
"www.eattokyo.co.uk","Authentic Japanese cuisine from our Japanese restaurants across London. Including sushi, sashimi and bento. Call 020 8209 0079","Restaurants & Bars",53124,5,"Holborn branch is fantastic",""
"www.eattokyo.co.uk","Authentic Japanese cuisine from our Japanese restaurants across London. Including sushi, sashimi and bento. Call 020 8209 0079","Restaurants & Bars",53125,5,"This is truly authentic Japanese Food.",""
"www.eattokyo.co.uk","Authentic Japanese cuisine from our Japanese restaurants across London. Including sushi, sashimi and bento. Call 020 8209 0079","Restaurants & Bars",53126,5,"Best Food in London",""
"www.eattokyo.co.uk","Authentic Japanese cuisine from our Japanese restaurants across London. Including sushi, sashimi and bento. Call 020 8209 0079","Restaurants & Bars",53127,5,"It was a great experience the food was…",""
"www.eattokyo.co.uk","Authentic Japanese cuisine from our Japanese restaurants across London. Including sushi, sashimi and bento. Call 020 8209 0079","Restaurants & Bars",53128,5,"Great resortant and business",""
"www.eattokyo.co.uk","Authentic Japanese cuisine from our Japanese restaurants across London. Including sushi, sashimi and bento. Call 020 8209 0079","Restaurants & Bars",53129,5,"Love this place",""
"www.eattokyo.co.uk","Authentic Japanese cuisine from our Japanese restaurants across London. Including sushi, sashimi and bento. Call 020 8209 0079","Restaurants & Bars",53130,5,"Great little place & big portions",""
"www.eattokyo.co.uk","Authentic Japanese cuisine from our Japanese restaurants across London. Including sushi, sashimi and bento. Call 020 8209 0079","Restaurants & Bars",53133,4,"Tasty Japanese food; good value too",""
"www.eattokyo.co.uk","Authentic Japanese cuisine from our Japanese restaurants across London. Including sushi, sashimi and bento. Call 020 8209 0079","Restaurants & Bars",53134,3,"Really good food but service could improve",""
"www.eattokyo.co.uk","Authentic Japanese cuisine from our Japanese restaurants across London. Including sushi, sashimi and bento. Call 020 8209 0079","Restaurants & Bars",53135,3,"Used to be regular visitor - not anymore",""
"www.eattokyo.co.uk","Authentic Japanese cuisine from our Japanese restaurants across London. Including sushi, sashimi and bento. Call 020 8209 0079","Restaurants & Bars",53136,3,"Regular customer in Hammersmith",""
"www.eattokyo.co.uk","Authentic Japanese cuisine from our Japanese restaurants across London. Including sushi, sashimi and bento. Call 020 8209 0079","Restaurants & Bars",53137,2,"Covent Garden branch",""
"www.eattokyo.co.uk","Authentic Japanese cuisine from our Japanese restaurants across London. Including sushi, sashimi and bento. Call 020 8209 0079","Restaurants & Bars",53138,2,"Rushing always",""
"www.eattokyo.co.uk","Authentic Japanese cuisine from our Japanese restaurants across London. Including sushi, sashimi and bento. Call 020 8209 0079","Restaurants & Bars",53139,1,"There are 2 Eat Tokyo restaurants in…",""
"www.eattokyo.co.uk","Authentic Japanese cuisine from our Japanese restaurants across London. Including sushi, sashimi and bento. Call 020 8209 0079","Restaurants & Bars",53140,1,"Staff lacked proper training...",""
"www.eattokyo.co.uk","Authentic Japanese cuisine from our Japanese restaurants across London. Including sushi, sashimi and bento. Call 020 8209 0079","Restaurants & Bars",53141,1,"Eat Tokyo l am very regular customer…",""
"www.eattokyo.co.uk","Authentic Japanese cuisine from our Japanese restaurants across London. Including sushi, sashimi and bento. Call 020 8209 0079","Restaurants & Bars",53142,1,"Soho branch",""
"www.eattokyo.co.uk","Authentic Japanese cuisine from our Japanese restaurants across London. Including sushi, sashimi and bento. Call 020 8209 0079","Restaurants & Bars",53143,1,"Repulsive experience",""
"www.eattokyo.co.uk","Authentic Japanese cuisine from our Japanese restaurants across London. Including sushi, sashimi and bento. Call 020 8209 0079","Restaurants & Bars",53144,1,"Terrible experience and food poisoning …",""
"www.eattokyo.co.uk","Authentic Japanese cuisine from our Japanese restaurants across London. Including sushi, sashimi and bento. Call 020 8209 0079","Restaurants & Bars",53145,1,"Very long queue and the restaurant is half empty",""
"www.eattokyo.co.uk","Authentic Japanese cuisine from our Japanese restaurants across London. Including sushi, sashimi and bento. Call 020 8209 0079","Restaurants & Bars",53146,1,"poor customer service",""
"thesushico.co.uk","The Sushi Co – Responsible box fresh sushi. 

At The Sushi Co. we follow the path less trodden to seek out the highest quality ingredients for our live sushi kitchens, without compromising the environment that they come from. 

Our dedicated team works with a small hand-picked and highly accredited group of suppliers who deliver vibrant, eye-catching and flavoursome ingredients to our kitchens daily.

Once our team takes hold of these fresh ingredients, we follow authentic Japanese processes to prepare our handmade Minutes Fresh Sushi. From the size of slices taken from our Scottish sashimi grade salmon, to our slightly soured specialist sushi rice being the perfect bed for our fish or vegetables. We’re proud to take all the necessary extra steps to provide great quality sushi whilst doing our bit to be responsible in how we go about it. 


We don’t use any rice; we use sushi rice.

Rice is sushi, that’s why we use the same rice you’ll find in the UKs top sushi restaurants. Carefully milled in the Po Valley, Northern Italy. Mother nature’s rich Mediterranean sun melts the snow sitting high on the Alps giving the rice fields we source from everything they need to grow.  Our premium grade short grain rice is designed specifically for sushi – its texture and natural stickiness is perfect for sushi. 

 
Fresh fish daily from award-winning fisheries.  

We have the highest standards when sourcing our fresh fish suppliers. Whether it’s our 50-year-old Scottish Salmon farm or our cutting-edge 100% sustainable Dutch Yellowtail supplier, both are proud to have been accredited by the Aquaculture Stewardship Council (ASC) for making every step of their processes as sustainable as possible. 

Our Dutch Yellowtail are organically fed with the highest-grade antibiotic free feed, resulting in high levels of Omega 3. Our Scottish Salmon are nurtured in hatcheries on the banks of Loch Creran and use RAS technology to ensure the best growing conditions are provided. ","Restaurants & Bars",53159,5,"The workers was so helpful so friendly…",""
"thesushico.co.uk","The Sushi Co – Responsible box fresh sushi. 

At The Sushi Co. we follow the path less trodden to seek out the highest quality ingredients for our live sushi kitchens, without compromising the environment that they come from. 

Our dedicated team works with a small hand-picked and highly accredited group of suppliers who deliver vibrant, eye-catching and flavoursome ingredients to our kitchens daily.

Once our team takes hold of these fresh ingredients, we follow authentic Japanese processes to prepare our handmade Minutes Fresh Sushi. From the size of slices taken from our Scottish sashimi grade salmon, to our slightly soured specialist sushi rice being the perfect bed for our fish or vegetables. We’re proud to take all the necessary extra steps to provide great quality sushi whilst doing our bit to be responsible in how we go about it. 


We don’t use any rice; we use sushi rice.

Rice is sushi, that’s why we use the same rice you’ll find in the UKs top sushi restaurants. Carefully milled in the Po Valley, Northern Italy. Mother nature’s rich Mediterranean sun melts the snow sitting high on the Alps giving the rice fields we source from everything they need to grow.  Our premium grade short grain rice is designed specifically for sushi – its texture and natural stickiness is perfect for sushi. 

 
Fresh fish daily from award-winning fisheries.  

We have the highest standards when sourcing our fresh fish suppliers. Whether it’s our 50-year-old Scottish Salmon farm or our cutting-edge 100% sustainable Dutch Yellowtail supplier, both are proud to have been accredited by the Aquaculture Stewardship Council (ASC) for making every step of their processes as sustainable as possible. 

Our Dutch Yellowtail are organically fed with the highest-grade antibiotic free feed, resulting in high levels of Omega 3. Our Scottish Salmon are nurtured in hatcheries on the banks of Loch Creran and use RAS technology to ensure the best growing conditions are provided. ","Restaurants & Bars",53160,5,"Brilliant",""
"thesushico.co.uk","The Sushi Co – Responsible box fresh sushi. 

At The Sushi Co. we follow the path less trodden to seek out the highest quality ingredients for our live sushi kitchens, without compromising the environment that they come from. 

Our dedicated team works with a small hand-picked and highly accredited group of suppliers who deliver vibrant, eye-catching and flavoursome ingredients to our kitchens daily.

Once our team takes hold of these fresh ingredients, we follow authentic Japanese processes to prepare our handmade Minutes Fresh Sushi. From the size of slices taken from our Scottish sashimi grade salmon, to our slightly soured specialist sushi rice being the perfect bed for our fish or vegetables. We’re proud to take all the necessary extra steps to provide great quality sushi whilst doing our bit to be responsible in how we go about it. 


We don’t use any rice; we use sushi rice.

Rice is sushi, that’s why we use the same rice you’ll find in the UKs top sushi restaurants. Carefully milled in the Po Valley, Northern Italy. Mother nature’s rich Mediterranean sun melts the snow sitting high on the Alps giving the rice fields we source from everything they need to grow.  Our premium grade short grain rice is designed specifically for sushi – its texture and natural stickiness is perfect for sushi. 

 
Fresh fish daily from award-winning fisheries.  

We have the highest standards when sourcing our fresh fish suppliers. Whether it’s our 50-year-old Scottish Salmon farm or our cutting-edge 100% sustainable Dutch Yellowtail supplier, both are proud to have been accredited by the Aquaculture Stewardship Council (ASC) for making every step of their processes as sustainable as possible. 

Our Dutch Yellowtail are organically fed with the highest-grade antibiotic free feed, resulting in high levels of Omega 3. Our Scottish Salmon are nurtured in hatcheries on the banks of Loch Creran and use RAS technology to ensure the best growing conditions are provided. ","Restaurants & Bars",53161,5,"Great meal out at The Sushi Co, Wimbledon ",""
"thesushico.co.uk","The Sushi Co – Responsible box fresh sushi. 

At The Sushi Co. we follow the path less trodden to seek out the highest quality ingredients for our live sushi kitchens, without compromising the environment that they come from. 

Our dedicated team works with a small hand-picked and highly accredited group of suppliers who deliver vibrant, eye-catching and flavoursome ingredients to our kitchens daily.

Once our team takes hold of these fresh ingredients, we follow authentic Japanese processes to prepare our handmade Minutes Fresh Sushi. From the size of slices taken from our Scottish sashimi grade salmon, to our slightly soured specialist sushi rice being the perfect bed for our fish or vegetables. We’re proud to take all the necessary extra steps to provide great quality sushi whilst doing our bit to be responsible in how we go about it. 


We don’t use any rice; we use sushi rice.

Rice is sushi, that’s why we use the same rice you’ll find in the UKs top sushi restaurants. Carefully milled in the Po Valley, Northern Italy. Mother nature’s rich Mediterranean sun melts the snow sitting high on the Alps giving the rice fields we source from everything they need to grow.  Our premium grade short grain rice is designed specifically for sushi – its texture and natural stickiness is perfect for sushi. 

 
Fresh fish daily from award-winning fisheries.  

We have the highest standards when sourcing our fresh fish suppliers. Whether it’s our 50-year-old Scottish Salmon farm or our cutting-edge 100% sustainable Dutch Yellowtail supplier, both are proud to have been accredited by the Aquaculture Stewardship Council (ASC) for making every step of their processes as sustainable as possible. 

Our Dutch Yellowtail are organically fed with the highest-grade antibiotic free feed, resulting in high levels of Omega 3. Our Scottish Salmon are nurtured in hatcheries on the banks of Loch Creran and use RAS technology to ensure the best growing conditions are provided. ","Restaurants & Bars",53162,5,"Even Finer than I’d Imagined",""
"thesushico.co.uk","The Sushi Co – Responsible box fresh sushi. 

At The Sushi Co. we follow the path less trodden to seek out the highest quality ingredients for our live sushi kitchens, without compromising the environment that they come from. 

Our dedicated team works with a small hand-picked and highly accredited group of suppliers who deliver vibrant, eye-catching and flavoursome ingredients to our kitchens daily.

Once our team takes hold of these fresh ingredients, we follow authentic Japanese processes to prepare our handmade Minutes Fresh Sushi. From the size of slices taken from our Scottish sashimi grade salmon, to our slightly soured specialist sushi rice being the perfect bed for our fish or vegetables. We’re proud to take all the necessary extra steps to provide great quality sushi whilst doing our bit to be responsible in how we go about it. 


We don’t use any rice; we use sushi rice.

Rice is sushi, that’s why we use the same rice you’ll find in the UKs top sushi restaurants. Carefully milled in the Po Valley, Northern Italy. Mother nature’s rich Mediterranean sun melts the snow sitting high on the Alps giving the rice fields we source from everything they need to grow.  Our premium grade short grain rice is designed specifically for sushi – its texture and natural stickiness is perfect for sushi. 

 
Fresh fish daily from award-winning fisheries.  

We have the highest standards when sourcing our fresh fish suppliers. Whether it’s our 50-year-old Scottish Salmon farm or our cutting-edge 100% sustainable Dutch Yellowtail supplier, both are proud to have been accredited by the Aquaculture Stewardship Council (ASC) for making every step of their processes as sustainable as possible. 

Our Dutch Yellowtail are organically fed with the highest-grade antibiotic free feed, resulting in high levels of Omega 3. Our Scottish Salmon are nurtured in hatcheries on the banks of Loch Creran and use RAS technology to ensure the best growing conditions are provided. ","Restaurants & Bars",53163,5,"Great time at Sushi Co at Ealing Broadway",""
"thesushico.co.uk","The Sushi Co – Responsible box fresh sushi. 

At The Sushi Co. we follow the path less trodden to seek out the highest quality ingredients for our live sushi kitchens, without compromising the environment that they come from. 

Our dedicated team works with a small hand-picked and highly accredited group of suppliers who deliver vibrant, eye-catching and flavoursome ingredients to our kitchens daily.

Once our team takes hold of these fresh ingredients, we follow authentic Japanese processes to prepare our handmade Minutes Fresh Sushi. From the size of slices taken from our Scottish sashimi grade salmon, to our slightly soured specialist sushi rice being the perfect bed for our fish or vegetables. We’re proud to take all the necessary extra steps to provide great quality sushi whilst doing our bit to be responsible in how we go about it. 


We don’t use any rice; we use sushi rice.

Rice is sushi, that’s why we use the same rice you’ll find in the UKs top sushi restaurants. Carefully milled in the Po Valley, Northern Italy. Mother nature’s rich Mediterranean sun melts the snow sitting high on the Alps giving the rice fields we source from everything they need to grow.  Our premium grade short grain rice is designed specifically for sushi – its texture and natural stickiness is perfect for sushi. 

 
Fresh fish daily from award-winning fisheries.  

We have the highest standards when sourcing our fresh fish suppliers. Whether it’s our 50-year-old Scottish Salmon farm or our cutting-edge 100% sustainable Dutch Yellowtail supplier, both are proud to have been accredited by the Aquaculture Stewardship Council (ASC) for making every step of their processes as sustainable as possible. 

Our Dutch Yellowtail are organically fed with the highest-grade antibiotic free feed, resulting in high levels of Omega 3. Our Scottish Salmon are nurtured in hatcheries on the banks of Loch Creran and use RAS technology to ensure the best growing conditions are provided. ","Restaurants & Bars",53164,5,"Really yummy sushi and good value",""
"thesushico.co.uk","The Sushi Co – Responsible box fresh sushi. 

At The Sushi Co. we follow the path less trodden to seek out the highest quality ingredients for our live sushi kitchens, without compromising the environment that they come from. 

Our dedicated team works with a small hand-picked and highly accredited group of suppliers who deliver vibrant, eye-catching and flavoursome ingredients to our kitchens daily.

Once our team takes hold of these fresh ingredients, we follow authentic Japanese processes to prepare our handmade Minutes Fresh Sushi. From the size of slices taken from our Scottish sashimi grade salmon, to our slightly soured specialist sushi rice being the perfect bed for our fish or vegetables. We’re proud to take all the necessary extra steps to provide great quality sushi whilst doing our bit to be responsible in how we go about it. 


We don’t use any rice; we use sushi rice.

Rice is sushi, that’s why we use the same rice you’ll find in the UKs top sushi restaurants. Carefully milled in the Po Valley, Northern Italy. Mother nature’s rich Mediterranean sun melts the snow sitting high on the Alps giving the rice fields we source from everything they need to grow.  Our premium grade short grain rice is designed specifically for sushi – its texture and natural stickiness is perfect for sushi. 

 
Fresh fish daily from award-winning fisheries.  

We have the highest standards when sourcing our fresh fish suppliers. Whether it’s our 50-year-old Scottish Salmon farm or our cutting-edge 100% sustainable Dutch Yellowtail supplier, both are proud to have been accredited by the Aquaculture Stewardship Council (ASC) for making every step of their processes as sustainable as possible. 

Our Dutch Yellowtail are organically fed with the highest-grade antibiotic free feed, resulting in high levels of Omega 3. Our Scottish Salmon are nurtured in hatcheries on the banks of Loch Creran and use RAS technology to ensure the best growing conditions are provided. ","Restaurants & Bars",53165,5,"Ordered Chicken Katsu & Noodles both…",""
"thesushico.co.uk","The Sushi Co – Responsible box fresh sushi. 

At The Sushi Co. we follow the path less trodden to seek out the highest quality ingredients for our live sushi kitchens, without compromising the environment that they come from. 

Our dedicated team works with a small hand-picked and highly accredited group of suppliers who deliver vibrant, eye-catching and flavoursome ingredients to our kitchens daily.

Once our team takes hold of these fresh ingredients, we follow authentic Japanese processes to prepare our handmade Minutes Fresh Sushi. From the size of slices taken from our Scottish sashimi grade salmon, to our slightly soured specialist sushi rice being the perfect bed for our fish or vegetables. We’re proud to take all the necessary extra steps to provide great quality sushi whilst doing our bit to be responsible in how we go about it. 


We don’t use any rice; we use sushi rice.

Rice is sushi, that’s why we use the same rice you’ll find in the UKs top sushi restaurants. Carefully milled in the Po Valley, Northern Italy. Mother nature’s rich Mediterranean sun melts the snow sitting high on the Alps giving the rice fields we source from everything they need to grow.  Our premium grade short grain rice is designed specifically for sushi – its texture and natural stickiness is perfect for sushi. 

 
Fresh fish daily from award-winning fisheries.  

We have the highest standards when sourcing our fresh fish suppliers. Whether it’s our 50-year-old Scottish Salmon farm or our cutting-edge 100% sustainable Dutch Yellowtail supplier, both are proud to have been accredited by the Aquaculture Stewardship Council (ASC) for making every step of their processes as sustainable as possible. 

Our Dutch Yellowtail are organically fed with the highest-grade antibiotic free feed, resulting in high levels of Omega 3. Our Scottish Salmon are nurtured in hatcheries on the banks of Loch Creran and use RAS technology to ensure the best growing conditions are provided. ","Restaurants & Bars",53166,5,"This food was beyond my expectations",""
"thesushico.co.uk","The Sushi Co – Responsible box fresh sushi. 

At The Sushi Co. we follow the path less trodden to seek out the highest quality ingredients for our live sushi kitchens, without compromising the environment that they come from. 

Our dedicated team works with a small hand-picked and highly accredited group of suppliers who deliver vibrant, eye-catching and flavoursome ingredients to our kitchens daily.

Once our team takes hold of these fresh ingredients, we follow authentic Japanese processes to prepare our handmade Minutes Fresh Sushi. From the size of slices taken from our Scottish sashimi grade salmon, to our slightly soured specialist sushi rice being the perfect bed for our fish or vegetables. We’re proud to take all the necessary extra steps to provide great quality sushi whilst doing our bit to be responsible in how we go about it. 


We don’t use any rice; we use sushi rice.

Rice is sushi, that’s why we use the same rice you’ll find in the UKs top sushi restaurants. Carefully milled in the Po Valley, Northern Italy. Mother nature’s rich Mediterranean sun melts the snow sitting high on the Alps giving the rice fields we source from everything they need to grow.  Our premium grade short grain rice is designed specifically for sushi – its texture and natural stickiness is perfect for sushi. 

 
Fresh fish daily from award-winning fisheries.  

We have the highest standards when sourcing our fresh fish suppliers. Whether it’s our 50-year-old Scottish Salmon farm or our cutting-edge 100% sustainable Dutch Yellowtail supplier, both are proud to have been accredited by the Aquaculture Stewardship Council (ASC) for making every step of their processes as sustainable as possible. 

Our Dutch Yellowtail are organically fed with the highest-grade antibiotic free feed, resulting in high levels of Omega 3. Our Scottish Salmon are nurtured in hatcheries on the banks of Loch Creran and use RAS technology to ensure the best growing conditions are provided. ","Restaurants & Bars",53167,5,"Great staff",""
"thesushico.co.uk","The Sushi Co – Responsible box fresh sushi. 

At The Sushi Co. we follow the path less trodden to seek out the highest quality ingredients for our live sushi kitchens, without compromising the environment that they come from. 

Our dedicated team works with a small hand-picked and highly accredited group of suppliers who deliver vibrant, eye-catching and flavoursome ingredients to our kitchens daily.

Once our team takes hold of these fresh ingredients, we follow authentic Japanese processes to prepare our handmade Minutes Fresh Sushi. From the size of slices taken from our Scottish sashimi grade salmon, to our slightly soured specialist sushi rice being the perfect bed for our fish or vegetables. We’re proud to take all the necessary extra steps to provide great quality sushi whilst doing our bit to be responsible in how we go about it. 


We don’t use any rice; we use sushi rice.

Rice is sushi, that’s why we use the same rice you’ll find in the UKs top sushi restaurants. Carefully milled in the Po Valley, Northern Italy. Mother nature’s rich Mediterranean sun melts the snow sitting high on the Alps giving the rice fields we source from everything they need to grow.  Our premium grade short grain rice is designed specifically for sushi – its texture and natural stickiness is perfect for sushi. 

 
Fresh fish daily from award-winning fisheries.  

We have the highest standards when sourcing our fresh fish suppliers. Whether it’s our 50-year-old Scottish Salmon farm or our cutting-edge 100% sustainable Dutch Yellowtail supplier, both are proud to have been accredited by the Aquaculture Stewardship Council (ASC) for making every step of their processes as sustainable as possible. 

Our Dutch Yellowtail are organically fed with the highest-grade antibiotic free feed, resulting in high levels of Omega 3. Our Scottish Salmon are nurtured in hatcheries on the banks of Loch Creran and use RAS technology to ensure the best growing conditions are provided. ","Restaurants & Bars",53168,5,"Great experience! Highly recommend ",""
"thesushico.co.uk","The Sushi Co – Responsible box fresh sushi. 

At The Sushi Co. we follow the path less trodden to seek out the highest quality ingredients for our live sushi kitchens, without compromising the environment that they come from. 

Our dedicated team works with a small hand-picked and highly accredited group of suppliers who deliver vibrant, eye-catching and flavoursome ingredients to our kitchens daily.

Once our team takes hold of these fresh ingredients, we follow authentic Japanese processes to prepare our handmade Minutes Fresh Sushi. From the size of slices taken from our Scottish sashimi grade salmon, to our slightly soured specialist sushi rice being the perfect bed for our fish or vegetables. We’re proud to take all the necessary extra steps to provide great quality sushi whilst doing our bit to be responsible in how we go about it. 


We don’t use any rice; we use sushi rice.

Rice is sushi, that’s why we use the same rice you’ll find in the UKs top sushi restaurants. Carefully milled in the Po Valley, Northern Italy. Mother nature’s rich Mediterranean sun melts the snow sitting high on the Alps giving the rice fields we source from everything they need to grow.  Our premium grade short grain rice is designed specifically for sushi – its texture and natural stickiness is perfect for sushi. 

 
Fresh fish daily from award-winning fisheries.  

We have the highest standards when sourcing our fresh fish suppliers. Whether it’s our 50-year-old Scottish Salmon farm or our cutting-edge 100% sustainable Dutch Yellowtail supplier, both are proud to have been accredited by the Aquaculture Stewardship Council (ASC) for making every step of their processes as sustainable as possible. 

Our Dutch Yellowtail are organically fed with the highest-grade antibiotic free feed, resulting in high levels of Omega 3. Our Scottish Salmon are nurtured in hatcheries on the banks of Loch Creran and use RAS technology to ensure the best growing conditions are provided. ","Restaurants & Bars",53179,4,"Delicious food, good value. ",""
"thesushico.co.uk","The Sushi Co – Responsible box fresh sushi. 

At The Sushi Co. we follow the path less trodden to seek out the highest quality ingredients for our live sushi kitchens, without compromising the environment that they come from. 

Our dedicated team works with a small hand-picked and highly accredited group of suppliers who deliver vibrant, eye-catching and flavoursome ingredients to our kitchens daily.

Once our team takes hold of these fresh ingredients, we follow authentic Japanese processes to prepare our handmade Minutes Fresh Sushi. From the size of slices taken from our Scottish sashimi grade salmon, to our slightly soured specialist sushi rice being the perfect bed for our fish or vegetables. We’re proud to take all the necessary extra steps to provide great quality sushi whilst doing our bit to be responsible in how we go about it. 


We don’t use any rice; we use sushi rice.

Rice is sushi, that’s why we use the same rice you’ll find in the UKs top sushi restaurants. Carefully milled in the Po Valley, Northern Italy. Mother nature’s rich Mediterranean sun melts the snow sitting high on the Alps giving the rice fields we source from everything they need to grow.  Our premium grade short grain rice is designed specifically for sushi – its texture and natural stickiness is perfect for sushi. 

 
Fresh fish daily from award-winning fisheries.  

We have the highest standards when sourcing our fresh fish suppliers. Whether it’s our 50-year-old Scottish Salmon farm or our cutting-edge 100% sustainable Dutch Yellowtail supplier, both are proud to have been accredited by the Aquaculture Stewardship Council (ASC) for making every step of their processes as sustainable as possible. 

Our Dutch Yellowtail are organically fed with the highest-grade antibiotic free feed, resulting in high levels of Omega 3. Our Scottish Salmon are nurtured in hatcheries on the banks of Loch Creran and use RAS technology to ensure the best growing conditions are provided. ","Restaurants & Bars",53180,4,"Great service , nice n clean",""
"thesushico.co.uk","The Sushi Co – Responsible box fresh sushi. 

At The Sushi Co. we follow the path less trodden to seek out the highest quality ingredients for our live sushi kitchens, without compromising the environment that they come from. 

Our dedicated team works with a small hand-picked and highly accredited group of suppliers who deliver vibrant, eye-catching and flavoursome ingredients to our kitchens daily.

Once our team takes hold of these fresh ingredients, we follow authentic Japanese processes to prepare our handmade Minutes Fresh Sushi. From the size of slices taken from our Scottish sashimi grade salmon, to our slightly soured specialist sushi rice being the perfect bed for our fish or vegetables. We’re proud to take all the necessary extra steps to provide great quality sushi whilst doing our bit to be responsible in how we go about it. 


We don’t use any rice; we use sushi rice.

Rice is sushi, that’s why we use the same rice you’ll find in the UKs top sushi restaurants. Carefully milled in the Po Valley, Northern Italy. Mother nature’s rich Mediterranean sun melts the snow sitting high on the Alps giving the rice fields we source from everything they need to grow.  Our premium grade short grain rice is designed specifically for sushi – its texture and natural stickiness is perfect for sushi. 

 
Fresh fish daily from award-winning fisheries.  

We have the highest standards when sourcing our fresh fish suppliers. Whether it’s our 50-year-old Scottish Salmon farm or our cutting-edge 100% sustainable Dutch Yellowtail supplier, both are proud to have been accredited by the Aquaculture Stewardship Council (ASC) for making every step of their processes as sustainable as possible. 

Our Dutch Yellowtail are organically fed with the highest-grade antibiotic free feed, resulting in high levels of Omega 3. Our Scottish Salmon are nurtured in hatcheries on the banks of Loch Creran and use RAS technology to ensure the best growing conditions are provided. ","Restaurants & Bars",53181,4,"Delicious, but be aware of incorrect allergens",""
"thesushico.co.uk","The Sushi Co – Responsible box fresh sushi. 

At The Sushi Co. we follow the path less trodden to seek out the highest quality ingredients for our live sushi kitchens, without compromising the environment that they come from. 

Our dedicated team works with a small hand-picked and highly accredited group of suppliers who deliver vibrant, eye-catching and flavoursome ingredients to our kitchens daily.

Once our team takes hold of these fresh ingredients, we follow authentic Japanese processes to prepare our handmade Minutes Fresh Sushi. From the size of slices taken from our Scottish sashimi grade salmon, to our slightly soured specialist sushi rice being the perfect bed for our fish or vegetables. We’re proud to take all the necessary extra steps to provide great quality sushi whilst doing our bit to be responsible in how we go about it. 


We don’t use any rice; we use sushi rice.

Rice is sushi, that’s why we use the same rice you’ll find in the UKs top sushi restaurants. Carefully milled in the Po Valley, Northern Italy. Mother nature’s rich Mediterranean sun melts the snow sitting high on the Alps giving the rice fields we source from everything they need to grow.  Our premium grade short grain rice is designed specifically for sushi – its texture and natural stickiness is perfect for sushi. 

 
Fresh fish daily from award-winning fisheries.  

We have the highest standards when sourcing our fresh fish suppliers. Whether it’s our 50-year-old Scottish Salmon farm or our cutting-edge 100% sustainable Dutch Yellowtail supplier, both are proud to have been accredited by the Aquaculture Stewardship Council (ASC) for making every step of their processes as sustainable as possible. 

Our Dutch Yellowtail are organically fed with the highest-grade antibiotic free feed, resulting in high levels of Omega 3. Our Scottish Salmon are nurtured in hatcheries on the banks of Loch Creran and use RAS technology to ensure the best growing conditions are provided. ","Restaurants & Bars",53182,4,"All food tastes good however serving…",""
"thesushico.co.uk","The Sushi Co – Responsible box fresh sushi. 

At The Sushi Co. we follow the path less trodden to seek out the highest quality ingredients for our live sushi kitchens, without compromising the environment that they come from. 

Our dedicated team works with a small hand-picked and highly accredited group of suppliers who deliver vibrant, eye-catching and flavoursome ingredients to our kitchens daily.

Once our team takes hold of these fresh ingredients, we follow authentic Japanese processes to prepare our handmade Minutes Fresh Sushi. From the size of slices taken from our Scottish sashimi grade salmon, to our slightly soured specialist sushi rice being the perfect bed for our fish or vegetables. We’re proud to take all the necessary extra steps to provide great quality sushi whilst doing our bit to be responsible in how we go about it. 


We don’t use any rice; we use sushi rice.

Rice is sushi, that’s why we use the same rice you’ll find in the UKs top sushi restaurants. Carefully milled in the Po Valley, Northern Italy. Mother nature’s rich Mediterranean sun melts the snow sitting high on the Alps giving the rice fields we source from everything they need to grow.  Our premium grade short grain rice is designed specifically for sushi – its texture and natural stickiness is perfect for sushi. 

 
Fresh fish daily from award-winning fisheries.  

We have the highest standards when sourcing our fresh fish suppliers. Whether it’s our 50-year-old Scottish Salmon farm or our cutting-edge 100% sustainable Dutch Yellowtail supplier, both are proud to have been accredited by the Aquaculture Stewardship Council (ASC) for making every step of their processes as sustainable as possible. 

Our Dutch Yellowtail are organically fed with the highest-grade antibiotic free feed, resulting in high levels of Omega 3. Our Scottish Salmon are nurtured in hatcheries on the banks of Loch Creran and use RAS technology to ensure the best growing conditions are provided. ","Restaurants & Bars",53183,4,"First time trying out food from this…",""
"thesushico.co.uk","The Sushi Co – Responsible box fresh sushi. 

At The Sushi Co. we follow the path less trodden to seek out the highest quality ingredients for our live sushi kitchens, without compromising the environment that they come from. 

Our dedicated team works with a small hand-picked and highly accredited group of suppliers who deliver vibrant, eye-catching and flavoursome ingredients to our kitchens daily.

Once our team takes hold of these fresh ingredients, we follow authentic Japanese processes to prepare our handmade Minutes Fresh Sushi. From the size of slices taken from our Scottish sashimi grade salmon, to our slightly soured specialist sushi rice being the perfect bed for our fish or vegetables. We’re proud to take all the necessary extra steps to provide great quality sushi whilst doing our bit to be responsible in how we go about it. 


We don’t use any rice; we use sushi rice.

Rice is sushi, that’s why we use the same rice you’ll find in the UKs top sushi restaurants. Carefully milled in the Po Valley, Northern Italy. Mother nature’s rich Mediterranean sun melts the snow sitting high on the Alps giving the rice fields we source from everything they need to grow.  Our premium grade short grain rice is designed specifically for sushi – its texture and natural stickiness is perfect for sushi. 

 
Fresh fish daily from award-winning fisheries.  

We have the highest standards when sourcing our fresh fish suppliers. Whether it’s our 50-year-old Scottish Salmon farm or our cutting-edge 100% sustainable Dutch Yellowtail supplier, both are proud to have been accredited by the Aquaculture Stewardship Council (ASC) for making every step of their processes as sustainable as possible. 

Our Dutch Yellowtail are organically fed with the highest-grade antibiotic free feed, resulting in high levels of Omega 3. Our Scottish Salmon are nurtured in hatcheries on the banks of Loch Creran and use RAS technology to ensure the best growing conditions are provided. ","Restaurants & Bars",53184,4,"Good value",""
"thesushico.co.uk","The Sushi Co – Responsible box fresh sushi. 

At The Sushi Co. we follow the path less trodden to seek out the highest quality ingredients for our live sushi kitchens, without compromising the environment that they come from. 

Our dedicated team works with a small hand-picked and highly accredited group of suppliers who deliver vibrant, eye-catching and flavoursome ingredients to our kitchens daily.

Once our team takes hold of these fresh ingredients, we follow authentic Japanese processes to prepare our handmade Minutes Fresh Sushi. From the size of slices taken from our Scottish sashimi grade salmon, to our slightly soured specialist sushi rice being the perfect bed for our fish or vegetables. We’re proud to take all the necessary extra steps to provide great quality sushi whilst doing our bit to be responsible in how we go about it. 


We don’t use any rice; we use sushi rice.

Rice is sushi, that’s why we use the same rice you’ll find in the UKs top sushi restaurants. Carefully milled in the Po Valley, Northern Italy. Mother nature’s rich Mediterranean sun melts the snow sitting high on the Alps giving the rice fields we source from everything they need to grow.  Our premium grade short grain rice is designed specifically for sushi – its texture and natural stickiness is perfect for sushi. 

 
Fresh fish daily from award-winning fisheries.  

We have the highest standards when sourcing our fresh fish suppliers. Whether it’s our 50-year-old Scottish Salmon farm or our cutting-edge 100% sustainable Dutch Yellowtail supplier, both are proud to have been accredited by the Aquaculture Stewardship Council (ASC) for making every step of their processes as sustainable as possible. 

Our Dutch Yellowtail are organically fed with the highest-grade antibiotic free feed, resulting in high levels of Omega 3. Our Scottish Salmon are nurtured in hatcheries on the banks of Loch Creran and use RAS technology to ensure the best growing conditions are provided. ","Restaurants & Bars",53185,4,"Delicious food",""
"thesushico.co.uk","The Sushi Co – Responsible box fresh sushi. 

At The Sushi Co. we follow the path less trodden to seek out the highest quality ingredients for our live sushi kitchens, without compromising the environment that they come from. 

Our dedicated team works with a small hand-picked and highly accredited group of suppliers who deliver vibrant, eye-catching and flavoursome ingredients to our kitchens daily.

Once our team takes hold of these fresh ingredients, we follow authentic Japanese processes to prepare our handmade Minutes Fresh Sushi. From the size of slices taken from our Scottish sashimi grade salmon, to our slightly soured specialist sushi rice being the perfect bed for our fish or vegetables. We’re proud to take all the necessary extra steps to provide great quality sushi whilst doing our bit to be responsible in how we go about it. 


We don’t use any rice; we use sushi rice.

Rice is sushi, that’s why we use the same rice you’ll find in the UKs top sushi restaurants. Carefully milled in the Po Valley, Northern Italy. Mother nature’s rich Mediterranean sun melts the snow sitting high on the Alps giving the rice fields we source from everything they need to grow.  Our premium grade short grain rice is designed specifically for sushi – its texture and natural stickiness is perfect for sushi. 

 
Fresh fish daily from award-winning fisheries.  

We have the highest standards when sourcing our fresh fish suppliers. Whether it’s our 50-year-old Scottish Salmon farm or our cutting-edge 100% sustainable Dutch Yellowtail supplier, both are proud to have been accredited by the Aquaculture Stewardship Council (ASC) for making every step of their processes as sustainable as possible. 

Our Dutch Yellowtail are organically fed with the highest-grade antibiotic free feed, resulting in high levels of Omega 3. Our Scottish Salmon are nurtured in hatcheries on the banks of Loch Creran and use RAS technology to ensure the best growing conditions are provided. ","Restaurants & Bars",53186,4,"Fish was good but rice okay for the…",""
"thesushico.co.uk","The Sushi Co – Responsible box fresh sushi. 

At The Sushi Co. we follow the path less trodden to seek out the highest quality ingredients for our live sushi kitchens, without compromising the environment that they come from. 

Our dedicated team works with a small hand-picked and highly accredited group of suppliers who deliver vibrant, eye-catching and flavoursome ingredients to our kitchens daily.

Once our team takes hold of these fresh ingredients, we follow authentic Japanese processes to prepare our handmade Minutes Fresh Sushi. From the size of slices taken from our Scottish sashimi grade salmon, to our slightly soured specialist sushi rice being the perfect bed for our fish or vegetables. We’re proud to take all the necessary extra steps to provide great quality sushi whilst doing our bit to be responsible in how we go about it. 


We don’t use any rice; we use sushi rice.

Rice is sushi, that’s why we use the same rice you’ll find in the UKs top sushi restaurants. Carefully milled in the Po Valley, Northern Italy. Mother nature’s rich Mediterranean sun melts the snow sitting high on the Alps giving the rice fields we source from everything they need to grow.  Our premium grade short grain rice is designed specifically for sushi – its texture and natural stickiness is perfect for sushi. 

 
Fresh fish daily from award-winning fisheries.  

We have the highest standards when sourcing our fresh fish suppliers. Whether it’s our 50-year-old Scottish Salmon farm or our cutting-edge 100% sustainable Dutch Yellowtail supplier, both are proud to have been accredited by the Aquaculture Stewardship Council (ASC) for making every step of their processes as sustainable as possible. 

Our Dutch Yellowtail are organically fed with the highest-grade antibiotic free feed, resulting in high levels of Omega 3. Our Scottish Salmon are nurtured in hatcheries on the banks of Loch Creran and use RAS technology to ensure the best growing conditions are provided. ","Restaurants & Bars",53187,3,"The food is good but the delivery…",""
"thesushico.co.uk","The Sushi Co – Responsible box fresh sushi. 

At The Sushi Co. we follow the path less trodden to seek out the highest quality ingredients for our live sushi kitchens, without compromising the environment that they come from. 

Our dedicated team works with a small hand-picked and highly accredited group of suppliers who deliver vibrant, eye-catching and flavoursome ingredients to our kitchens daily.

Once our team takes hold of these fresh ingredients, we follow authentic Japanese processes to prepare our handmade Minutes Fresh Sushi. From the size of slices taken from our Scottish sashimi grade salmon, to our slightly soured specialist sushi rice being the perfect bed for our fish or vegetables. We’re proud to take all the necessary extra steps to provide great quality sushi whilst doing our bit to be responsible in how we go about it. 


We don’t use any rice; we use sushi rice.

Rice is sushi, that’s why we use the same rice you’ll find in the UKs top sushi restaurants. Carefully milled in the Po Valley, Northern Italy. Mother nature’s rich Mediterranean sun melts the snow sitting high on the Alps giving the rice fields we source from everything they need to grow.  Our premium grade short grain rice is designed specifically for sushi – its texture and natural stickiness is perfect for sushi. 

 
Fresh fish daily from award-winning fisheries.  

We have the highest standards when sourcing our fresh fish suppliers. Whether it’s our 50-year-old Scottish Salmon farm or our cutting-edge 100% sustainable Dutch Yellowtail supplier, both are proud to have been accredited by the Aquaculture Stewardship Council (ASC) for making every step of their processes as sustainable as possible. 

Our Dutch Yellowtail are organically fed with the highest-grade antibiotic free feed, resulting in high levels of Omega 3. Our Scottish Salmon are nurtured in hatcheries on the banks of Loch Creran and use RAS technology to ensure the best growing conditions are provided. ","Restaurants & Bars",53188,3,"Disappointed ",""
"thesushico.co.uk","The Sushi Co – Responsible box fresh sushi. 

At The Sushi Co. we follow the path less trodden to seek out the highest quality ingredients for our live sushi kitchens, without compromising the environment that they come from. 

Our dedicated team works with a small hand-picked and highly accredited group of suppliers who deliver vibrant, eye-catching and flavoursome ingredients to our kitchens daily.

Once our team takes hold of these fresh ingredients, we follow authentic Japanese processes to prepare our handmade Minutes Fresh Sushi. From the size of slices taken from our Scottish sashimi grade salmon, to our slightly soured specialist sushi rice being the perfect bed for our fish or vegetables. We’re proud to take all the necessary extra steps to provide great quality sushi whilst doing our bit to be responsible in how we go about it. 


We don’t use any rice; we use sushi rice.

Rice is sushi, that’s why we use the same rice you’ll find in the UKs top sushi restaurants. Carefully milled in the Po Valley, Northern Italy. Mother nature’s rich Mediterranean sun melts the snow sitting high on the Alps giving the rice fields we source from everything they need to grow.  Our premium grade short grain rice is designed specifically for sushi – its texture and natural stickiness is perfect for sushi. 

 
Fresh fish daily from award-winning fisheries.  

We have the highest standards when sourcing our fresh fish suppliers. Whether it’s our 50-year-old Scottish Salmon farm or our cutting-edge 100% sustainable Dutch Yellowtail supplier, both are proud to have been accredited by the Aquaculture Stewardship Council (ASC) for making every step of their processes as sustainable as possible. 

Our Dutch Yellowtail are organically fed with the highest-grade antibiotic free feed, resulting in high levels of Omega 3. Our Scottish Salmon are nurtured in hatcheries on the banks of Loch Creran and use RAS technology to ensure the best growing conditions are provided. ","Restaurants & Bars",53189,3,"I would have given 5 stars",""
"thesushico.co.uk","The Sushi Co – Responsible box fresh sushi. 

At The Sushi Co. we follow the path less trodden to seek out the highest quality ingredients for our live sushi kitchens, without compromising the environment that they come from. 

Our dedicated team works with a small hand-picked and highly accredited group of suppliers who deliver vibrant, eye-catching and flavoursome ingredients to our kitchens daily.

Once our team takes hold of these fresh ingredients, we follow authentic Japanese processes to prepare our handmade Minutes Fresh Sushi. From the size of slices taken from our Scottish sashimi grade salmon, to our slightly soured specialist sushi rice being the perfect bed for our fish or vegetables. We’re proud to take all the necessary extra steps to provide great quality sushi whilst doing our bit to be responsible in how we go about it. 


We don’t use any rice; we use sushi rice.

Rice is sushi, that’s why we use the same rice you’ll find in the UKs top sushi restaurants. Carefully milled in the Po Valley, Northern Italy. Mother nature’s rich Mediterranean sun melts the snow sitting high on the Alps giving the rice fields we source from everything they need to grow.  Our premium grade short grain rice is designed specifically for sushi – its texture and natural stickiness is perfect for sushi. 

 
Fresh fish daily from award-winning fisheries.  

We have the highest standards when sourcing our fresh fish suppliers. Whether it’s our 50-year-old Scottish Salmon farm or our cutting-edge 100% sustainable Dutch Yellowtail supplier, both are proud to have been accredited by the Aquaculture Stewardship Council (ASC) for making every step of their processes as sustainable as possible. 

Our Dutch Yellowtail are organically fed with the highest-grade antibiotic free feed, resulting in high levels of Omega 3. Our Scottish Salmon are nurtured in hatcheries on the banks of Loch Creran and use RAS technology to ensure the best growing conditions are provided. ","Restaurants & Bars",53190,3,"I’ve ordered many times from you before…",""
"thesushico.co.uk","The Sushi Co – Responsible box fresh sushi. 

At The Sushi Co. we follow the path less trodden to seek out the highest quality ingredients for our live sushi kitchens, without compromising the environment that they come from. 

Our dedicated team works with a small hand-picked and highly accredited group of suppliers who deliver vibrant, eye-catching and flavoursome ingredients to our kitchens daily.

Once our team takes hold of these fresh ingredients, we follow authentic Japanese processes to prepare our handmade Minutes Fresh Sushi. From the size of slices taken from our Scottish sashimi grade salmon, to our slightly soured specialist sushi rice being the perfect bed for our fish or vegetables. We’re proud to take all the necessary extra steps to provide great quality sushi whilst doing our bit to be responsible in how we go about it. 


We don’t use any rice; we use sushi rice.

Rice is sushi, that’s why we use the same rice you’ll find in the UKs top sushi restaurants. Carefully milled in the Po Valley, Northern Italy. Mother nature’s rich Mediterranean sun melts the snow sitting high on the Alps giving the rice fields we source from everything they need to grow.  Our premium grade short grain rice is designed specifically for sushi – its texture and natural stickiness is perfect for sushi. 

 
Fresh fish daily from award-winning fisheries.  

We have the highest standards when sourcing our fresh fish suppliers. Whether it’s our 50-year-old Scottish Salmon farm or our cutting-edge 100% sustainable Dutch Yellowtail supplier, both are proud to have been accredited by the Aquaculture Stewardship Council (ASC) for making every step of their processes as sustainable as possible. 

Our Dutch Yellowtail are organically fed with the highest-grade antibiotic free feed, resulting in high levels of Omega 3. Our Scottish Salmon are nurtured in hatcheries on the banks of Loch Creran and use RAS technology to ensure the best growing conditions are provided. ","Restaurants & Bars",53191,3,"Food tasted good",""
"thesushico.co.uk","The Sushi Co – Responsible box fresh sushi. 

At The Sushi Co. we follow the path less trodden to seek out the highest quality ingredients for our live sushi kitchens, without compromising the environment that they come from. 

Our dedicated team works with a small hand-picked and highly accredited group of suppliers who deliver vibrant, eye-catching and flavoursome ingredients to our kitchens daily.

Once our team takes hold of these fresh ingredients, we follow authentic Japanese processes to prepare our handmade Minutes Fresh Sushi. From the size of slices taken from our Scottish sashimi grade salmon, to our slightly soured specialist sushi rice being the perfect bed for our fish or vegetables. We’re proud to take all the necessary extra steps to provide great quality sushi whilst doing our bit to be responsible in how we go about it. 


We don’t use any rice; we use sushi rice.

Rice is sushi, that’s why we use the same rice you’ll find in the UKs top sushi restaurants. Carefully milled in the Po Valley, Northern Italy. Mother nature’s rich Mediterranean sun melts the snow sitting high on the Alps giving the rice fields we source from everything they need to grow.  Our premium grade short grain rice is designed specifically for sushi – its texture and natural stickiness is perfect for sushi. 

 
Fresh fish daily from award-winning fisheries.  

We have the highest standards when sourcing our fresh fish suppliers. Whether it’s our 50-year-old Scottish Salmon farm or our cutting-edge 100% sustainable Dutch Yellowtail supplier, both are proud to have been accredited by the Aquaculture Stewardship Council (ASC) for making every step of their processes as sustainable as possible. 

Our Dutch Yellowtail are organically fed with the highest-grade antibiotic free feed, resulting in high levels of Omega 3. Our Scottish Salmon are nurtured in hatcheries on the banks of Loch Creran and use RAS technology to ensure the best growing conditions are provided. ","Restaurants & Bars",53192,3,"Order",""
"thesushico.co.uk","The Sushi Co – Responsible box fresh sushi. 

At The Sushi Co. we follow the path less trodden to seek out the highest quality ingredients for our live sushi kitchens, without compromising the environment that they come from. 

Our dedicated team works with a small hand-picked and highly accredited group of suppliers who deliver vibrant, eye-catching and flavoursome ingredients to our kitchens daily.

Once our team takes hold of these fresh ingredients, we follow authentic Japanese processes to prepare our handmade Minutes Fresh Sushi. From the size of slices taken from our Scottish sashimi grade salmon, to our slightly soured specialist sushi rice being the perfect bed for our fish or vegetables. We’re proud to take all the necessary extra steps to provide great quality sushi whilst doing our bit to be responsible in how we go about it. 


We don’t use any rice; we use sushi rice.

Rice is sushi, that’s why we use the same rice you’ll find in the UKs top sushi restaurants. Carefully milled in the Po Valley, Northern Italy. Mother nature’s rich Mediterranean sun melts the snow sitting high on the Alps giving the rice fields we source from everything they need to grow.  Our premium grade short grain rice is designed specifically for sushi – its texture and natural stickiness is perfect for sushi. 

 
Fresh fish daily from award-winning fisheries.  

We have the highest standards when sourcing our fresh fish suppliers. Whether it’s our 50-year-old Scottish Salmon farm or our cutting-edge 100% sustainable Dutch Yellowtail supplier, both are proud to have been accredited by the Aquaculture Stewardship Council (ASC) for making every step of their processes as sustainable as possible. 

Our Dutch Yellowtail are organically fed with the highest-grade antibiotic free feed, resulting in high levels of Omega 3. Our Scottish Salmon are nurtured in hatcheries on the banks of Loch Creran and use RAS technology to ensure the best growing conditions are provided. ","Restaurants & Bars",53193,2,"I came to collect my sushi on my…",""
"thesushico.co.uk","The Sushi Co – Responsible box fresh sushi. 

At The Sushi Co. we follow the path less trodden to seek out the highest quality ingredients for our live sushi kitchens, without compromising the environment that they come from. 

Our dedicated team works with a small hand-picked and highly accredited group of suppliers who deliver vibrant, eye-catching and flavoursome ingredients to our kitchens daily.

Once our team takes hold of these fresh ingredients, we follow authentic Japanese processes to prepare our handmade Minutes Fresh Sushi. From the size of slices taken from our Scottish sashimi grade salmon, to our slightly soured specialist sushi rice being the perfect bed for our fish or vegetables. We’re proud to take all the necessary extra steps to provide great quality sushi whilst doing our bit to be responsible in how we go about it. 


We don’t use any rice; we use sushi rice.

Rice is sushi, that’s why we use the same rice you’ll find in the UKs top sushi restaurants. Carefully milled in the Po Valley, Northern Italy. Mother nature’s rich Mediterranean sun melts the snow sitting high on the Alps giving the rice fields we source from everything they need to grow.  Our premium grade short grain rice is designed specifically for sushi – its texture and natural stickiness is perfect for sushi. 

 
Fresh fish daily from award-winning fisheries.  

We have the highest standards when sourcing our fresh fish suppliers. Whether it’s our 50-year-old Scottish Salmon farm or our cutting-edge 100% sustainable Dutch Yellowtail supplier, both are proud to have been accredited by the Aquaculture Stewardship Council (ASC) for making every step of their processes as sustainable as possible. 

Our Dutch Yellowtail are organically fed with the highest-grade antibiotic free feed, resulting in high levels of Omega 3. Our Scottish Salmon are nurtured in hatcheries on the banks of Loch Creran and use RAS technology to ensure the best growing conditions are provided. ","Restaurants & Bars",53194,2,"Wrongly charged for delivery fee",""
"thesushico.co.uk","The Sushi Co – Responsible box fresh sushi. 

At The Sushi Co. we follow the path less trodden to seek out the highest quality ingredients for our live sushi kitchens, without compromising the environment that they come from. 

Our dedicated team works with a small hand-picked and highly accredited group of suppliers who deliver vibrant, eye-catching and flavoursome ingredients to our kitchens daily.

Once our team takes hold of these fresh ingredients, we follow authentic Japanese processes to prepare our handmade Minutes Fresh Sushi. From the size of slices taken from our Scottish sashimi grade salmon, to our slightly soured specialist sushi rice being the perfect bed for our fish or vegetables. We’re proud to take all the necessary extra steps to provide great quality sushi whilst doing our bit to be responsible in how we go about it. 


We don’t use any rice; we use sushi rice.

Rice is sushi, that’s why we use the same rice you’ll find in the UKs top sushi restaurants. Carefully milled in the Po Valley, Northern Italy. Mother nature’s rich Mediterranean sun melts the snow sitting high on the Alps giving the rice fields we source from everything they need to grow.  Our premium grade short grain rice is designed specifically for sushi – its texture and natural stickiness is perfect for sushi. 

 
Fresh fish daily from award-winning fisheries.  

We have the highest standards when sourcing our fresh fish suppliers. Whether it’s our 50-year-old Scottish Salmon farm or our cutting-edge 100% sustainable Dutch Yellowtail supplier, both are proud to have been accredited by the Aquaculture Stewardship Council (ASC) for making every step of their processes as sustainable as possible. 

Our Dutch Yellowtail are organically fed with the highest-grade antibiotic free feed, resulting in high levels of Omega 3. Our Scottish Salmon are nurtured in hatcheries on the banks of Loch Creran and use RAS technology to ensure the best growing conditions are provided. ","Restaurants & Bars",53195,2,"Shoddy after sales and unresponsive contact email",""
"thesushico.co.uk","The Sushi Co – Responsible box fresh sushi. 

At The Sushi Co. we follow the path less trodden to seek out the highest quality ingredients for our live sushi kitchens, without compromising the environment that they come from. 

Our dedicated team works with a small hand-picked and highly accredited group of suppliers who deliver vibrant, eye-catching and flavoursome ingredients to our kitchens daily.

Once our team takes hold of these fresh ingredients, we follow authentic Japanese processes to prepare our handmade Minutes Fresh Sushi. From the size of slices taken from our Scottish sashimi grade salmon, to our slightly soured specialist sushi rice being the perfect bed for our fish or vegetables. We’re proud to take all the necessary extra steps to provide great quality sushi whilst doing our bit to be responsible in how we go about it. 


We don’t use any rice; we use sushi rice.

Rice is sushi, that’s why we use the same rice you’ll find in the UKs top sushi restaurants. Carefully milled in the Po Valley, Northern Italy. Mother nature’s rich Mediterranean sun melts the snow sitting high on the Alps giving the rice fields we source from everything they need to grow.  Our premium grade short grain rice is designed specifically for sushi – its texture and natural stickiness is perfect for sushi. 

 
Fresh fish daily from award-winning fisheries.  

We have the highest standards when sourcing our fresh fish suppliers. Whether it’s our 50-year-old Scottish Salmon farm or our cutting-edge 100% sustainable Dutch Yellowtail supplier, both are proud to have been accredited by the Aquaculture Stewardship Council (ASC) for making every step of their processes as sustainable as possible. 

Our Dutch Yellowtail are organically fed with the highest-grade antibiotic free feed, resulting in high levels of Omega 3. Our Scottish Salmon are nurtured in hatcheries on the banks of Loch Creran and use RAS technology to ensure the best growing conditions are provided. ","Restaurants & Bars",53196,2,"Went to the place in South Kensington",""
"thesushico.co.uk","The Sushi Co – Responsible box fresh sushi. 

At The Sushi Co. we follow the path less trodden to seek out the highest quality ingredients for our live sushi kitchens, without compromising the environment that they come from. 

Our dedicated team works with a small hand-picked and highly accredited group of suppliers who deliver vibrant, eye-catching and flavoursome ingredients to our kitchens daily.

Once our team takes hold of these fresh ingredients, we follow authentic Japanese processes to prepare our handmade Minutes Fresh Sushi. From the size of slices taken from our Scottish sashimi grade salmon, to our slightly soured specialist sushi rice being the perfect bed for our fish or vegetables. We’re proud to take all the necessary extra steps to provide great quality sushi whilst doing our bit to be responsible in how we go about it. 


We don’t use any rice; we use sushi rice.

Rice is sushi, that’s why we use the same rice you’ll find in the UKs top sushi restaurants. Carefully milled in the Po Valley, Northern Italy. Mother nature’s rich Mediterranean sun melts the snow sitting high on the Alps giving the rice fields we source from everything they need to grow.  Our premium grade short grain rice is designed specifically for sushi – its texture and natural stickiness is perfect for sushi. 

 
Fresh fish daily from award-winning fisheries.  

We have the highest standards when sourcing our fresh fish suppliers. Whether it’s our 50-year-old Scottish Salmon farm or our cutting-edge 100% sustainable Dutch Yellowtail supplier, both are proud to have been accredited by the Aquaculture Stewardship Council (ASC) for making every step of their processes as sustainable as possible. 

Our Dutch Yellowtail are organically fed with the highest-grade antibiotic free feed, resulting in high levels of Omega 3. Our Scottish Salmon are nurtured in hatcheries on the banks of Loch Creran and use RAS technology to ensure the best growing conditions are provided. ","Restaurants & Bars",53197,2,"Late and average ",""
"thesushico.co.uk","The Sushi Co – Responsible box fresh sushi. 

At The Sushi Co. we follow the path less trodden to seek out the highest quality ingredients for our live sushi kitchens, without compromising the environment that they come from. 

Our dedicated team works with a small hand-picked and highly accredited group of suppliers who deliver vibrant, eye-catching and flavoursome ingredients to our kitchens daily.

Once our team takes hold of these fresh ingredients, we follow authentic Japanese processes to prepare our handmade Minutes Fresh Sushi. From the size of slices taken from our Scottish sashimi grade salmon, to our slightly soured specialist sushi rice being the perfect bed for our fish or vegetables. We’re proud to take all the necessary extra steps to provide great quality sushi whilst doing our bit to be responsible in how we go about it. 


We don’t use any rice; we use sushi rice.

Rice is sushi, that’s why we use the same rice you’ll find in the UKs top sushi restaurants. Carefully milled in the Po Valley, Northern Italy. Mother nature’s rich Mediterranean sun melts the snow sitting high on the Alps giving the rice fields we source from everything they need to grow.  Our premium grade short grain rice is designed specifically for sushi – its texture and natural stickiness is perfect for sushi. 

 
Fresh fish daily from award-winning fisheries.  

We have the highest standards when sourcing our fresh fish suppliers. Whether it’s our 50-year-old Scottish Salmon farm or our cutting-edge 100% sustainable Dutch Yellowtail supplier, both are proud to have been accredited by the Aquaculture Stewardship Council (ASC) for making every step of their processes as sustainable as possible. 

Our Dutch Yellowtail are organically fed with the highest-grade antibiotic free feed, resulting in high levels of Omega 3. Our Scottish Salmon are nurtured in hatcheries on the banks of Loch Creran and use RAS technology to ensure the best growing conditions are provided. ","Restaurants & Bars",53198,2,"I ordered via the website",""
"thesushico.co.uk","The Sushi Co – Responsible box fresh sushi. 

At The Sushi Co. we follow the path less trodden to seek out the highest quality ingredients for our live sushi kitchens, without compromising the environment that they come from. 

Our dedicated team works with a small hand-picked and highly accredited group of suppliers who deliver vibrant, eye-catching and flavoursome ingredients to our kitchens daily.

Once our team takes hold of these fresh ingredients, we follow authentic Japanese processes to prepare our handmade Minutes Fresh Sushi. From the size of slices taken from our Scottish sashimi grade salmon, to our slightly soured specialist sushi rice being the perfect bed for our fish or vegetables. We’re proud to take all the necessary extra steps to provide great quality sushi whilst doing our bit to be responsible in how we go about it. 


We don’t use any rice; we use sushi rice.

Rice is sushi, that’s why we use the same rice you’ll find in the UKs top sushi restaurants. Carefully milled in the Po Valley, Northern Italy. Mother nature’s rich Mediterranean sun melts the snow sitting high on the Alps giving the rice fields we source from everything they need to grow.  Our premium grade short grain rice is designed specifically for sushi – its texture and natural stickiness is perfect for sushi. 

 
Fresh fish daily from award-winning fisheries.  

We have the highest standards when sourcing our fresh fish suppliers. Whether it’s our 50-year-old Scottish Salmon farm or our cutting-edge 100% sustainable Dutch Yellowtail supplier, both are proud to have been accredited by the Aquaculture Stewardship Council (ASC) for making every step of their processes as sustainable as possible. 

Our Dutch Yellowtail are organically fed with the highest-grade antibiotic free feed, resulting in high levels of Omega 3. Our Scottish Salmon are nurtured in hatcheries on the banks of Loch Creran and use RAS technology to ensure the best growing conditions are provided. ","Restaurants & Bars",53199,2,"Incomplete order arrived and in not presentable way",""
"thesushico.co.uk","The Sushi Co – Responsible box fresh sushi. 

At The Sushi Co. we follow the path less trodden to seek out the highest quality ingredients for our live sushi kitchens, without compromising the environment that they come from. 

Our dedicated team works with a small hand-picked and highly accredited group of suppliers who deliver vibrant, eye-catching and flavoursome ingredients to our kitchens daily.

Once our team takes hold of these fresh ingredients, we follow authentic Japanese processes to prepare our handmade Minutes Fresh Sushi. From the size of slices taken from our Scottish sashimi grade salmon, to our slightly soured specialist sushi rice being the perfect bed for our fish or vegetables. We’re proud to take all the necessary extra steps to provide great quality sushi whilst doing our bit to be responsible in how we go about it. 


We don’t use any rice; we use sushi rice.

Rice is sushi, that’s why we use the same rice you’ll find in the UKs top sushi restaurants. Carefully milled in the Po Valley, Northern Italy. Mother nature’s rich Mediterranean sun melts the snow sitting high on the Alps giving the rice fields we source from everything they need to grow.  Our premium grade short grain rice is designed specifically for sushi – its texture and natural stickiness is perfect for sushi. 

 
Fresh fish daily from award-winning fisheries.  

We have the highest standards when sourcing our fresh fish suppliers. Whether it’s our 50-year-old Scottish Salmon farm or our cutting-edge 100% sustainable Dutch Yellowtail supplier, both are proud to have been accredited by the Aquaculture Stewardship Council (ASC) for making every step of their processes as sustainable as possible. 

Our Dutch Yellowtail are organically fed with the highest-grade antibiotic free feed, resulting in high levels of Omega 3. Our Scottish Salmon are nurtured in hatcheries on the banks of Loch Creran and use RAS technology to ensure the best growing conditions are provided. ","Restaurants & Bars",53200,2,"Not great",""
"thesushico.co.uk","The Sushi Co – Responsible box fresh sushi. 

At The Sushi Co. we follow the path less trodden to seek out the highest quality ingredients for our live sushi kitchens, without compromising the environment that they come from. 

Our dedicated team works with a small hand-picked and highly accredited group of suppliers who deliver vibrant, eye-catching and flavoursome ingredients to our kitchens daily.

Once our team takes hold of these fresh ingredients, we follow authentic Japanese processes to prepare our handmade Minutes Fresh Sushi. From the size of slices taken from our Scottish sashimi grade salmon, to our slightly soured specialist sushi rice being the perfect bed for our fish or vegetables. We’re proud to take all the necessary extra steps to provide great quality sushi whilst doing our bit to be responsible in how we go about it. 


We don’t use any rice; we use sushi rice.

Rice is sushi, that’s why we use the same rice you’ll find in the UKs top sushi restaurants. Carefully milled in the Po Valley, Northern Italy. Mother nature’s rich Mediterranean sun melts the snow sitting high on the Alps giving the rice fields we source from everything they need to grow.  Our premium grade short grain rice is designed specifically for sushi – its texture and natural stickiness is perfect for sushi. 

 
Fresh fish daily from award-winning fisheries.  

We have the highest standards when sourcing our fresh fish suppliers. Whether it’s our 50-year-old Scottish Salmon farm or our cutting-edge 100% sustainable Dutch Yellowtail supplier, both are proud to have been accredited by the Aquaculture Stewardship Council (ASC) for making every step of their processes as sustainable as possible. 

Our Dutch Yellowtail are organically fed with the highest-grade antibiotic free feed, resulting in high levels of Omega 3. Our Scottish Salmon are nurtured in hatcheries on the banks of Loch Creran and use RAS technology to ensure the best growing conditions are provided. ","Restaurants & Bars",53201,2,"Unlucky",""
"thesushico.co.uk","The Sushi Co – Responsible box fresh sushi. 

At The Sushi Co. we follow the path less trodden to seek out the highest quality ingredients for our live sushi kitchens, without compromising the environment that they come from. 

Our dedicated team works with a small hand-picked and highly accredited group of suppliers who deliver vibrant, eye-catching and flavoursome ingredients to our kitchens daily.

Once our team takes hold of these fresh ingredients, we follow authentic Japanese processes to prepare our handmade Minutes Fresh Sushi. From the size of slices taken from our Scottish sashimi grade salmon, to our slightly soured specialist sushi rice being the perfect bed for our fish or vegetables. We’re proud to take all the necessary extra steps to provide great quality sushi whilst doing our bit to be responsible in how we go about it. 


We don’t use any rice; we use sushi rice.

Rice is sushi, that’s why we use the same rice you’ll find in the UKs top sushi restaurants. Carefully milled in the Po Valley, Northern Italy. Mother nature’s rich Mediterranean sun melts the snow sitting high on the Alps giving the rice fields we source from everything they need to grow.  Our premium grade short grain rice is designed specifically for sushi – its texture and natural stickiness is perfect for sushi. 

 
Fresh fish daily from award-winning fisheries.  

We have the highest standards when sourcing our fresh fish suppliers. Whether it’s our 50-year-old Scottish Salmon farm or our cutting-edge 100% sustainable Dutch Yellowtail supplier, both are proud to have been accredited by the Aquaculture Stewardship Council (ASC) for making every step of their processes as sustainable as possible. 

Our Dutch Yellowtail are organically fed with the highest-grade antibiotic free feed, resulting in high levels of Omega 3. Our Scottish Salmon are nurtured in hatcheries on the banks of Loch Creran and use RAS technology to ensure the best growing conditions are provided. ","Restaurants & Bars",53202,1,"next day i had severe food poisoning",""
"reishiplantkitchen.co.uk","Reishi Plant Based Kitchen resides upstairs in the popular public house ""The Lamb and Flag"" on the Tything, offering an innovative plant based dining experience. You will find our friendly team eagerly awaiting to invite you into the intimate restaurant where our experienced, well travelled kitchen team are busy creating an ethical menu featuring delicious global vegan cuisine to suit all dietary requirements. Our food where possible is local, organic, and above all else delicious.","Restaurants & Bars",53222,5,"Our Christmas lunch was delicious",""
"reishiplantkitchen.co.uk","Reishi Plant Based Kitchen resides upstairs in the popular public house ""The Lamb and Flag"" on the Tything, offering an innovative plant based dining experience. You will find our friendly team eagerly awaiting to invite you into the intimate restaurant where our experienced, well travelled kitchen team are busy creating an ethical menu featuring delicious global vegan cuisine to suit all dietary requirements. Our food where possible is local, organic, and above all else delicious.","Restaurants & Bars",53223,5,"Amazing vegan food",""
"reishiplantkitchen.co.uk","Reishi Plant Based Kitchen resides upstairs in the popular public house ""The Lamb and Flag"" on the Tything, offering an innovative plant based dining experience. You will find our friendly team eagerly awaiting to invite you into the intimate restaurant where our experienced, well travelled kitchen team are busy creating an ethical menu featuring delicious global vegan cuisine to suit all dietary requirements. Our food where possible is local, organic, and above all else delicious.","Restaurants & Bars",53224,5,"Fantastic food",""
"reishiplantkitchen.co.uk","Reishi Plant Based Kitchen resides upstairs in the popular public house ""The Lamb and Flag"" on the Tything, offering an innovative plant based dining experience. You will find our friendly team eagerly awaiting to invite you into the intimate restaurant where our experienced, well travelled kitchen team are busy creating an ethical menu featuring delicious global vegan cuisine to suit all dietary requirements. Our food where possible is local, organic, and above all else delicious.","Restaurants & Bars",53225,5,"Good variety of food on offer for the…",""
"reishiplantkitchen.co.uk","Reishi Plant Based Kitchen resides upstairs in the popular public house ""The Lamb and Flag"" on the Tything, offering an innovative plant based dining experience. You will find our friendly team eagerly awaiting to invite you into the intimate restaurant where our experienced, well travelled kitchen team are busy creating an ethical menu featuring delicious global vegan cuisine to suit all dietary requirements. Our food where possible is local, organic, and above all else delicious.","Restaurants & Bars",53226,5,"Well what a surprise",""
"reishiplantkitchen.co.uk","Reishi Plant Based Kitchen resides upstairs in the popular public house ""The Lamb and Flag"" on the Tything, offering an innovative plant based dining experience. You will find our friendly team eagerly awaiting to invite you into the intimate restaurant where our experienced, well travelled kitchen team are busy creating an ethical menu featuring delicious global vegan cuisine to suit all dietary requirements. Our food where possible is local, organic, and above all else delicious.","Restaurants & Bars",53227,5,"Fab food, super evening",""
"reishiplantkitchen.co.uk","Reishi Plant Based Kitchen resides upstairs in the popular public house ""The Lamb and Flag"" on the Tything, offering an innovative plant based dining experience. You will find our friendly team eagerly awaiting to invite you into the intimate restaurant where our experienced, well travelled kitchen team are busy creating an ethical menu featuring delicious global vegan cuisine to suit all dietary requirements. Our food where possible is local, organic, and above all else delicious.","Restaurants & Bars",53228,5,"SPOT ON",""
"reishiplantkitchen.co.uk","Reishi Plant Based Kitchen resides upstairs in the popular public house ""The Lamb and Flag"" on the Tything, offering an innovative plant based dining experience. You will find our friendly team eagerly awaiting to invite you into the intimate restaurant where our experienced, well travelled kitchen team are busy creating an ethical menu featuring delicious global vegan cuisine to suit all dietary requirements. Our food where possible is local, organic, and above all else delicious.","Restaurants & Bars",53229,5,"Delicious vegan food in wonderful…",""
"reishiplantkitchen.co.uk","Reishi Plant Based Kitchen resides upstairs in the popular public house ""The Lamb and Flag"" on the Tything, offering an innovative plant based dining experience. You will find our friendly team eagerly awaiting to invite you into the intimate restaurant where our experienced, well travelled kitchen team are busy creating an ethical menu featuring delicious global vegan cuisine to suit all dietary requirements. Our food where possible is local, organic, and above all else delicious.","Restaurants & Bars",53230,5,"A gem in central Worcester",""
"reishiplantkitchen.co.uk","Reishi Plant Based Kitchen resides upstairs in the popular public house ""The Lamb and Flag"" on the Tything, offering an innovative plant based dining experience. You will find our friendly team eagerly awaiting to invite you into the intimate restaurant where our experienced, well travelled kitchen team are busy creating an ethical menu featuring delicious global vegan cuisine to suit all dietary requirements. Our food where possible is local, organic, and above all else delicious.","Restaurants & Bars",53231,5,"Finding Reishi was a delight",""
"reishiplantkitchen.co.uk","Reishi Plant Based Kitchen resides upstairs in the popular public house ""The Lamb and Flag"" on the Tything, offering an innovative plant based dining experience. You will find our friendly team eagerly awaiting to invite you into the intimate restaurant where our experienced, well travelled kitchen team are busy creating an ethical menu featuring delicious global vegan cuisine to suit all dietary requirements. Our food where possible is local, organic, and above all else delicious.","Restaurants & Bars",53242,4,"Great Vegan Eatery",""
"reishiplantkitchen.co.uk","Reishi Plant Based Kitchen resides upstairs in the popular public house ""The Lamb and Flag"" on the Tything, offering an innovative plant based dining experience. You will find our friendly team eagerly awaiting to invite you into the intimate restaurant where our experienced, well travelled kitchen team are busy creating an ethical menu featuring delicious global vegan cuisine to suit all dietary requirements. Our food where possible is local, organic, and above all else delicious.","Restaurants & Bars",53243,4,"Beautiful food and excellent staff",""
"reishiplantkitchen.co.uk","Reishi Plant Based Kitchen resides upstairs in the popular public house ""The Lamb and Flag"" on the Tything, offering an innovative plant based dining experience. You will find our friendly team eagerly awaiting to invite you into the intimate restaurant where our experienced, well travelled kitchen team are busy creating an ethical menu featuring delicious global vegan cuisine to suit all dietary requirements. Our food where possible is local, organic, and above all else delicious.","Restaurants & Bars",53244,4,"Staff very friendly",""
"reishiplantkitchen.co.uk","Reishi Plant Based Kitchen resides upstairs in the popular public house ""The Lamb and Flag"" on the Tything, offering an innovative plant based dining experience. You will find our friendly team eagerly awaiting to invite you into the intimate restaurant where our experienced, well travelled kitchen team are busy creating an ethical menu featuring delicious global vegan cuisine to suit all dietary requirements. Our food where possible is local, organic, and above all else delicious.","Restaurants & Bars",53245,4,"Oh my gosh !!",""
"reishiplantkitchen.co.uk","Reishi Plant Based Kitchen resides upstairs in the popular public house ""The Lamb and Flag"" on the Tything, offering an innovative plant based dining experience. You will find our friendly team eagerly awaiting to invite you into the intimate restaurant where our experienced, well travelled kitchen team are busy creating an ethical menu featuring delicious global vegan cuisine to suit all dietary requirements. Our food where possible is local, organic, and above all else delicious.","Restaurants & Bars",53246,4,"Amazing service and really yummy food!",""
"reishiplantkitchen.co.uk","Reishi Plant Based Kitchen resides upstairs in the popular public house ""The Lamb and Flag"" on the Tything, offering an innovative plant based dining experience. You will find our friendly team eagerly awaiting to invite you into the intimate restaurant where our experienced, well travelled kitchen team are busy creating an ethical menu featuring delicious global vegan cuisine to suit all dietary requirements. Our food where possible is local, organic, and above all else delicious.","Restaurants & Bars",53247,4,"Food was excellent and reasonably…",""
"reishiplantkitchen.co.uk","Reishi Plant Based Kitchen resides upstairs in the popular public house ""The Lamb and Flag"" on the Tything, offering an innovative plant based dining experience. You will find our friendly team eagerly awaiting to invite you into the intimate restaurant where our experienced, well travelled kitchen team are busy creating an ethical menu featuring delicious global vegan cuisine to suit all dietary requirements. Our food where possible is local, organic, and above all else delicious.","Restaurants & Bars",53248,4,"Good food",""
"reishiplantkitchen.co.uk","Reishi Plant Based Kitchen resides upstairs in the popular public house ""The Lamb and Flag"" on the Tything, offering an innovative plant based dining experience. You will find our friendly team eagerly awaiting to invite you into the intimate restaurant where our experienced, well travelled kitchen team are busy creating an ethical menu featuring delicious global vegan cuisine to suit all dietary requirements. Our food where possible is local, organic, and above all else delicious.","Restaurants & Bars",53249,4,"The steak is a brisket",""
"reishiplantkitchen.co.uk","Reishi Plant Based Kitchen resides upstairs in the popular public house ""The Lamb and Flag"" on the Tything, offering an innovative plant based dining experience. You will find our friendly team eagerly awaiting to invite you into the intimate restaurant where our experienced, well travelled kitchen team are busy creating an ethical menu featuring delicious global vegan cuisine to suit all dietary requirements. Our food where possible is local, organic, and above all else delicious.","Restaurants & Bars",53250,3,"Starters were good but the main meal…",""
"reishiplantkitchen.co.uk","Reishi Plant Based Kitchen resides upstairs in the popular public house ""The Lamb and Flag"" on the Tything, offering an innovative plant based dining experience. You will find our friendly team eagerly awaiting to invite you into the intimate restaurant where our experienced, well travelled kitchen team are busy creating an ethical menu featuring delicious global vegan cuisine to suit all dietary requirements. Our food where possible is local, organic, and above all else delicious.","Restaurants & Bars",53251,3,"Was a little disappointed ...service as…",""
"reishiplantkitchen.co.uk","Reishi Plant Based Kitchen resides upstairs in the popular public house ""The Lamb and Flag"" on the Tything, offering an innovative plant based dining experience. You will find our friendly team eagerly awaiting to invite you into the intimate restaurant where our experienced, well travelled kitchen team are busy creating an ethical menu featuring delicious global vegan cuisine to suit all dietary requirements. Our food where possible is local, organic, and above all else delicious.","Restaurants & Bars",53252,2,"Disappointing ",""
"reishiplantkitchen.co.uk","Reishi Plant Based Kitchen resides upstairs in the popular public house ""The Lamb and Flag"" on the Tything, offering an innovative plant based dining experience. You will find our friendly team eagerly awaiting to invite you into the intimate restaurant where our experienced, well travelled kitchen team are busy creating an ethical menu featuring delicious global vegan cuisine to suit all dietary requirements. Our food where possible is local, organic, and above all else delicious.","Restaurants & Bars",53253,2,"Underwhelming ",""
"reishiplantkitchen.co.uk","Reishi Plant Based Kitchen resides upstairs in the popular public house ""The Lamb and Flag"" on the Tything, offering an innovative plant based dining experience. You will find our friendly team eagerly awaiting to invite you into the intimate restaurant where our experienced, well travelled kitchen team are busy creating an ethical menu featuring delicious global vegan cuisine to suit all dietary requirements. Our food where possible is local, organic, and above all else delicious.","Restaurants & Bars",53254,2,"Food was bland and overpriced sadky",""
